tree_index	02a_SPIKE_21563_25384_human_WTD_187_171_.Nmasked.rate__deer	02a_SPIKE_21563_25384_human_WTD_187_171_.Nmasked.rate__human	02a_SPIKE_21563_25384_human_WTD_187_171_.Nmasked.rate__n_deer_branches	02b_ORF1a_266_13468_human_WTD_187_171_.Nmasked.rate__deer	02b_ORF1a_266_13468_human_WTD_187_171_.Nmasked.rate__human	02b_ORF1a_266_13468_human_WTD_187_171_.Nmasked.rate__n_deer_branches	02c_ORF1b_13468_21555_human_WTD_187_171_.Nmasked.rate__deer	02c_ORF1b_13468_21555_human_WTD_187_171_.Nmasked.rate__human	02c_ORF1b_13468_21555_human_WTD_187_171_.Nmasked.rate__n_deer_branches	02d_N_28274_29533_human_WTD_187_171_.Nmasked.rate__deer	02d_N_28274_29533_human_WTD_187_171_.Nmasked.rate__human	02d_N_28274_29533_human_WTD_187_171_.Nmasked.rate__n_deer_branches
1000	0.0011191554052863062	0.000925743441737216	107	0.0008463268341959361	0.0006422875183631393	107	0.00057939681708015	0.0004254936588096929	107	0.0009534268003781326	0.0009689295943409948	107
1010	0.0010063426382476387	0.0009196385284141371	107	0.0009372818946084652	0.0007688321606369416	107	0.0005732831769565404	0.00039908823945116086	107	0.0008012110857624886	0.0008057348881904721	107
1020	0.0007971718018395504	0.0006862022154953659	107	0.0009644540572964797	0.0006123099165088125	107	0.0006054100897302714	0.000475353518956165	107	0.0009726766766151091	0.0009502819374613726	107
1030	0.0007855488695312948	0.0007851910417784148	107	0.0008767822161108925	0.0005911344049641375	107	0.0006583190700376525	0.00043004387117618443	107	0.0006838041487909012	0.0007495449814706938	107
1040	0.0009147690202926887	0.0008422236703322525	107	0.0008828899668274894	0.0007337545447338312	107	0.0004929179597652993	0.00044942099710377055	107	0.0008000992261696627	0.0012584604214454236	107
1050	0.0010758211678091117	0.000983643972034168	107	0.0010202588810165213	0.0007562508322054655	107	0.0006214516172692891	0.0004554277843511604	107	0.0011128488343312226	0.0010271922039695883	107
1060	0.000847936549180653	0.0007597990893332513	107	0.0009783666411683925	0.0005196728352430519	107	0.0005276781670476435	0.00035199754987556	107	0.0011001976221350464	0.0012108171178079696	107
1070	0.0008605900510388873	0.0007917327196135995	107	0.0011338707913481653	0.000748743787365032	107	0.0005846346408624023	0.0005137866998418667	107	0.0008706290856738333	0.0010949424740685648	107
1080	0.0009634626574282236	0.001065778828734589	107	0.0010278605240636712	0.0007444567050574955	107	0.000627949660659169	0.0005299969637265413	107	0.0009321714789229759	0.0011692189629914243	107
1090	0.001046901170673004	0.0009154114029420833	107	0.0009822016842095803	0.0007449424577999533	107	0.0007106220259873617	0.00045104416229488326	107	0.0007056893953503434	0.0007986722069512142	107
1100	0.0009690142604985734	0.0009052077312619226	107	0.0008269114235851396	0.0006681410018606436	107	0.0006158688072984193	0.0004822853370517058	107	0.0008146516635509288	0.0010153769368014868	107
1110	0.0009033854524680085	0.0008146340356294852	107	0.0010417833472479384	0.0006927901972702865	107	0.0005090287152558223	0.00044241391411217165	107	0.001156109793395025	0.001212987353182549	107
1120	0.0009122698305866435	0.0007391975123151833	107	0.0009364308030095043	0.0006780761453896614	107	0.0005638648502798757	0.00046715382160783547	107	0.0009650449162159765	0.0011366131266524512	107
1130	0.0010727654779298513	0.0009390986820988035	107	0.0009619163071747629	0.0005928401499073816	107	0.000580884212899144	0.0005512089326563113	107	0.0007216771976257127	0.000988821171529259	107
1140	0.0009100597139285307	0.0008860134943330026	107	0.0009366250314513801	0.0006113191707547251	107	0.0006503503418096434	0.00042364675659749767	107	0.0010543149902646483	0.0011688193874379777	107
1150	0.0012182465135591538	0.0010382279325626682	107	0.0009180996908712346	0.0006797883209464309	107	0.0006484234546341884	0.0003999474082662146	107	0.000866789030875048	0.000887729080053094	107
1160	0.0007589513443544554	0.0007752183257474016	107	0.0010281503293844436	0.0005833250812014487	107	0.00052287023439808	0.000354757668795751	107	0.0009628292993785827	0.0009371856819284139	107
1170	0.0009501486297810901	0.000774322975982377	107	0.001041775154724949	0.0006718339348212812	107	0.0006238612889251679	0.0004862885205977766	107	0.001283045046304724	0.000980608981649998	107
1180	0.0008919436952230449	0.0008627079315541224	107	0.0009185100556010858	0.0007602454617853205	107	0.0005058492879562193	0.0003769445267765941	107	0.0007402920330655273	0.0007438441453453401	107
1190	0.0008284008902947401	0.0008009879762721868	107	0.0008510823947232163	0.0006289451004227294	107	0.000741581718158568	0.0006124608296120167	107	0.0007039470145700525	0.0006689610012791252	107
1200	0.001149132090750827	0.0010275704558324618	107	0.0011898649797394529	0.0007150278125391283	107	0.0006261770183247241	0.00044469703904308655	107	0.0010649946382744306	0.00126685569339906	107
1210	0.0010230030883274022	0.0009426095403994789	107	0.0011246039365103645	0.0008060492469401396	107	0.0006287991753730791	0.0004576925239476046	107	0.0007650169083841448	0.0007497363129706832	107
1220	0.0008611766268987483	0.0007973604535479895	107	0.0010497341154709645	0.0006941236152548342	107	0.0006208791189047729	0.0004026728741462448	107	0.0009034671383800187	0.001273362682677058	107
1230	0.0007370304302060166	0.0006932597280372658	107	0.0008358262306257261	0.0006913332217654573	107	0.0005397201872176174	0.0004206101778974279	107	0.0012451080489545388	0.0021701427160294657	107
1240	0.0007996508038376448	0.0007503751598130307	107	0.000912742074707501	0.0006449265534333176	107	0.0005440675800184427	0.0004769786906233633	107	0.0009371368082756966	0.0009531400646961197	107
1250	0.0007236706773606355	0.0006040929382012248	106	0.00082713204279293	0.0006215034584608275	106	0.0005837776290389939	0.00042739205654816146	106	0.0011360617624107594	0.0010633794793209505	106
1260	0.0007811703764422718	0.0007598123328358159	107	0.0008985871888106979	0.0006623394095468375	107	0.0005591918896464734	0.0004983754730401428	107	0.0007702678399518087	0.000856663147844843	107
1270	0.000890275527024897	0.0008535983684949218	107	0.0008052422203343108	0.0006108744278762893	107	0.0006154915886258059	0.0004494781580773153	107	0.0007790773394431193	0.000866386708621514	107
1280	0.0008704328628803813	0.0008705490870968505	107	0.0009715254197810969	0.0006841532058401454	107	0.00047370390163689504	0.00041493399727925894	107	0.0009435930412943149	0.001122662419698468	107
1290	0.0009448931389746138	0.0008453066057022712	107	0.0008029186175018237	0.0005289170899116003	107	0.0006116362503063598	0.00039726327882589826	107	0.0007395656406222465	0.0006848339502587141	107
1300	0.0008974108800356413	0.0007928929395889552	106	0.0010655725843716653	0.000627773633049729	106	0.0006988892766615768	0.0005340919250221931	106	0.0007925459031566382	0.0007688680606160023	106
1310	0.0008741353455816542	0.0008780366323033607	107	0.0010148261650595111	0.0006308807842788271	107	0.0005207499347363084	0.0004386059380186232	107	0.0011342251362130083	0.0009775127206748738	107
1320	0.0007488349661223942	0.0007406083672909142	107	0.0010407163142842322	0.000771077407589746	107	0.0006882916775723748	0.0004980732536136233	107	0.0009931728855398147	0.0009656147986397259	107
1330	0.0010217829270652754	0.0009229207358499683	107	0.0010185152669992506	0.0008448755546687905	107	0.0007060199234330919	0.0005524015756593816	107	0.0009805780928243497	0.0019315164427394205	107
1340	0.0010089093160202476	0.0008251407247919476	107	0.0009652926726056097	0.0007442576590891727	107	0.0007737151994834695	0.0004580042713447111	107	0.0007994629784368592	0.0007661639666391877	107
1350	0.0008527850282035335	0.0008592189859314564	107	0.0009411677170168786	0.0006248849029799425	107	0.000583958573304549	0.0003812741182593092	107	0.0006981246681622661	0.0007217074230696445	107
1360	0.0010093322312494124	0.000946767117142692	107	0.0009653657847070814	0.0006631092429000013	107	0.0006389309712890006	0.0004885701135480786	107	0.0009949719179423368	0.0011502771574707761	107
1370	0.0009324659441826832	0.0007957719753401628	107	0.000998429969939458	0.0006845292534484006	107	0.000502841268188519	0.0004594763743906351	107	0.0009817769965155116	0.0011077036544386454	107
1380	0.0010220478406159715	0.0008403386082000661	107	0.0008789841125821993	0.0005634628293812934	107	0.0005775209602326969	0.0004363994953894506	107	0.00102522025681271	0.0008799013241628931	107
1390	0.0011663936643836663	0.0009536812508800811	107	0.0010320547398118853	0.0008056762473637347	107	0.000877010389789883	0.0006102465895426251	107	0.0011024834628333632	0.0009654934704385956	107
1400	0.0008209707802852527	0.0008120205759777783	107	0.0011113372066348342	0.0007295433061684736	107	0.000684747136365564	0.00046829477212764135	107	0.0007710428385617044	0.0007479370105371936	107
1410	0.0009972553400982235	0.0009032235112761932	107	0.0009334908138883221	0.0007804245565458417	107	0.0005539667408815426	0.0004579309778590901	107	0.0008301922630164693	0.0008837637907201981	107
1420	0.0009508829979855731	0.0008800375524517816	107	0.0009505825481622094	0.0006953952155407465	107	0.0005805990153246237	0.0004903470704198744	107	0.0007489172453081251	0.0008376598544385513	107
1430	0.0009844333422881271	0.0009403159418798925	107	0.000879397026011663	0.0005865211559083333	107	0.0006183888863721491	0.000477956725769185	107	0.0008348273358167529	0.0008946213413301594	107
1440	0.0008597901270352157	0.0009483003543265494	107	0.001085018011477238	0.0007970166333236989	107	0.0005841124127514387	0.0005300045502911635	107	0.0007860850464455441	0.000902468626181112	107
1450	0.0008061041979075256	0.0007650994491888703	107	0.0010200346559382655	0.0007503525581394598	107	0.0005732952553130466	0.0004502007332018121	107	0.0008106666334695556	0.000762095554616542	107
1460	0.0008931411773483493	0.00083437810960203	107	0.0010140242793666822	0.0007257759790581035	107	0.0006596889095202808	0.0005012435967237907	107	0.0010545175290463812	0.0009384536083688999	107
1470	0.0010144844310571194	0.0008690725720274492	107	0.0009028296169406374	0.0006436264371236038	107	0.0005881954372070248	0.0004255127067793814	107	0.0006443049929751757	0.000996963357235814	107
1480	0.0009976319613328663	0.0009729933602703284	107	0.0009850398962315354	0.0006419969768452917	107	0.000641829294912174	0.000579129335774806	107	0.000887285276423756	0.0012246706621074559	107
1490	0.0007624252338806093	0.0007043160782170087	107	0.000914547248513947	0.0006964654581704709	107	0.0005844333220665835	0.0005042457763476667	107	0.0008601449689081937	0.000805094104247929	107
1500	0.0009454995162500703	0.0008501303243701498	106	0.0010076507589600403	0.0007710417953807748	106	0.000578919026860818	0.0004509825194033457	106	0.0008853608131915098	0.0010062580475681182	106
1510	0.0008031135702894073	0.0007966848193393135	107	0.000916438300328057	0.0007166864551725823	107	0.0005517907220773355	0.0004573773611454181	107	0.0010534710055259899	0.0011443729603294384	107
1520	0.000868060056696309	0.0006691160971087921	107	0.0008399980425446745	0.0006675174793073453	107	0.000771788053104588	0.0005098630460760988	107	0.0010561348807735815	0.000962526240277422	107
1530	0.0010460710869476682	0.0009587503847926357	107	0.0009664374274289366	0.0007502174244123089	107	0.0007110198752242158	0.00047590831977354796	107	0.0005763608834951215	0.0006751645820552103	107
1540	0.0009496019889677951	0.0008989951769546132	107	0.0008669441363268516	0.0007008209908337715	107	0.0005588275266690526	0.00042601969913688703	107	0.000853442506517198	0.0009191917792385197	107
1550	0.0009271995282889195	0.0008670844178002526	107	0.0010736890239589289	0.0007989806617266797	107	0.0006570028193995707	0.0005376023691258294	107	0.0008618768182647044	0.0008076921748437937	107
1560	0.0008049223833734954	0.0007821776572838865	107	0.0009718581585144629	0.0006971064795140577	107	0.0005691036500924911	0.0005019717431616876	107	0.0006645613603232371	0.0009256542121016082	107
1570	0.0008581454383494344	0.0008711761551512869	107	0.0010146930821770084	0.0007188012925203304	107	0.0007177003628989539	0.0005574763998171949	107	0.0011504807375888936	0.0008239092020421253	107
1580	0.0008813216375249501	0.0008120781681826158	107	0.0009664265852588852	0.0007536742002842128	107	0.000650068974227147	0.0005286819054915641	107	0.0008309425005112031	0.0009088935860807841	107
1590	0.0009802781271087656	0.0007434979744493158	107	0.0009721228475855078	0.0008069701466886605	107	0.0005198678353929651	0.00044194719216262407	107	0.0007735798941884454	0.0010443875732245153	107
1600	0.000926625889606705	0.0008374176146028129	107	0.0009928131833133237	0.0007193482162920776	107	0.0007279605744084259	0.00046829694975644096	107	0.0010488202883243204	0.0009222322430579309	107
1610	0.0008215893119087729	0.0007640515248816506	107	0.0011207371088275849	0.000793033762301395	107	0.0006597891182748055	0.0005116139536956586	107	0.0009691087908973609	0.0010427355750756457	107
1620	0.0008610686464568562	0.000865407171933829	107	0.0010089685475829751	0.0007681346979494432	107	0.0007134755235331537	0.0004674802348999655	107	0.00100222175748156	0.0011392672899906563	107
1630	0.000970978047650463	0.0008207461888328478	107	0.0009936754652878832	0.0008370462459056485	107	0.0005724084802284469	0.0005290359744591253	107	0.000770322763032016	0.000766390476124567	107
1640	0.000980099802651893	0.0009887391983038928	107	0.0007965409111729062	0.0006819354735204723	107	0.0006813405767606618	0.0005458346812370024	107	0.0009969177020443386	0.0010058473876782357	107
1650	0.000864017015216394	0.0008577592010851932	106	0.0008821641417769902	0.0008174006202465845	106	0.000635526252350573	0.0005551523719785161	106	0.0010084865375926111	0.0010093029737854838	106
1660	0.001058313910410693	0.0009305014260461878	107	0.0009200084594354838	0.0007557827601769153	107	0.0004949521613376084	0.00039968031857834813	107	0.0008330774696715534	0.0008659829391949047	107
1670	0.000795969872289692	0.0006551886845543251	107	0.0009668554657696411	0.000688719778335567	107	0.0005604144740191529	0.0004922427057934952	107	0.0008126571061206534	0.0008045343472836833	107
1680	0.0008832322571332356	0.0007199218618695011	107	0.0009051160811505455	0.0005699134897684216	107	0.0007067181061193084	0.00043995480692481174	107	0.0005718531524375443	0.0006036389474100809	107
1690	0.0008048010929447602	0.00069739356875118	107	0.0009320013009748128	0.0005889191911326166	107	0.0005087724203971626	0.00040634789824511353	107	0.00047774552889892	0.0004995623242509062	107
1700	0.000921311978337296	0.0009168936741056139	106	0.0009216477047530503	0.0006429191902429593	106	0.0005408970234260517	0.000451721008180723	106	0.0010427975097829268	0.0010203257075298666	106
1710	0.0007840399881725301	0.0007273681631783006	107	0.000730649779454306	0.0006068631894084093	107	0.000682564356688598	0.0004781155425014891	107	0.0006074468410728722	0.00047380075322054824	107
1720	0.0008386973286117857	0.0008449554657263215	107	0.0010423252850246107	0.0006975253362189853	107	0.0006467020884062445	0.0004790102483181809	107	0.0009158088374486121	0.000855700746143119	107
1730	0.0009868626079716253	0.0009305267614197419	107	0.001061134030670225	0.0007087547756402273	107	0.0005602455505536182	0.00040596424344302396	107	0.0007446348380193657	0.0008902053873489325	107
1740	0.0010327982373520353	0.0010995568747925193	107	0.0010836319041981862	0.000741761366017702	107	0.0007157439617507242	0.0005958043477786744	107	0.0009602098310117113	0.0009358759734122464	107
1750	0.0011055788042278964	0.0009668634507760931	107	0.0008979276143907878	0.0006600667552124769	107	0.0008416883669033824	0.00047961832643359404	107	0.0008692784957904621	0.0009055253932465319	107
1760	0.0008785768265617242	0.0008774754424068036	107	0.0010468645980520248	0.0008183193910377304	107	0.0006503013126064981	0.0004139904604733904	107	0.0007856801909658028	0.0007501579405112246	107
1770	0.001386206999518595	0.0010848420921234394	107	0.0011012326502688428	0.0007614658792430501	107	0.0006650041698810146	0.00046940643743905987	107	0.0010664253043165442	0.0009327826473637733	107
1780	0.0008367460264389638	0.000908698045328783	107	0.0008548452057283892	0.0006340970359103476	107	0.0006097222682599377	0.00046317728977825115	107	0.0007266391322593766	0.0007767247244497835	107
1790	0.0009050558677803772	0.0006883101247131837	107	0.0008041309749798884	0.0006843440787549558	107	0.0005805202676890138	0.00045232003967449674	107	0.0009945505963696061	0.000985679456497861	107
1800	0.0008306838405770366	0.0008213645638458588	107	0.0008881496736779541	0.0006590299334670036	107	0.000542182539404292	0.00043063109382361864	107	0.0011823971486739462	0.0007317660884536885	107
1810	0.000896079541421097	0.0007785720753264322	107	0.001023094427980545	0.0007519724109362143	107	0.0005448797738272008	0.0004266964704244259	107	0.0007488760444700783	0.0011129175952931548	107
1820	0.0009129568775563041	0.0009547918226461968	107	0.0008984607206387541	0.0008013101597045415	107	0.0004939672474133852	0.0003971248256602714	107	0.000860922058080236	0.0009389884472419036	107
1830	0.0009004708696215022	0.0008364551834188944	107	0.0009020137424910603	0.0006552726376655212	107	0.0005371534320290396	0.0004545391139512223	107	0.0009380324722728881	0.0010173881737355563	107
1840	0.0008944959521638507	0.0007898904892521459	107	0.0009544488771870355	0.000684464565729411	107	0.000682732815017977	0.000499026292630564	107	0.0007399976340835252	0.0007667753118796176	107
1850	0.0009762951894619112	0.0008424472444167713	107	0.0009064939105120223	0.0006561084746252119	107	0.0006983630797313755	0.00046135623303007186	107	0.000851103597149638	0.0007458469601299517	107
1860	0.0009674776419687498	0.0009688322224776279	107	0.0009216891435193662	0.0006257434975253445	107	0.0006141561939367042	0.00047644607409645944	107	0.0007681211586330703	0.0008047303363973876	107
1870	0.0008661989815118771	0.0008106223512512379	107	0.0009450635287318122	0.000665191388556183	107	0.0005621039984832496	0.00048390237958599033	107	0.0009825716101529778	0.0007934977535221369	107
1880	0.0008964303596593388	0.0008910222050117397	107	0.0009035945118957346	0.000621387196617379	107	0.0005500030046609669	0.0005522795922379766	107	0.0010067410714659024	0.0008486642419225281	107
1890	0.0009887707234008628	0.0008492490992291676	107	0.0008881711285970531	0.000643953011457839	107	0.0005734090331279872	0.00043776576186592615	107	0.0009403216364204471	0.0009476659641613445	107
1900	0.0010628809820499368	0.000990275145890204	107	0.000848600077670837	0.0006328161683042565	107	0.0007012930866108067	0.0005598985319771636	107	0.0008333687449317715	0.0011895930402097481	107
1910	0.0008896215863452597	0.0008284316595187342	107	0.0008493406936709197	0.0005671562934690917	107	0.0006029209929127702	0.0004182355999900206	107	0.0007454657333308454	0.000707348500829807	107
1920	0.0011528201054938749	0.0009764875368317086	107	0.0008914653567800346	0.0006619345212943517	107	0.0006276544309884117	0.0003769681729047157	107	0.0011498092904810566	0.0010375273236201802	107
1930	0.0007120020949053726	0.0007398476493475201	107	0.0008335452013065583	0.0006314564167151724	107	0.000511268081520937	0.00037508713926234484	107	0.001505886846502404	0.0008211395834514233	107
1940	0.0009232933740058904	0.0008285550660992058	107	0.0009597939068657306	0.0006765318660425791	107	0.0005966157948123973	0.00043800359397989675	107	0.0007984933276720438	0.000910120600652752	107
1950	0.0008267566124127799	0.0007224255905908426	107	0.0008859929609974808	0.0006461457440241978	107	0.0005302930612216855	0.0004117999155395281	107	0.000881087792066577	0.0008243159564137889	107
1960	0.0009234163053908901	0.0008391305070907043	107	0.0009521844151059045	0.0006493189771652352	107	0.0006304816002035024	0.0005036508481780818	107	0.0009134439964471186	0.001884485209220419	107
1970	0.0009060463975621365	0.0008861157419189211	107	0.0010668693287538573	0.00071145462498098	107	0.0005107911652822545	0.00042135200262981417	107	0.0008239353102122151	0.0010756341049264534	107
1980	0.0009002549654701116	0.0009337269900660397	107	0.0009423693484346115	0.0007060214832159222	107	0.00048420551792461116	0.00038527213960291146	107	0.0011949148702160644	0.0009933576661781342	107
1990	0.001057953725776976	0.0010294284429634146	107	0.001007096013760569	0.0007096697780398528	107	0.0006749150180874032	0.0005765899368160419	107	0.0011007791405731394	0.001028193886352352	107
2000	0.0009453478808017662	0.0008400678861691059	107	0.0009446599284067	0.0007324976805240635	107	0.0005661555251108805	0.0004875725936503879	107	0.0007695093945336936	0.0007115842575130968	107
2010	0.0010876572426771237	0.0008821167851928426	107	0.0010801439945409754	0.0007340689870968537	107	0.0004913510180965034	0.00042001902243397367	107	0.0005415800281195457	0.000496267516434134	107
2020	0.0009752334327726397	0.0009044962966517996	107	0.0009250635335776486	0.0006400359858959424	107	0.0006398729568827616	0.00042047374147476026	107	0.0007851359091772188	0.0008852093693527091	107
2030	0.0010086807832279461	0.0009574022780006295	107	0.0008712025452307249	0.0006217133501819723	107	0.000671828997567426	0.00046963871282694274	107	0.0007453274390114489	0.0007094327815138004	107
2040	0.000890913599220787	0.0008122000229814809	107	0.0009074258375910264	0.0005702076938325847	107	0.000565805635143846	0.00042783078296235644	107	0.0007674862831925223	0.0007630545177521893	107
2050	0.0011623811655178755	0.0008308271220601292	107	0.0010402520362383441	0.0006864207409789628	107	0.0005744222745984496	0.00040454334811658373	107	0.0007740114252625194	0.0011743289211394888	107
2060	0.0008755323175338452	0.0008210297075334472	107	0.000905186709094927	0.0006942541358100824	107	0.0005877090887943534	0.00048387924757397276	107	0.0012211406720266818	0.001163300864139361	107
2070	0.0008752610568585724	0.0009256179244689209	107	0.0007589488668419904	0.0006667467726038176	107	0.0005600403324634247	0.00047160214203414817	107	0.0006564626299054016	0.0008253426836097022	107
2080	0.0006711198894193632	0.0005989216720628631	107	0.0009769059040610924	0.000712170285676434	107	0.0006392172752539545	0.00045926326169719176	107	0.0006329241277143951	0.0010898330582061514	107
2090	0.0009248443404853294	0.0009270359187448858	107	0.001136584872844658	0.0006912826511044822	107	0.0005604799601863782	0.0005366974709353871	107	0.001244945836104097	0.001364067762077695	107
2100	0.0008902776546998452	0.0008960001861406518	107	0.0009063259737763659	0.0006824790088936755	107	0.0005304958290371015	0.00046302776708141566	107	0.0010972448961319432	0.001051734887504068	107
2110	0.0009418842836395194	0.0008326649858021112	107	0.0009269269322985074	0.000693951433786268	107	0.0006345723597447493	0.0005187385630739198	107	0.0007327827879745294	0.0011557573070152985	107
2120	0.0008248426797142095	0.0007553679148439446	107	0.0008810909849946624	0.000593685316284452	107	0.0005629558243816354	0.0004372741678327644	107	0.0007483848437895878	0.000746862404999735	107
2130	0.0010075830483849324	0.0010099157705312082	107	0.0008233468319052372	0.0005935929976417049	107	0.0005632454715433487	0.00044752048629081515	107	0.0007428530752054416	0.0008535493690150088	107
2140	0.0009451261859206291	0.000721427151577073	107	0.0009307283368850545	0.0005731580863541925	107	0.0005533312093256134	0.00034979711725129786	107	0.000902361936864263	0.0010081829052661449	107
2150	0.0008580453630718472	0.000784120319089917	107	0.0009370998380082923	0.0005486216663050825	107	0.0004686209670513466	0.00042393740316172654	107	0.0009631624988351606	0.000906807958847571	107
2160	0.000869947471477324	0.0007617680766515491	107	0.0008133853043672955	0.0006463760784077921	107	0.0006053297674475685	0.00047283209412185876	107	0.0010936146040823917	0.001090889205249101	107
2170	0.0007323841481098947	0.0007022678489237373	107	0.0008388930973425638	0.000540276903581188	107	0.00047536226517505385	0.0003768333425852793	107	0.0008255365382092221	0.0009133994064680986	107
2180	0.0007647124427599089	0.0006846815869833052	107	0.0009279977108050311	0.0006123561330520704	107	0.00038929181522800045	0.00035403710644885616	107	0.0007336865064909175	0.0007144944879529116	107
2190	0.0009640630069681953	0.0009430579714207558	107	0.0009988784786495709	0.0007351434335868066	107	0.0005643289921345363	0.0004824491743021142	107	0.0010422074082152557	0.0009962302776260839	107
2200	0.0009613309990684461	0.0006697089745547443	107	0.0008373060357130977	0.0006662202033346042	107	0.0005417563391885643	0.00045178353444203564	107	0.0009614190565345396	0.0008082930933598166	107
2210	0.0009534086575894638	0.0009559439178347293	107	0.0009406766625486727	0.0007009129799287507	107	0.000521545987064689	0.0005092570500850486	107	0.000844148113273748	0.001068912299530912	107
2220	0.0008258796962993657	0.0007859562212975454	107	0.0009315627083021319	0.0007334404221501683	107	0.0006539891109560456	0.000431042248196499	107	0.0007567488705979872	0.0006565041090200866	107
2230	0.001114706817351207	0.0010278419055101701	107	0.0011053805443107783	0.000673876270839407	107	0.0005868250559056977	0.0005062155487040854	107	0.0010615150641898293	0.0009483712676897513	107
2240	0.0008481245836519101	0.0007883267028260835	107	0.0009892584437658164	0.0006766830991225486	107	0.0006285179660431055	0.0004969182019493447	107	0.0011319601465442015	0.0009346838784563542	107
2250	0.0009753701312399279	0.000892694105452615	107	0.000986344917336031	0.0007071058410205134	107	0.000568022048347722	0.00044126398865347675	107	0.0010555335368101144	0.0010638716838532408	107
2260	0.0010639487383304253	0.0008306347570325096	107	0.0008987264685655713	0.000708464815354009	107	0.0006231194287140531	0.000514515459541345	107	0.0009265956744164582	0.0008508380657499769	107
2270	0.0009759667159838954	0.0007531469463889487	107	0.0010316085234484337	0.0007126282636248729	107	0.0006223417700278341	0.0004830563396332985	107	0.0009611269775095837	0.0008585588532092572	107
2280	0.0012628889329337107	0.001004835176994041	107	0.00114109490353045	0.0007799645981365648	107	0.0006245377726152915	0.00047508416309881496	107	0.000924895536355865	0.0009536397299332082	107
2290	0.0010931287757579694	0.0010932272049953907	107	0.0009926336344718543	0.0006551244587626273	107	0.0005493961773236079	0.00043146520205118374	107	0.0013733326234622299	0.0011844073551119023	107
2300	0.0008408236124804939	0.0008079567801287378	107	0.0010476764580349927	0.0006742601297034064	107	0.0005244773275749032	0.0004806456523724431	107	0.000938425229722383	0.0008234913590478025	107
2310	0.0008920133825423856	0.0008475156247903207	107	0.0009033352377536958	0.0006313314961677693	107	0.0005559450682853093	0.00041940504246930637	107	0.0007676893597108363	0.0008068576376758299	107
2320	0.0006951070281035776	0.0006278047033742173	107	0.0008208160736859886	0.0006592974735113725	107	0.0005500750296806963	0.00047367805567764555	107	0.0009428019339134535	0.0009400089434940794	107
2330	0.0007548370359370417	0.0007903046451301286	107	0.0008203191467111485	0.0005640383457108021	107	0.0004700310137114391	0.00040509070465608716	107	0.0007431370939328966	0.000952768329959866	107
2340	0.0009774242787588593	0.0007810404349331349	107	0.0010013660867833109	0.0007362733147707062	107	0.0007124086315695076	0.0005107381969201936	107	0.0005295968053513178	0.0006846321055202092	107
2350	0.0009086035899323921	0.0008282102495058024	107	0.0009983594335681858	0.0007114113619596388	107	0.0006192170449908422	0.0005659044925898995	107	0.000811206517833844	0.0008117006764464226	107
2360	0.0008883777584032175	0.000880999386336733	107	0.0009068091917120032	0.0007070332645081333	107	0.0006601408159656223	0.0005617972371938774	107	0.0009165838068550958	0.0008661957103069359	107
2370	0.0007751314304525114	0.0007310484790384488	107	0.000955093363822258	0.0007101124408148962	107	0.0005898827091262338	0.0004576008072567436	107	0.0007880459165712647	0.000989081820410529	107
2380	0.0009179650779681454	0.0009196839139421214	107	0.0010213623481863188	0.0007502861855358772	107	0.0006458784538231339	0.000478241449151102	107	0.0008115495561345626	0.0010343056372463337	107
2390	0.0009320945600089462	0.0009465637710890733	107	0.0011200682833653758	0.0007623941396765693	107	0.0006058419542835232	0.0004777690695357816	107	0.0011063923133323482	0.0008294088206284435	107
2400	0.0008622282176465825	0.0008445252980155992	107	0.0010113642516021142	0.0007653215525690053	107	0.0005466119432568216	0.00045299689201316055	107	0.0010185442287357037	0.0009118438288633985	107
2410	0.0008395497303766958	0.0008345135309619569	107	0.0009609117852052244	0.0007734898849028684	107	0.0005933434194896825	0.0005130871433430531	107	0.0008129407631312287	0.0016113246045260043	107
2420	0.0008282422985252288	0.000819008940651054	107	0.0010597751988630523	0.0007663283670938737	107	0.0006466032549285046	0.0004875048438208853	107	0.0007200993664877001	0.0009254610525626004	107
2430	0.0008835604393697755	0.0008945552694879555	107	0.0008735966011895097	0.0005924258930110643	107	0.0006931965155863393	0.0005307709068166269	107	0.0007123053618682983	0.0007325175815116558	107
2440	0.0010415441391394703	0.0008121059324761185	107	0.0007771079067930654	0.0007068755692332063	107	0.0006188443137586835	0.00046237979612946244	107	0.0010735421836525723	0.0009369760593162327	107
2450	0.0008857814100736714	0.0007474551156159325	107	0.0009929521922970946	0.0008326313312875575	107	0.0006039266162551212	0.0004835639593884105	107	0.0013070160946819197	0.0010990059278687585	107
2460	0.0012418126791255478	0.0008289932006241127	107	0.0011185458110484956	0.0007709215046275116	107	0.000591080605459799	0.00038965142713286356	107	0.000917367160244796	0.0009195091723187847	107
2470	0.000921931610714378	0.000876273532538609	107	0.0008927529335761646	0.000688189040124439	107	0.000701399554648285	0.00041592738776474855	107	0.0010328685446696856	0.0014189578072837674	107
2480	0.0007596940661002911	0.000761550889031271	107	0.0008223427400407151	0.0006952189744330622	107	0.0006539126617619138	0.0003435828346592746	107	0.000538201694534632	0.0006161912819717443	107
2490	0.000970020682109079	0.0009105114744561217	107	0.0011166419458972733	0.0007110754312729599	107	0.0006919508419440957	0.0005354366120339837	107	0.001447051044797966	0.001151492900331979	107
2500	0.0007414625037248132	0.0007155967529462279	107	0.0009932689361695781	0.0006369866389672602	107	0.000594537596428037	0.00044483690773623773	107	0.0009852874869396534	0.0013625823709167049	107
2510	0.0008773774903969979	0.0008804120772069129	107	0.0011196997454785268	0.0008105595967603994	107	0.0006735741471832444	0.0004791474576997128	107	0.0008662097019276436	0.0009640053214343697	107
2520	0.0010432122879717022	0.0010716638755265738	107	0.0010152995968397088	0.000703772198630905	107	0.0006730831255883183	0.0005384053807402537	107	0.0005787973705808393	0.0007796780545925149	107
2530	0.0011687715271967044	0.0010593593339706942	107	0.001029230435494379	0.0008034241855902511	107	0.000672294840197294	0.0005216188081069279	107	0.0008582849093278521	0.0008497580632930438	107
2540	0.0009169163604060221	0.0009244456126689787	107	0.0009812768270534803	0.0006295289565578465	107	0.0007181974209916843	0.0005009541785944338	107	0.0010870004925389765	0.001085014821998974	107
2550	0.0009432777734750101	0.0009657574101188845	107	0.0010642787067177363	0.0007492701276447652	107	0.0006265368217243513	0.0004929567418476948	107	0.0008426554135635216	0.0008359744746700442	107
2560	0.0011289383638238917	0.0010408094909973192	107	0.0010634359239292267	0.0007799982013061107	107	0.0007554065585709399	0.000556314839308126	107	0.0008157967978392935	0.0009384689298395123	107
2570	0.0008416962089386411	0.0008941533442244816	107	0.0008259538413900008	0.0006293917898420781	107	0.0005458921385522156	0.0005104869021884261	107	0.0008020412314686241	0.0008516262456430281	107
2580	0.0009920216350199653	0.0009662774254499384	107	0.0009824684946314742	0.0007310758362550262	107	0.0005905217845884549	0.0004967553115321009	107	0.0009110264311335843	0.0009255014340291925	107
2590	0.0010059877335795472	0.0010030751857009672	107	0.0007817748183712919	0.0006340542814071822	107	0.0006601577581289128	0.0004952743833404201	107	0.0007701792563866018	0.0009166582065199903	107
2600	0.0009974463855313078	0.0009397780427931801	107	0.0009597532833816632	0.0007482396259815047	107	0.0006925465022730958	0.000543578579575959	107	0.0008572985059535267	0.0008599390203352132	107
2610	0.0009360060958440692	0.0007906816132210602	107	0.0008673171802550794	0.0006627170181660094	107	0.0005400395151294892	0.0004717022442476375	107	0.0008362787546325538	0.0010345927428989	107
2620	0.0007733839107898296	0.0007589742285859275	107	0.0008847135422074294	0.0006352759323457242	107	0.0005201247074376512	0.00041653562083020544	107	0.0008094542621829442	0.0011014800837181224	107
2630	0.0009550701229558284	0.0009332801138306854	107	0.0009997411548777967	0.0008177574098367844	107	0.0006714582855295521	0.0004873315271522091	107	0.001591625336230624	0.0012837863084539196	107
2640	0.0009417517314719872	0.0009227528979487137	107	0.0010774570216698046	0.000762637294257825	107	0.0007326105467465879	0.0005388227604942302	107	0.0007694620246280003	0.000674110636225001	107
2650	0.001024239424171541	0.0008745748040753752	107	0.0010291563078284373	0.0007472358715692622	107	0.0006005384999540429	0.0003628743381133282	107	0.0007999975498918372	0.0008992447918170844	107
2660	0.0009514436385669229	0.0008101159296905594	107	0.0009412269556059504	0.000649822882219252	107	0.0005146169790736665	0.00041344202582035803	107	0.0009344020826949059	0.0009921439659644538	107
2670	0.0008598010814806769	0.0008768953779210156	107	0.0010210827655482374	0.0008621028995931885	107	0.0006303112084741238	0.0005184382807902098	107	0.0006176165539948452	0.0006338122206449814	107
2680	0.0009726446259191561	0.0009627869377423999	107	0.0009088274244370884	0.0007081574396836207	107	0.0005522627616577347	0.00047333318544532635	107	0.0011400410701661878	0.0010516475234623355	107
2690	0.0009960491386165637	0.0010020251791140885	107	0.0009137841391210252	0.0006148175940685866	107	0.0006533886264163942	0.0005118064165524597	107	0.0006860960372973206	0.0008362203767390579	107
2700	0.0011708944484544093	0.0010352587134352894	107	0.0010773513178332023	0.0008386219439647073	107	0.0005609487909536681	0.00040255640212094373	107	0.0009940889500744542	0.0009876761089431566	107
2710	0.0010792460043720711	0.0009699625620181398	106	0.0009848554444548915	0.0007034412200637537	106	0.0007192574341524862	0.0005583741958347489	106	0.0007582201473653141	0.0009155655228887524	106
2720	0.0010865513073764494	0.0009923125947137478	107	0.0010370380434631462	0.0007734797312995523	107	0.0006278772703019231	0.000561591889767808	107	0.0009487782468829122	0.0009307542586832099	107
2730	0.0008512489211968082	0.00079994614692669	107	0.0009238487171162344	0.0007215416478791	107	0.0005849394502028298	0.0004967575863871874	107	0.0010074407585815989	0.0010278377617444088	107
2740	0.0010201410793131468	0.0009048953857826093	107	0.0008674811763924022	0.0007118686579150171	107	0.0007109236145925902	0.0005825846243903363	107	0.0008115679366878407	0.0007516026794484474	107
2750	0.0009737443835936826	0.0009220093144049038	107	0.0008451746238453952	0.0007310030170248267	107	0.0005748196120191863	0.0004670017916902147	107	0.0007724594186872952	0.000837167471409278	107
2760	0.0008814458096339715	0.0007210951512020611	107	0.0008047924962665709	0.0006416833407244035	107	0.0005423622492774646	0.00042575219839980196	107	0.0011210998458015507	0.0009718981491711159	107
2770	0.0009620505949894994	0.0008710381191876268	106	0.0009510871238900972	0.0006515244318389952	106	0.0006119690863678059	0.00048260569285310675	106	0.0008990940383276884	0.0009060182574220964	106
2780	0.000848198100965941	0.0008809320869551179	107	0.0009289580939640714	0.0006534363426972103	107	0.0004971025424157055	0.0004307103082909372	107	0.000583882962852861	0.000654534312854035	107
2790	0.0008638500567410001	0.0006701159551837545	107	0.0010120505671105551	0.0006728688961582416	107	0.000626540581816616	0.0005414343791642172	107	0.0006650701240127959	0.0008254086520521862	107
2800	0.0011000070587395046	0.0009142473148409144	107	0.0009594441656605684	0.0006823913154091039	107	0.0005871219258991007	0.00046433722175943465	107	0.0008201728331258879	0.0010942165964032177	107
2810	0.001054435736623501	0.0009194917041821035	107	0.000945760966388035	0.0007213942769904903	107	0.0005331802100103055	0.000489893447701526	107	0.0014569221959975548	0.0014158330039485462	107
2820	0.0010694752746001576	0.0009227744245653536	107	0.001071694859301843	0.0007452957326741904	107	0.0006034889250071316	0.00043501140442934143	107	0.0008242730937812921	0.0012190325117047227	107
2830	0.0008629666775225169	0.0007755347859512967	107	0.001117387041147107	0.000709171964564732	107	0.000509404022550165	0.0004552830727330997	107	0.0011503931002568046	0.001130155518355124	107
2840	0.001016159574283495	0.0008258594647030859	107	0.0008537066398970659	0.0006390434171138828	107	0.0004886452333479369	0.00046270298303602655	107	0.0009764132406980669	0.0008800693102811295	107
2850	0.0009948900643171822	0.0010105680076483933	107	0.0009166711749983504	0.0005991599350723852	107	0.0007423668305898413	0.0006088365694154173	107	0.0006217861690479328	0.0006963923489424819	107
2860	0.000845834728368972	0.0006975554441774555	107	0.00088007202315669	0.000680304484087487	107	0.0005445316345569629	0.000427428712162694	107	0.0008443687216159164	0.0008464948587676032	107
2870	0.0009948202607143132	0.0006662399372961834	107	0.0009822749440939877	0.0006481051578781919	107	0.0005577025840224843	0.00045635559948160425	107	0.0009859249502900318	0.0008985358017369969	107
2880	0.0009946602362208839	0.000984793326711307	107	0.000859209231412125	0.0006651846090304675	107	0.0007595966886845847	0.0005331846430695864	107	0.0011085805811755956	0.0009088912374038909	107
2890	0.0009956365547181003	0.0009136474368305424	107	0.000813630065475127	0.0006745632027191769	107	0.0005380178715292352	0.000481467259379378	107	0.0007511972372201511	0.0008361376065725035	107
2900	0.0009751005459024872	0.0009846137922923236	107	0.001072181710046797	0.000828526772328816	107	0.0006958808277091348	0.0006371721551905285	107	0.0012863981460130014	0.0011559097062715526	107
2910	0.0010338836858737874	0.000960472545447392	107	0.0009984963629236286	0.0006934848105562998	107	0.0006707468222997691	0.0006293571716887762	107	0.0008723965600951227	0.0007255109245975745	107
2920	0.0010902443537588098	0.0009449819508152291	107	0.0009709968733585558	0.0007182827316836509	107	0.0005591787831795233	0.0005002916077702661	107	0.001139836117395197	0.0010492073557773869	107
2930	0.0009831040775537129	0.0009236559725157745	107	0.0009211297785611902	0.0005834628171786975	107	0.0005383369411574335	0.0004184579051010552	107	0.0009451087148062158	0.001081412270109644	107
2940	0.0008552377699407417	0.0008270455445355295	107	0.0009500423385302379	0.0007242219048308284	107	0.0005629148958115666	0.0004941925032978439	107	0.0009255673983105147	0.0008872316121582459	107
2950	0.0007189493255547682	0.0006926898615273284	107	0.0009590490658002162	0.0006810014986922062	107	0.0005747820682735246	0.0004963311477002178	107	0.0005487742573853446	0.0006845972252390841	107
2960	0.0008710061608739652	0.0006354800285830448	107	0.0008695371827187425	0.0006959031751510719	107	0.0004317596684146416	0.00040934469548961123	107	0.0009147337781051348	0.0008901854062382722	107
2970	0.0008145173435425095	0.0007867870170445697	107	0.0009364096064897945	0.0005545200780217434	107	0.0004949967224694103	0.00042343530946595124	107	0.0007332861924249955	0.0008796956398827557	107
2980	0.0011278554880821026	0.000815390344979491	107	0.0007953943998422795	0.0006300185037755591	107	0.0006303376244538288	0.0005352811436026332	107	0.0017756883277587916	0.0013284414388636417	107
2990	0.0008474367684714896	0.0008650343307792238	107	0.0010282436256470002	0.0006662332210957855	107	0.0006649363033124176	0.0004819775390139227	107	0.000791444366594921	0.00081110425491363	107
3000	0.0011405126162016388	0.001047406976143099	107	0.0009245552090131236	0.0007139149735910688	107	0.0006033874317066375	0.0004952487219860635	107	0.0008283350030456939	0.0008107844871597271	107
3010	0.001165605215000988	0.0010281978310499082	107	0.0009595941725047901	0.0007983570456189504	107	0.000621188615796731	0.0004733570231697344	107	0.0011358491640159273	0.0010792742999383151	107
3020	0.0010586155909912821	0.0010407686026121556	107	0.0009382618862791407	0.0006854456936011572	107	0.0005776270347717078	0.0004506349799759128	107	0.0007980958110107192	0.0007792965165649732	107
3030	0.0010179635370304674	0.0011011587111161055	107	0.0010335678342093806	0.0007165004709029238	107	0.0006106237148342	0.0005025797860946373	107	0.0009521918318306895	0.0008742901711634058	107
3040	0.0010855629447201701	0.0010196521195060006	107	0.0009786040398783674	0.0007287388116865412	107	0.0007295807283856014	0.0005178226715603152	107	0.0010328483935727203	0.0010602066205602388	107
3050	0.0012485788598413045	0.001140933139331062	107	0.0011625227172733965	0.000754673197449599	107	0.0006195810611393394	0.000555713304138802	107	0.0009601236741659545	0.0007415066376260316	107
3060	0.0013638487543802895	0.001282848658492828	107	0.0009968609381879353	0.0007856054299505118	107	0.0007592823478465921	0.0005013696480878327	107	0.0006446160634602844	0.0007810339254091445	107
3070	0.0009339637937894488	0.0009339517432119904	107	0.0012199948416800651	0.0007683568461111759	107	0.0006493773764305488	0.0005264597729277063	107	0.0010511698717875905	0.001060879744654684	107
3080	0.0011207671567764756	0.0009985059602231126	107	0.0010046698126472493	0.0007508828482589583	107	0.000689256612155276	0.0005188852226777373	107	0.0009209317554296456	0.0007715179087093401	107
3090	0.000934685445700742	0.0008970076098656367	106	0.0010951398071145676	0.000887545504826425	106	0.0005914397320044203	0.0004795813562228931	106	0.0009751130468032872	0.0012748415539214273	106
3100	0.0008517112019858565	0.0009003142274357363	107	0.0009344539648109739	0.0006914982573437956	107	0.0005248754821964086	0.0005050031777729365	107	0.0011064998054662954	0.0010080333756515185	107
3110	0.0010802027858715555	0.0008816221484589909	107	0.0009410507307409297	0.0006930892033763081	107	0.000550816624323484	0.0003643241165367861	107	0.000999004209776733	0.0010256606385356157	107
3120	0.0008730611235998146	0.0008330671619405357	107	0.000827094121809406	0.0006604863019618469	107	0.0005641644296460661	0.00048594882244455754	107	0.0008508194962096796	0.000846444556853611	107
3130	0.0007467583943138849	0.0006971600356197419	107	0.0010708651033345844	0.0008393602725351275	107	0.0006887954647428388	0.0005934733210642743	107	0.0011433079967291824	0.0009122611704236104	107
3140	0.0010641597628533782	0.0008499508442426833	107	0.0009274962604255545	0.000702042911135171	107	0.0005644643725264841	0.000521214759396227	107	0.0010583479239419436	0.0010148579991897124	107
3150	0.0008691892611005854	0.0009065248661459587	107	0.0008909341238577017	0.0006721985196139423	107	0.000559191764447314	0.0004990409388387128	107	0.0009491195683051683	0.0008731560277179812	107
3160	0.0009695776295352064	0.0007634503227868196	107	0.0009339380573389459	0.0007274888340209447	107	0.0005954438833691789	0.00042790888250300075	107	0.0007920644487053242	0.0006575045400282602	107
3170	0.0009549770137552433	0.0009361313540449604	107	0.0010282509084228323	0.0007349519320972247	107	0.0005625932350611711	0.0004494554943336731	107	0.000714714255743963	0.0009103838887236177	107
3180	0.0008292530890649937	0.0008244167970677392	107	0.0010913949242741246	0.0006448171783563259	107	0.0005749706407815174	0.00036387443839736884	107	0.0012546342215323887	0.001191657215036204	107
3190	0.0008430070782785455	0.0008698789624092923	107	0.000891039264492424	0.0007374375400216317	107	0.0005478096617989046	0.0004542228910025674	107	0.0007663390514858773	0.0010096314214451917	107
3200	0.0010312928340722764	0.0008070902183105407	107	0.0010293470296724066	0.0007124712950594708	107	0.0007504776445645385	0.0004131497789916467	107	0.0009105479393718566	0.0008925238106566343	107
3210	0.001202757576172927	0.0009476261339385462	107	0.0010504615744052473	0.0006897911987123496	107	0.000719423435744986	0.0005386129181918966	107	0.0006941368985643539	0.0006833281105789906	107
3220	0.0008545292899906346	0.0008453794560680282	107	0.0009751888136997397	0.0007472026018091437	107	0.0007042201952556797	0.0004563319319631511	107	0.001124718568777441	0.0010755947203359986	107
3230	0.0009837389165519932	0.0009374230308291275	107	0.0010157374943328568	0.0007789251129768334	107	0.0005138967527408847	0.0004412368428002958	107	0.0009289553261905667	0.0010040351023891255	107
3240	0.000855400473654375	0.0007570675660692672	107	0.0009442923656357408	0.0006713190362967344	107	0.0006368488881920395	0.000586127586279096	107	0.0007170713816656169	0.0006595676430083334	107
3250	0.0009678924510315222	0.0008527064522143626	107	0.0010929013279288259	0.0006883948733128036	107	0.0006802602732052752	0.000505488768815498	107	0.000876564655295701	0.0008605722890217741	107
3260	0.0008421067189875875	0.0008494476793810392	107	0.0008707192900478664	0.0005970544234531466	107	0.0006028367222244609	0.000541249824924598	107	0.0009886229452851386	0.0012299552111651492	107
3270	0.0010491536931663526	0.0010250924782017436	107	0.0009169663504812047	0.000657338380248313	107	0.0005389816056966256	0.00046911823227586735	107	0.0007529118364636825	0.0007037901355373712	107
3280	0.0009196982637844031	0.0007992854506587593	107	0.000982568363392785	0.000777363394896297	107	0.0009087115732074647	0.0004970603433650176	107	0.0007935366931832258	0.0007595738882252719	107
3290	0.0007893700205783555	0.0007594495870108352	107	0.0009612186925430755	0.0006668222723950998	107	0.0006506427792404625	0.0005611620648670341	107	0.0008334819277538581	0.0008603738842242415	107
3300	0.0011555974207943921	0.0009580827391469032	107	0.0009213280410953464	0.0006625585313780045	107	0.0008050010380767461	0.0005774271029558021	107	0.0012319621867141741	0.0011369794011185596	107
3310	0.0009691336101852552	0.000843757623580812	107	0.0009742153150062618	0.0006879828763572776	107	0.0007248220499582298	0.000476186467641681	107	0.0010307170864982177	0.0010453605176213735	107
3320	0.0009854247216693549	0.0008819978984696623	107	0.0009717356959219192	0.0005962729748651484	107	0.0006420015815252763	0.0004981600176911788	107	0.0009094365700663787	0.0008490013347009133	107
3330	0.0010690326339225543	0.0009439469618206467	107	0.0009567589758456853	0.0006748387963364261	107	0.0006103664714798245	0.0005107694239356634	107	0.0009070804546121399	0.0009691714742912982	107
3340	0.0010969333274944164	0.0010252347510706378	107	0.001217896695546437	0.000849430186179146	107	0.0005799720294030932	0.0005624304211971849	107	0.001069142694194415	0.0009983557988577994	107
3350	0.00112135708292553	0.0009187413223415734	107	0.0011007359321437004	0.000724900285644406	107	0.0005241792535902541	0.0004309009308333639	107	0.0008311970650698936	0.001062015886464352	107
3360	0.0008831221277792672	0.0008712046022846913	107	0.0009025733975343799	0.0006548209154446007	107	0.0004716022207290836	0.00047445603759539424	107	0.0007739066479733407	0.0007679768890641841	107
3370	0.0009409282727012725	0.0008600744827337334	106	0.0008880150859512216	0.0005976414893143291	106	0.0004836617505331512	0.00039009194222306364	106	0.0007549632544777527	0.0009893276255587818	106
3380	0.0008036448640920097	0.0007804992298966946	107	0.0010180413836286348	0.0006427109554414755	107	0.0006906241017758283	0.0005997051357450595	107	0.0009440707450465773	0.0011137278321749486	107
3390	0.0009415279440090226	0.0009297731046490143	107	0.0008948338760910263	0.0007771227515211088	107	0.0005723645307071804	0.0005234119100032619	107	0.0005648668766904556	0.0010714568416264015	107
3400	0.000836787475897799	0.0008071425711959778	107	0.0009545263108335216	0.0005466015008124031	107	0.0006198762085747058	0.0005393260982355951	107	0.0009186394373373637	0.0010148513696973803	107
3410	0.0008336886674051449	0.0009133165199676362	107	0.0009875188347380154	0.0007769867406173624	107	0.000668989258186299	0.0005373851754989131	107	0.0008919408553221032	0.00121930785974715	107
3420	0.0008098686647587667	0.0008156540856116137	107	0.0009502661221153608	0.0007399066101822754	107	0.0006142024790363854	0.0004537074982921504	107	0.0012525233004055658	0.0010505424815446128	107
3430	0.0007292654150822526	0.0006534526662613966	107	0.0009902871057180112	0.0007220274065674767	107	0.0005650237682189963	0.00039962294350039823	107	0.0009971512833235323	0.0010108355624880306	107
3440	0.0009054465102341291	0.0008125732316246148	107	0.0008833678480301701	0.0006100515130950038	107	0.0006692267237710284	0.0004722830677602046	107	0.0015408825872725333	0.001081047373880684	107
3450	0.0011790307986162048	0.000977671173719311	107	0.0008331748769708393	0.0005521253866965743	107	0.0005473522283134375	0.000424517091232488	107	0.0017676862133268786	0.0012669366516228722	107
3460	0.0006818899481775778	0.0006227553954785307	107	0.001038535257543268	0.0006630678541826877	107	0.0006782072040180696	0.0004064681885822962	107	0.001067513493274515	0.0008783259850031011	107
3470	0.0009298983982616363	0.000852881406568176	107	0.0008677346128095188	0.0006410214342419801	107	0.0004798345806423479	0.0004084476560786805	107	0.0011862562751910237	0.0009983020985031012	107
3480	0.0008110163846907964	0.0006832052075434732	107	0.000949425901257625	0.0006418116080231977	107	0.0006683225566292834	0.0004985934278444485	107	0.0008698746111809216	0.0006838317853443567	107
3490	0.0008046807643670524	0.0007105109365931659	107	0.0009295282279478603	0.0006873735723451369	107	0.0006376235522650171	0.00043359798290939475	107	0.0006974256160487035	0.0007934290366299816	107
3500	0.0010272047709094312	0.0008102229998515702	107	0.0010953890874262355	0.0006816879505552127	107	0.0005359260615204735	0.000419973104153158	107	0.0008606974523049297	0.0008757704630373556	107
3510	0.0007544151326718128	0.0007447935377885572	107	0.0009354839951212771	0.0006924251412608743	107	0.0006856336990121613	0.0004958156239527953	107	0.0007260066811704117	0.0005547465191284877	107
3520	0.0008014265290689962	0.0008076790433922144	107	0.0009243295436361104	0.0006321502873329918	107	0.0005072703009975043	0.0004938296141582267	107	0.0012317306089210998	0.0014470426854154997	107
3530	0.000788573089804431	0.000791446124626923	107	0.0009891588410144692	0.0007405214606595806	107	0.0006642048991705003	0.0004654769460922636	107	0.0009983446371346905	0.0010594872051503503	107
3540	0.0009081923661703713	0.0008226906961238957	107	0.0009282477959204814	0.0006520329396251515	107	0.0005396210145586825	0.0004044708098021478	107	0.000757305923850936	0.0008562508938951943	107
3550	0.0007538397466802778	0.0007102871503979191	107	0.0008505272509989597	0.0006058379106713475	107	0.0005286476098977863	0.00046932738830281846	107	0.0006476169958534656	0.0007221861782277781	107
3560	0.000788628108267774	0.0008079584285964215	107	0.0008745790438184117	0.0006739986918279893	107	0.0006026146394301721	0.0004207907673907114	107	0.0008699931336435436	0.0008674494802162777	107
3570	0.0009107471482988509	0.0008161091519489932	107	0.0009487799359668982	0.0007055880973479313	107	0.0005273954826218091	0.0003692514341520427	107	0.0006350564579732635	0.0006793137648452427	107
3580	0.0008419829665357432	0.0008235454029714831	107	0.0008719443792942521	0.0006888412727995396	107	0.0006342729450557077	0.0005422924753207096	107	0.0010040658965983329	0.001143544418539741	107
3590	0.000802780817920106	0.0007626043008056053	107	0.0009037693471984277	0.0006293581298727517	107	0.000636048955625978	0.00042533118690080054	107	0.0007934551924046544	0.0008495695463509369	107
3600	0.000896026541995963	0.0008139771326460672	106	0.0008228720809199056	0.0006154047332858001	106	0.0006651320927718639	0.00048393805267974463	106	0.0005242110454225297	0.0007938281388645185	106
3610	0.0009409653259903354	0.0008426344298904575	107	0.0008396123881019832	0.0006544878203717222	107	0.0006207532142208815	0.0005303331441274175	107	0.0009435594642231882	0.0007951695381312847	107
3620	0.0006640051565687356	0.000572165463595555	107	0.0007741782948743515	0.0006117225048673622	107	0.0006063803157490429	0.0004012770637952749	107	0.00038284180311828756	0.000893946092707526	107
3630	0.0009213648492578688	0.000689638041386532	107	0.000860216177789449	0.0005826538478892206	107	0.0005356175548783161	0.00042199738432926743	107	0.0006416843399306794	0.000551813533514434	107
3640	0.0008161422975465678	0.0007925613568654349	107	0.0010019520828285628	0.0005752137418446895	107	0.000577591915491178	0.00039259658998334386	107	0.0010458350676603926	0.0009934462283833774	107
3650	0.0011696400764983734	0.0009427582467034477	107	0.0010818334635663018	0.0007346087563006473	107	0.0006358481328821972	0.0004804475040154237	107	0.0005511929892976328	0.0006338122145450982	107
3660	0.0009372173829485223	0.000792582173306786	107	0.0010380263232512925	0.0006852623361931458	107	0.000625522934128258	0.0004918640699687286	107	0.0008958888902476929	0.0009785781092722294	107
3670	0.0008007783380923638	0.0008013277407902533	107	0.001048943436314563	0.0006726924644090327	107	0.0005866993710463412	0.000426554862837874	107	0.0010959384500752595	0.0010811024467941553	107
3680	0.0008469029803728282	0.0008087208656642286	107	0.0008804746285369229	0.0006744494058646211	107	0.000497532881025255	0.0004863336230489692	107	0.000684518975033484	0.0009552102687680353	107
3690	0.0008448358468971675	0.0007638977560928425	107	0.0009862972691368102	0.0006503957259456286	107	0.000498229968082124	0.0004125428602540262	107	0.0007545731874067706	0.001016158696936661	107
3700	0.001153579718077871	0.0008728315739262537	107	0.0010056683522283942	0.0006872998897945768	107	0.0005817252837933561	0.000491417608220911	107	0.000644034258491672	0.0006126100773976118	107
3710	0.000878033683273222	0.0008428893081578872	107	0.000985448448722172	0.0007214884934292897	107	0.0006989434040875885	0.00047419011467804303	107	0.0010164199347667542	0.001150629703271183	107
3720	0.0009770303972462964	0.0008381605057764238	107	0.0007974192628422898	0.0006829002683557169	107	0.0005903552502149063	0.00047135589901681527	107	0.0005791202849657081	0.0005617260845034422	107
3730	0.0008003224140781789	0.0007557981176643212	107	0.0008831091569927741	0.0007086514634353715	107	0.0005527520950960747	0.00037504587283737303	107	0.0006892226908778709	0.0008476774677630024	107
3740	0.0009337852771631798	0.0007822772941973176	107	0.0008477384713887411	0.0005302779830594298	107	0.0006340921341001577	0.0005344788908434001	107	0.0007295420901139757	0.0008055152785762174	107
3750	0.0009555700996237176	0.0008833951984226061	107	0.0009681860215844963	0.0006955452979914168	107	0.000583411844062271	0.0004792666005712433	107	0.000920512944114048	0.0008162342497711354	107
3760	0.000971686142592771	0.0009511739630315658	107	0.0009082379814012334	0.0006617272254644595	107	0.0005618461093159747	0.0004381012689295799	107	0.0008968623844048434	0.0009385295382551396	107
3770	0.0008254059380456294	0.0008005047103838863	107	0.000888199997294766	0.000598213386776475	107	0.0006069570522307674	0.00045016946881544474	107	0.00093435718032592	0.0010751059404813439	107
3780	0.0007263922380924081	0.000611211462883308	107	0.0009259031371901049	0.0005390618744358762	107	0.0005472737288100847	0.0004220719878973284	107	0.0007478955274486598	0.0007521320928388029	107
3790	0.0008986408808796847	0.0007561143738586927	107	0.0007947966711425823	0.0005583692538614241	107	0.0005948799971163968	0.0004466548262868639	107	0.0006469789630334423	0.000740159968523729	107
3800	0.0007731662743332671	0.0007398678839176843	107	0.0009467815500417132	0.0006254331624261318	107	0.0005238973094641293	0.0004094708102187905	107	0.0007973670907228305	0.0009435076181960483	107
3810	0.0008899537701262566	0.0009149710507750778	107	0.000903834080591755	0.0006214924381278397	107	0.0006644875827603226	0.0005361710158703314	107	0.000992610499677852	0.0009721692892790905	107
3820	0.0009820065922229533	0.0008109154784005843	107	0.0009104707624797742	0.0006003273386743633	107	0.0006275782898851948	0.00046837003838370845	107	0.0007847036611409446	0.0012737588068456732	107
3830	0.0009960093792723468	0.0008653549204137667	107	0.0009939886185586595	0.0007026133175361062	107	0.0005794277730608546	0.00044249538255600776	107	0.000893184996797183	0.0008963819210230877	107
3840	0.0008063799771643631	0.0007690789922063946	107	0.0008994002597944266	0.0006944753840004782	107	0.0006091958695862306	0.00041616562799020587	107	0.0007368972169876087	0.0007381482886455819	107
3850	0.0010392401514744902	0.0009741199192285563	107	0.0009733889916262198	0.0006756252477702496	107	0.0005737142235180345	0.00041153774351393614	107	0.0004855871206343258	0.0007527876341354704	107
3860	0.0009165954311592142	0.0008045268231169332	107	0.0008685658228170975	0.0006168483224643464	107	0.0005183706194376839	0.0004513507057404728	107	0.001006360046787612	0.0009438088404238031	107
3870	0.0010757061403782275	0.0009314166778412313	107	0.0008359674784815837	0.0006065924819211695	107	0.0005581246385680847	0.0004890354967854113	107	0.001070350211386291	0.0010844519872236702	107
3880	0.0009270325263526218	0.0009060943516333875	107	0.0008876074791533681	0.0005952954436850188	107	0.0005147912511396876	0.00045902235364347644	107	0.0007372517803307729	0.0008958868634568971	107
3890	0.0010434946405250838	0.0009090070966071605	107	0.0009470940067624745	0.0007635245493811749	107	0.0005715000349785676	0.0004757133967833813	107	0.0007454986902048258	0.0007857073319832334	107
3900	0.0010145048221134735	0.000969595055790846	107	0.0010567484187622854	0.0007892372118943976	107	0.0005891106393136226	0.0005081600975315023	107	0.000938266739901947	0.0008211138590303367	107
3910	0.0008947420557702325	0.000899448203210508	107	0.0011315444132974643	0.0007883992640431749	107	0.0007575349644689294	0.0005301853477982193	107	0.0008230212907933298	0.0008581026456728812	107
3920	0.0009134050289281055	0.0008987044079620684	107	0.00102228855824245	0.0007338059623364563	107	0.0004829463241886424	0.00044034225870649	107	0.0007899081469607899	0.0010934125259115968	107
3930	0.000947080385691625	0.0009469505823214855	107	0.0010894817084176117	0.0007743684804042622	107	0.0005670966407310902	0.00046097527499288916	107	0.000971990543873489	0.0011730221611595535	107
3940	0.0011274598210815735	0.0010563724460949807	107	0.0011352845213990872	0.0007718520388764118	107	0.0005585122462140874	0.0003896925762336859	107	0.0010311574866464159	0.0009655925110658248	107
3950	0.0007449184530099826	0.0007780342212622873	107	0.0010110602766069995	0.000702028923160642	107	0.0005875293306478423	0.00047012479718451256	107	0.000859449711838381	0.0010333476515867587	107
3960	0.0008859094043254746	0.0007662758089631562	107	0.0010493092390446556	0.0006903211955081063	107	0.0004975497609718308	0.000422037142921126	107	0.0007080440558485456	0.000730678874810824	107
3970	0.0009203483349559666	0.0006785401288716082	107	0.000861278805642121	0.0005603843104951533	107	0.0005796166967825808	0.0005049403257441781	107	0.0008135488386776338	0.0006662274207848768	107
3980	0.0009937182230357314	0.0008158490433178566	107	0.0008099954544838025	0.0005394514878717425	107	0.000584017696708233	0.00037871263764386156	107	0.0008455980855616247	0.0010446828703217894	107
3990	0.0008467526581262608	0.0006952211722958471	107	0.0010107660000516295	0.0005981725069606	107	0.000710156257635936	0.0005099848107531649	107	0.0006249982570412616	0.0006699322000314793	107
4000	0.0008649770262707161	0.0008398144873212225	107	0.0008266459050212764	0.000598923707241058	107	0.0006252814580414936	0.000523485607923639	107	0.0009222323122672235	0.0012284717224527101	107
4010	0.0009243507643565228	0.0009301591588827487	107	0.0008825967412918245	0.0006298536768122325	107	0.0005584036782365554	0.0004465790446535503	107	0.0011349010823439125	0.0013484671921735966	107
4020	0.0010312381879038583	0.00084668439335812	107	0.0009875035557650764	0.0007095715939503557	107	0.0005689625331888826	0.0005584081118219469	107	0.0010972906114015439	0.0011462620237026972	107
4030	0.0009817428976523505	0.0009513434810975574	107	0.0008543809543986051	0.0006491033583643812	107	0.0006856107547721343	0.000504505604984094	107	0.001010169922863187	0.0010731500319923874	107
4040	0.000911890576933879	0.0008740947639764355	107	0.0009087137014011593	0.0007088278828395291	107	0.0007102755898124705	0.00046343507077734194	107	0.0008731772549366703	0.0009999052549334686	107
4050	0.0008816379699935832	0.0008322752002847033	107	0.0010218265407269782	0.0007305727811591933	107	0.000757367218436213	0.0005257845957091827	107	0.0006741255630526947	0.0007381395684426356	107
4060	0.0008372342412582231	0.0007461139165350773	107	0.0008486840506629152	0.0005999089584304258	107	0.0005706237381964213	0.00040419720808834486	107	0.0006978959360548076	0.000981662016197299	107
4070	0.000910351492941647	0.0007324421166442224	107	0.0008516021450210502	0.0007051673125606488	107	0.0006163458603147846	0.0005751292515375981	107	0.0008001769655457038	0.0007861562165756374	107
4080	0.0009801248987786862	0.0009657944569652866	106	0.0009955036686968351	0.0007292691997275812	106	0.0006439679508621797	0.0005291902747993226	106	0.0011907358007341923	0.001254765870273197	106
4090	0.0008487543383862569	0.0008315917798417092	107	0.0009439447828634812	0.0007276686227137742	107	0.0006185746959311138	0.0004208986589534131	107	0.0009653571239469983	0.0008999654424971836	107
4100	0.000754124300573783	0.0007200541045186482	107	0.0008532777762972059	0.0005768479436086049	107	0.0006815773865189729	0.0004912511876315088	107	0.0006060259985270443	0.0007593112853863394	107
4110	0.0010948349284369719	0.0010140763947308659	107	0.0010474542709307713	0.0007474146453754138	107	0.0006023364660239256	0.0005190275813708414	107	0.0009143215479830728	0.0010146007030235602	107
4120	0.0010658971396144883	0.0010022765434729885	107	0.001002351591460248	0.000711288909332052	107	0.0006811924862769332	0.0005399958868223087	107	0.0008161768368521405	0.0007835859966844424	107
4130	0.0008941723585311359	0.000784315384574578	107	0.001110247850882761	0.0007306583829912204	107	0.0005647509570575139	0.0004510707934928745	107	0.0008713352910110896	0.000850717558469872	107
4140	0.00104531147668205	0.0008010245464712602	107	0.0009877116513663685	0.0006376773640468876	107	0.0005903859218425211	0.00045052460863536216	107	0.0011132219342296714	0.0011110829601638993	107
4150	0.0007193808520575474	0.0007702724121627199	107	0.0009354511153740532	0.0006838895882997119	107	0.000638963983142785	0.00044567304309723926	107	0.0009039258398326971	0.0010675313898881181	107
4160	0.0009462783078473854	0.0008882068286938889	107	0.001030277700473341	0.0007217426304137375	107	0.0006683561968683285	0.0004354342284492457	107	0.0006900734987984109	0.0007034432025678051	107
4170	0.0010660410932537916	0.0009662795809336225	107	0.0011346241510311733	0.0007774547763058871	107	0.0007470755917246788	0.0004957221874269316	107	0.0009745173454401675	0.0008731993909656833	107
4180	0.0008319965410368588	0.000775429329016833	107	0.0008615480092388658	0.0006795776195845806	107	0.00047188904230354746	0.0003799600392053484	107	0.0006992005550819135	0.0007205545401307615	107
4190	0.0008606357788304871	0.0006590011675813784	107	0.0009519951727727398	0.0006433767325959501	107	0.0005261964163130306	0.0004458725585564505	107	0.0005339243417513837	0.000736332006013792	107
4200	0.0009711614734219117	0.0008145318135464712	107	0.0009305507925258781	0.0006276967430433323	107	0.0006046245472723196	0.0004152506196672228	107	0.0010724074657167968	0.0009761513413125173	107
4210	0.00078770242595142	0.0007367865267541951	107	0.0009663269280841506	0.0006710660333579943	107	0.0005028230681687639	0.00042386670001398705	107	0.0008054819930291522	0.0009456100344741941	107
4220	0.0009576832587440686	0.00082663676753897	107	0.0008899572237916903	0.0006250405713856095	107	0.000605062320872317	0.0004909402813183965	107	0.0008965888806292216	0.0009133325317172615	107
4230	0.0009967299540108335	0.0009411186943753469	107	0.0009447824915045755	0.0006541622038329329	107	0.0005730762444555858	0.00048381685745253435	107	0.0008670061618452105	0.0009091909480125835	107
4240	0.0008608719567417025	0.0008162947091347825	107	0.000989876791652232	0.0006451327126632636	107	0.0006641737423746329	0.0004532031993222836	107	0.0008930689914781862	0.0007596890155516613	107
4250	0.0008534258547550747	0.0006615332142773868	107	0.00105831099491974	0.0006357792905542795	107	0.0006401627354743292	0.0005589811435528762	107	0.0010051115146112153	0.0006691050067977168	107
4260	0.001058392574904924	0.0010596168453497281	107	0.0011700538650395215	0.0008486588215175385	107	0.000684076403877223	0.0005844298563990824	107	0.0009674580679743611	0.0007561332642142302	107
4270	0.0009099945856199935	0.0008448611839048308	106	0.0009637931980903022	0.0006428784974561406	106	0.0006527926890443842	0.0005113324041296223	106	0.0008697075054110137	0.0005331149147258499	106
4280	0.0008576235420926971	0.000834555302395225	107	0.0009169615013106139	0.0006413793052314604	107	0.0005290128689700943	0.0004283182009485657	107	0.0010656683226532427	0.0010898554375499147	107
4290	0.0010434389671647869	0.000996259466026758	107	0.0009934012586573936	0.0007764129664225439	107	0.0005497827013086039	0.0004310896155930452	107	0.0007137571284064375	0.0008908722452130068	107
4300	0.0008950773498743186	0.0008403586545040601	107	0.0010918011005200527	0.0006967090027507385	107	0.0006793489732654806	0.0005586407246292441	107	0.0007050167050351849	0.0007968177378448188	107
4310	0.0009569610102789842	0.0009074836456703547	107	0.0010433140236182144	0.0007706659987675198	107	0.0006167280260224316	0.000541823475832897	107	0.0005927226843404356	0.0004834732972723919	107
4320	0.0007760945776096157	0.0007570131001407014	107	0.00104395288967631	0.0006239517504949095	107	0.0005335896817530984	0.0004496029539498106	107	0.0010505606889114922	0.0009528015690177271	107
4330	0.0008852434903256201	0.000895002766546502	107	0.0010170119485467274	0.0006629516668773501	107	0.0006581913785108122	0.00047165373248753346	107	0.0009369750597387034	0.0009761933768051593	107
4340	0.0008969873576539122	0.0008467094725182746	107	0.0009602655575800322	0.0007100197687825028	107	0.0005495149616125463	0.00042372967151407787	107	0.000884013181407718	0.0009855534061785256	107
4350	0.0007778310609136482	0.0006806043694085346	107	0.000977684535731241	0.0007176647074825998	107	0.000653369490041222	0.0005907663952476107	107	0.0007070346427691494	0.0006716645552311811	107
4360	0.0008985220579239136	0.0008665406443343345	107	0.0010718871395643435	0.0007019617164095265	107	0.0005974030124145662	0.00042223608165033	107	0.0008629225758754904	0.0008016786239216316	107
4370	0.0010307725016459725	0.0010812747083765587	107	0.0009576061776040073	0.0007139817792990314	107	0.0006575304992914318	0.0004629823851387359	107	0.0008119047205511916	0.0008559325886778938	107
4380	0.0009884206073513704	0.0009245244301846825	107	0.0010887426032484254	0.0006661580193427493	107	0.000584627092054408	0.00046455069712572167	107	0.0007941480751626463	0.0007329629948583001	107
4390	0.0007879398352663798	0.0007855715673278218	107	0.0009216619476044719	0.0006223109109736972	107	0.0006347273513665582	0.0005083326439333058	107	0.0008521185667002245	0.0008754359446135512	107
4400	0.0009658785803202681	0.0008365042358120866	107	0.0009620253202663066	0.0006467170289763223	107	0.0005334049175132694	0.00035566335790491755	107	0.0010597575429009216	0.0010495717569887443	107
4410	0.0007617792352064128	0.0007124196322238847	107	0.0008954767344900843	0.0006571663761357442	107	0.0006011954119998016	0.0005203432602811424	107	0.0011994908677512336	0.001152079070670313	107
4420	0.0007181444917968037	0.0007398276613742561	107	0.0009626024102687933	0.0006349084149928797	107	0.0004435197708936012	0.0003739333723551405	107	0.0009831592417222572	0.0009475658613691236	107
4430	0.0007807498564900192	0.0006933546319172559	107	0.0010429695079698452	0.0007637994951448044	107	0.000592194919570005	0.00043630358455788476	107	0.001116420453207046	0.001112237566558901	107
4440	0.0008713354833122402	0.0007843828163328555	107	0.0008600507353810636	0.0005971907022981973	107	0.0006200156392292945	0.00039804462974388227	107	0.0009810675066836431	0.0007799374222506251	107
4450	0.0010054669768773722	0.0008332120771267072	107	0.0009966015616181137	0.0007277768467560854	107	0.000637960504721696	0.0005110601012855028	107	0.001029947069138483	0.0009063301006815092	107
4460	0.0010445172701598242	0.0008315043511758916	107	0.0009928444614700363	0.0006935712948352771	107	0.0006417048371667138	0.0005162450613051576	107	0.0010120792724616968	0.0009019211616112841	107
4470	0.0009157777569696678	0.0007920173593714998	107	0.0010002817861051705	0.0006928832916380049	107	0.0005805910514544222	0.00047457830841560623	107	0.0012950971312404623	0.0011686613853820929	107
4480	0.0010498937111947096	0.0009539064084518348	107	0.0011103699146404302	0.0007940203960652364	107	0.00048012898288650273	0.00040752586398906773	107	0.0008541106392447448	0.0008755906710674891	107
4490	0.0009458539813987408	0.0007881018884654431	107	0.0009210721576724969	0.0006816212300826173	107	0.0007159796782307793	0.0005493878443287954	107	0.0006356422271772608	0.0006287882790852742	107
4500	0.0009304297878531754	0.000797010737127083	107	0.0009701316289325422	0.0006799184529014301	107	0.0006623644128893782	0.0004911638695585109	107	0.0012602607899008169	0.0006752666705654982	107
4510	0.0009596358028508792	0.0009317535775944023	107	0.0009514553443252194	0.000690236848602425	107	0.0005606618914409133	0.0004692679205197313	107	0.0009330021375988343	0.0009133522845561357	107
4520	0.0008801727139577493	0.0007536990897660575	107	0.0010847945135791458	0.000726521848966204	107	0.0006458510350542191	0.0004567274745848676	107	0.0009655655282282095	0.0012282498479294238	107
4530	0.0008615117319127631	0.0006897397568044082	107	0.0008437791166911515	0.0006151506767786386	107	0.0005450424334673802	0.000384221079356221	107	0.0008927656074450384	0.0009383719056092083	107
4540	0.0008663078099870172	0.000728268627289292	107	0.0008853039704302102	0.0006344254975161271	107	0.0005218238316875438	0.000464885453609595	107	0.0009592015200050602	0.0008518919799959481	107
4550	0.0008644405351131418	0.0008840383805549387	107	0.0009687407362515013	0.0006967744747087922	107	0.0006170273603277196	0.0005747191706885218	107	0.0007640780903254827	0.0007745808927369409	107
4560	0.0011197507422494061	0.00106273925945476	107	0.00106266005739025	0.0007720443589789862	107	0.0006786498978945678	0.0004906933930197731	107	0.0010453973358664336	0.0010092304688973125	107
4570	0.0007976637053946622	0.0007784343356176144	107	0.0008956738469700557	0.0006953227810501555	107	0.0006479903904198449	0.00048382214519089453	107	0.0011325155773327733	0.0010608692643886025	107
4580	0.0008821574356131286	0.0009339658245263452	107	0.00107980718835714	0.0006808633635062217	107	0.0006767967743625677	0.0005225812606914665	107	0.0007925952821206096	0.0009686794162744141	107
4590	0.0010475617134794112	0.0008432064237097831	107	0.0008763458364992941	0.0006601481203839455	107	0.0006158753508514223	0.000504570985286647	107	0.0010290147631713323	0.000999052083093808	107
4600	0.0007915673327229519	0.0008609925951638889	107	0.000992168351583598	0.0007288213140937558	107	0.0006476569406809543	0.0005366241706998458	107	0.0008424478167160232	0.0007708463980336149	107
4610	0.0009640276028061641	0.000958279241921204	107	0.0008518207035086766	0.0007732955066615944	107	0.0006054434701656829	0.000560103251701882	107	0.0009162309120728016	0.000976743261581776	107
4620	0.0008063982372044903	0.0007604413837274276	107	0.001024710350994093	0.0007641840252291778	107	0.0005936913742949306	0.00042574964394782774	107	0.0008186901462261883	0.0008204750276733552	107
4630	0.0007279848820924806	0.0005935970548259194	107	0.0009196634659379031	0.0006221864493363392	107	0.0005608913348269764	0.00046163410276490357	107	0.0007584607189689091	0.0006863336162194289	107
4640	0.0010130693582405404	0.001057538279735233	107	0.001044776509913719	0.0008267709465251205	107	0.0007528937671159897	0.0005496977929786838	107	0.0010348351993328096	0.00101516921926635	107
4650	0.0009066362805241762	0.0009199834916219725	107	0.0009567853400825053	0.0006385308232529249	107	0.0006821501268611567	0.00048001554399227986	107	0.001434795352913098	0.0013753393009263528	107
4660	0.0010153850529450753	0.0009506924495540205	107	0.0010036667952052249	0.0007889584008519674	107	0.0005892842386281418	0.0004707409935459366	107	0.0009757232913611154	0.0008689365165881208	107
4670	0.0008166573601498905	0.0007786198380808142	107	0.0010258080438373294	0.000695287707340768	107	0.000687573218225708	0.0005654081289828396	107	0.0011090444561510004	0.0011832508594036995	107
4680	0.0009289248990180608	0.0009458999303720825	107	0.0011582392822318906	0.0008045058136701413	107	0.0007124966057891967	0.0005983155509295112	107	0.0009969513540499983	0.0008662658736973851	107
4690	0.0010694980181953817	0.0009056947941824085	107	0.0009739619354378494	0.0007910913752496723	107	0.0007761512955578767	0.0006452536059359012	107	0.0006570399555799488	0.0007829203365871021	107
4700	0.001048350573328546	0.0008297348267185971	107	0.0014222472103714002	0.0008062485704582756	107	0.0007147659069466969	0.0004792966068391117	107	0.0009415004128790867	0.000997152096682817	107
4710	0.0007872780957346783	0.0008327606371071118	107	0.0009245907747192799	0.0006610845848846667	107	0.0005849361422508351	0.0005277609606625379	107	0.0009678543839007964	0.0012903111273060003	107
4720	0.0007899002964499731	0.0006013907972142789	107	0.0008438680042588131	0.0006658912378573831	107	0.0005513294643375788	0.00040795710655059617	107	0.0008173592898783098	0.000809599633059724	107
4730	0.0008519490026799425	0.0007560496075930216	107	0.0008761611299911467	0.0007558634803762308	107	0.0006761678141309789	0.0005839259606403223	107	0.0011016475574366314	0.0011607952383773756	107
4740	0.0007839236269422711	0.0007451970779941975	107	0.001048171764706067	0.0005856071972436033	107	0.000562761714506614	0.0004489118612182981	107	0.0008268053677084747	0.0008897703002954433	107
4750	0.0009378202628996046	0.0008448525215655009	107	0.0008661630919892466	0.0006381625191090286	107	0.0006129555300001755	0.0004109208532115631	107	0.0008495484569613294	0.000805773038972925	107
4760	0.0008007364696222162	0.0007698248337201304	107	0.0009199238121286961	0.0006462903104099288	107	0.0005880739029075039	0.00047240395833031266	107	0.0009002226011962662	0.0010508040841537684	107
4770	0.0007169537736971826	0.0007115454521609025	107	0.0009288198414421378	0.0006384543356546224	107	0.0006028327594615401	0.000503151785220078	107	0.0010312101559004775	0.001134419062594005	107
4780	0.0008189282795466888	0.0008130252249499247	107	0.0009293339181018214	0.0006974648632203664	107	0.0006572101217497344	0.0004892525962016602	107	0.0009548579483142053	0.0015815827243952257	107
4790	0.0009231562595842644	0.0007734306317450789	107	0.0009451127907354296	0.0006814604763624837	107	0.0005037552806028321	0.0004228671671861001	107	0.0008996017891320025	0.0007604225939695845	107
4800	0.0009289132910934469	0.0008434086560569303	107	0.0010065600124825776	0.0007913892755568963	107	0.000644223293595184	0.0004846925117222915	107	0.0009796673366028218	0.0008763015058524639	107
4810	0.0010283069572003694	0.0008874590488248468	107	0.0009633803030467429	0.0007251227772774227	107	0.0006124976820512487	0.000491912733760445	107	0.0008440348233425829	0.0015629579847104137	107
4820	0.0009084638486487386	0.0008340129841168262	107	0.0008184003894544254	0.000654794699753541	107	0.0005247183148787274	0.0004342331426515752	107	0.0011589705739000783	0.001101785109536532	107
4830	0.0007754286442775333	0.0007359734206713168	107	0.0010041255306887972	0.0006185691190004654	107	0.0005061151200216622	0.0003072719061060326	107	0.0011370664133389832	0.0011234417935260302	107
4840	0.0008901237909967748	0.0008245367605857647	107	0.0009950202930425892	0.0006161065137536835	107	0.0005836178023653529	0.00043954001201217547	107	0.000879480465750744	0.000930557485782607	107
4850	0.001159876365957715	0.001033833755754598	107	0.0011829749164738246	0.0007034963885664006	107	0.0006245696196330489	0.0005500594134038944	107	0.0004875282417060542	0.0007002506124487514	107
4860	0.0009767266835799793	0.0009437582726867592	107	0.0010163254105614973	0.0008487601234621535	107	0.0006304996449784542	0.0005092121610042149	107	0.000850475971827347	0.0007527528670377597	107
4870	0.0007240503233148497	0.0006409428855306957	107	0.000900621559929943	0.0007655855414197012	107	0.0008234679336205227	0.0006151430873565756	107	0.0010944718748417195	0.00106487311341728	107
4880	0.0009116829140035359	0.000865580101245526	107	0.001137819351584058	0.0008333645575409037	107	0.0006752554301356478	0.0005533074703912246	107	0.0011774365928880932	0.0009123260794473248	107
4890	0.001075851494778934	0.0009744859829257688	107	0.0009300267618024918	0.0007309005222750264	107	0.0005957561505605916	0.0005417203569223298	107	0.0007001810452294966	0.0010021712706592798	107
4900	0.0009175626038266302	0.0007629061946530561	107	0.0010188356892027297	0.0006926775917627393	107	0.0005321305528777256	0.00042966854692428783	107	0.0008129818931402361	0.0009817211886622925	107
4910	0.000752208639773216	0.0007411258172684659	107	0.0009905247583567717	0.0006882070485751353	107	0.0006446021034943714	0.000512940594346474	107	0.0008964449048009825	0.0009664637486954868	107
4920	0.000975510125487009	0.0008346762902440544	107	0.0009781689862334454	0.0006896317011463845	107	0.0007080755390268393	0.0005864107214916583	107	0.0006354516504429778	0.0008190763624648898	107
4930	0.0010685654606730592	0.0010194174284139006	107	0.0008704674535168705	0.0006444550628796574	107	0.0005592393943776105	0.00041602168501532114	107	0.0008691571107254159	0.0009548396284282926	107
4940	0.0008184090316191756	0.0008536940603231681	107	0.0009782243765349917	0.0006793484076139986	107	0.0005885320653810898	0.00046646980740463903	107	0.0007307782903303239	0.0011961577859459294	107
4950	0.0010160726155201349	0.0009633393434347187	107	0.0009912481401965164	0.0006496197041487182	107	0.0006162844371624911	0.00045300288726077596	107	0.0008369489526548735	0.0009641871569528026	107
4960	0.0008675243079469497	0.0007965157692064534	107	0.0010216969273509342	0.0007357519817195431	107	0.0006130094743223998	0.00046267477642317694	107	0.0009412954850456537	0.001023086358743152	107
4970	0.0008981664249002317	0.0008186403872105784	107	0.0010274185251791209	0.0007376920794937044	107	0.0005493624840373803	0.0004360395602776372	107	0.0007859018041313776	0.00091417318204037	107
4980	0.0008169799548343064	0.0008050400067868825	107	0.001006804843076003	0.0006697411633604045	107	0.0006441724448267457	0.00044347876823559273	107	0.0010576711538173428	0.0011408253652926848	107
4990	0.0008559750174848555	0.0007492243661379653	107	0.0011149812561547243	0.0007380473191451027	107	0.0005420820682222894	0.0003971786380531729	107	0.0010596142335538331	0.0009769661390909919	107
5000	0.0009149076670279386	0.0007743323548977238	107	0.0008405161757825222	0.0006243064487745535	107	0.0006037288590737469	0.0004529338002528021	107	0.001004384033358008	0.001022090015935241	107
5010	0.0008670177839721996	0.0006214465048277434	107	0.000786724269176412	0.000630419863885109	107	0.0006558178984461792	0.00046694380925112227	107	0.0009011185032811413	0.0008322294537605519	107
5020	0.0009826788271021089	0.0007968740421451559	107	0.000948341183681677	0.0007701375977131192	107	0.0006732553156894571	0.0004563488424341219	107	0.000815731324178633	0.0007624524026487322	107
5030	0.0008545282096981924	0.0008022092183987815	107	0.000954280777243818	0.0006458287414001301	107	0.0005488680292320254	0.0004287499806934496	107	0.0007420782123313581	0.0007393976372765435	107
5040	0.0009592571066929091	0.0009827954274791509	107	0.0010505633122329877	0.0007205988237234902	107	0.0006201121277376735	0.00047364930038360355	107	0.0008837512553408675	0.0011014739873922005	107
5050	0.0008484835546582509	0.0008280265826229694	107	0.0007977861862729038	0.0006918056650217405	107	0.0005750221381104421	0.0004625818973559187	107	0.0008501030323052947	0.0008460691404374503	107
5060	0.0009793801158882655	0.0009646096775885027	107	0.0009429145603607152	0.0006719113989651666	107	0.000540960949375698	0.0003765909950449186	107	0.0007927136547240031	0.0007223272904177036	107
5070	0.000981772444078852	0.000821934083584849	107	0.0009327576483989628	0.0006702821740601149	107	0.0006124068066120762	0.0005347842458015165	107	0.0009921140357916152	0.0009724841677732558	107
5080	0.0009855142818606046	0.0008598942756619647	107	0.0009737863302746289	0.0007249370470677225	107	0.00064448413649339	0.0005493010468714606	107	0.0008844578043798568	0.001160379907563678	107
5090	0.000844771325239179	0.0008333804572942781	107	0.0011532648452417006	0.0007419928478050736	107	0.0005071641996236123	0.0004377021969197935	107	0.0011272923522409304	0.001257128140388079	107
5100	0.0008637873821884655	0.0008748045972614372	107	0.0009263377335740344	0.000743608934034725	107	0.0005443209191593239	0.00041672431771868306	107	0.0013139973688247417	0.001116435956715847	107
5110	0.0007524260899602448	0.000742893865851664	107	0.0009743601215079341	0.0007785219787607724	107	0.0006158237472702282	0.00046845280720454583	107	0.0007538296186644719	0.0008920664707268698	107
5120	0.0010133022740742043	0.0009411072153729073	107	0.0012044781149698335	0.0008586164174951607	107	0.0005698196179372638	0.0005006724590099528	107	0.0008345108055735576	0.0010780309195949176	107
5130	0.0009397391505552023	0.0009148971065376111	107	0.0010926716131076494	0.0008686441499286969	107	0.0007315758280219858	0.0005522910603629635	107	0.0011490502565138381	0.0010866596753354768	107
5140	0.001038277406484668	0.000967034602287789	107	0.0009846979894459638	0.0007327867810890235	107	0.0006065930017439536	0.0005348244966736934	107	0.0009592885779563375	0.0009906146784863098	107
5150	0.0009764401529424697	0.0008425008873396453	107	0.0010099429834819944	0.0006809649907014435	107	0.0005953804743757146	0.0005087055740726914	107	0.0008918973996482938	0.0010374521917660786	107
5160	0.0009022074330945754	0.0008329485826106018	107	0.0008774542534747666	0.0006791317346725637	107	0.000722107144291386	0.00044339075472701574	107	0.0010544702010667273	0.000995373128046036	107
5170	0.0009456441914843919	0.0008794264760963906	107	0.001097511224451137	0.0007156821682050785	107	0.000647406211255193	0.0005332299246856805	107	0.0009669940551387454	0.0008380159820491438	107
5180	0.0008990818382365897	0.0008143987529744278	107	0.0009560223613950635	0.0006888270472793861	107	0.0006220628585741824	0.0004585240105457052	107	0.000754300501620239	0.0007226478026789723	107
5190	0.0009481743208144043	0.0007519432301757265	107	0.00101371998300499	0.0005602879056969598	107	0.0007072635074967155	0.0004981970965781795	107	0.0008082825387440093	0.0010708594613390657	107
5200	0.0009322546334296402	0.0008107776077580668	107	0.000921428192721719	0.0006746555494193982	107	0.0007128291660153086	0.000486625652601011	107	0.0007203869477569048	0.0009012261242758625	107
5210	0.0009218919746851323	0.0009023122128771401	107	0.0009704715160940877	0.000733604636095765	107	0.0006161589779363244	0.0005276579890461157	107	0.001100729918282972	0.0009841887940406433	107
5220	0.000933309356182514	0.000799116879508209	106	0.0010202903802251997	0.0005767747293444366	106	0.0005820777728108864	0.0004609121407364643	106	0.0007171836833593384	0.0007726996006264849	106
5230	0.0009186664986149735	0.0007814181148474202	107	0.0008984444172265133	0.0006343130125109184	107	0.000605906991068105	0.0004357837310724224	107	0.0007737636566231437	0.0011449824540315516	107
5240	0.0008476184305892546	0.0007128029720010687	107	0.0008434514048557487	0.0006872204741445432	107	0.0006151896545608443	0.000413826516330272	107	0.0006914818925850534	0.0005115918847675647	107
5250	0.0010298271704283545	0.0009325546283866523	107	0.0011761834087663325	0.0007273634247634506	107	0.0005647020148639525	0.0004681418645305895	107	0.000875384938916702	0.0008707266028135539	107
5260	0.0007046768115964215	0.0007056364698276141	107	0.000860818561731149	0.0006498365546744409	107	0.0005740095333280785	0.00042137161910601914	107	0.0007928239967595748	0.0007775407000269866	107
5270	0.001024445668568428	0.001003680641116035	107	0.0010545269563278182	0.0007148432366491862	107	0.0006011773471413364	0.0005181279682429224	107	0.0008414146898675673	0.000883475522061784	107
5280	0.0010417913625677044	0.0009687545503995007	107	0.001063580120585334	0.0007172496081555813	107	0.0005443365233103469	0.0005065617540175835	107	0.0007641822239210593	0.0008047052173975193	107
5290	0.0007598061238903451	0.0006880255271376505	107	0.0009564503495217789	0.0006805493544564837	107	0.0006383293058928247	0.0005180327036162927	107	0.0011007352456270463	0.0010340161791316078	107
5300	0.0009004404042572074	0.0009203012419368054	107	0.0009800079201017524	0.0007613093046954666	107	0.0005449305915682488	0.0004902759781228403	107	0.0007846384208635312	0.0008958414634220792	107
5310	0.0009783294741509997	0.0008635795670509295	107	0.0010275124686959184	0.0007365896305618273	107	0.0006150765762424707	0.0004384536135239034	107	0.0009334852978613675	0.0009962344692113542	107
5320	0.0008496332911391174	0.0008435171065401176	107	0.0009779692717433622	0.000737081993182996	107	0.0005785133638171692	0.00042810767401033333	107	0.001314087623850306	0.001056108572064532	107
5330	0.000879875133558194	0.0008450019703330583	107	0.0008026755049286488	0.0005597825783684368	107	0.000500642951905248	0.00035864634981466097	107	0.0013201785658830782	0.0013606072213970476	107
5340	0.000794064082640895	0.0007716391409326725	107	0.0008436383993851511	0.0006059683524102031	107	0.0005022116652010308	0.0003835967972562093	107	0.0007480458265047584	0.0007832590337639426	107
5350	0.0009608674770256862	0.0008549785651143305	107	0.0008445730263969403	0.0005970735322499244	107	0.0005646463673617886	0.00043124955221954356	107	0.0009177270096086779	0.0010786713315252502	107
5360	0.0010711286456648057	0.0009130174981196371	107	0.0008734510993493509	0.000621052768527426	107	0.0005528379221673458	0.00048493102186645545	107	0.0012263408006174357	0.0011381271093834906	107
5370	0.0010518185782241343	0.0010136664679809718	107	0.0008288622381057504	0.0006322366331040918	107	0.0005298926011309446	0.00046410057333020433	107	0.0010427414040499142	0.0011131776252880361	107
5380	0.0006714832442068833	0.0007067832595564563	107	0.0009809323121058153	0.000559904561818959	107	0.0006203724031657089	0.0005127684532128943	107	0.0009605048500305451	0.0015288132101030686	107
5390	0.0008525058346611967	0.0007803613102803838	107	0.0008962319507287128	0.0006226565895195163	107	0.0005380698639932225	0.0004716254334533081	107	0.0009197431846246424	0.0009066107523902885	107
5400	0.0010012119744030091	0.0009775420955316666	107	0.0009149711846317683	0.000716916633207537	107	0.0004688017778971347	0.0003866071285049573	107	0.0006042717426023469	0.0006947801070384476	107
5410	0.0007505972489314523	0.0007068997359982161	107	0.0008562294175401431	0.0006154646127946211	107	0.0005499962793521079	0.0004156616808469182	107	0.0006946719916570236	0.000602283746951452	107
5420	0.0008702448799374651	0.0007688983291023834	107	0.0009843822109410197	0.0005698677426142966	107	0.0007405408437575758	0.0005421720332395463	107	0.0009946406769974778	0.001074886896017511	107
5430	0.000883576092238167	0.0007858052599266169	107	0.0009460084469370002	0.0006311942308453135	107	0.0004914448534001855	0.0004604960955978985	107	0.0010761508423458611	0.0012836105104072403	107
5440	0.0008834414213949862	0.0008520314200743672	107	0.00087612526930522	0.0006319439547000778	107	0.0004860817705934676	0.0003811902713559452	107	0.0008373390442197816	0.0011174968550422234	107
5450	0.0009651396595997074	0.0009198648962962189	107	0.001044079839389551	0.0007548680662604319	107	0.0006899920946927939	0.0005736733698094397	107	0.0013405985007545144	0.001996214452301216	107
5460	0.001030112941998858	0.0009294447407648803	107	0.0010299079904925997	0.0007772037001573204	107	0.0007804629966400126	0.0005946008627928204	107	0.0011771147129248781	0.001156934343712606	107
5470	0.0009537816169936798	0.0009279632250372443	107	0.00089735254449561	0.0006336040312100376	107	0.000524424327006847	0.00036970181043867125	107	0.0008535029562948113	0.0009039472999795526	107
5480	0.0009396832669897155	0.0007753966017912412	107	0.0008486089985987747	0.0006318188598254459	107	0.0005649483001966452	0.00037072217682517525	107	0.001101273751423713	0.0011060131066051723	107
5490	0.0009794139676252722	0.0007604165512795402	107	0.0011089378121137362	0.0007320399754947983	107	0.0005961533058291593	0.0005202847385525315	107	0.0008268341273690992	0.0010038977064602218	107
5500	0.0008666229378383483	0.0008331237837580935	107	0.0009975814095130793	0.0006714133242717051	107	0.000709982287384019	0.0005135704673128577	107	0.0009593318630045316	0.0009529838772026235	107
5510	0.0009909882771256863	0.0009668525176829662	107	0.0009503789184286479	0.0008111857644572697	107	0.0005919367585495236	0.00048762661838758697	107	0.0012248081959816072	0.0010179677672805267	107
5520	0.0008796621378693242	0.0007971892803063176	107	0.0010949498101125803	0.0007445649181103515	107	0.0007158248763377249	0.0005562521748030209	107	0.0009092253534169235	0.0009745152372156177	107
5530	0.0008934250888039732	0.0006871167762698518	107	0.0009210234080220765	0.0007306773522389225	107	0.0006343964914593707	0.0004861632321724727	107	0.0006194736569039024	0.0007538518325574577	107
5540	0.0008217923639800406	0.0008357133565129519	107	0.0009216783071546609	0.0007997280007300117	107	0.0005473653910843646	0.0004550247134745881	107	0.0011735431422756808	0.0012265229315003615	107
5550	0.0009733944638154521	0.0009202862694866088	107	0.0008975413988018863	0.0006941558471959148	107	0.0005931373034647765	0.00042667312062434203	107	0.001414868093970453	0.0010679945443342782	107
5560	0.0012625525460768386	0.000841432389483188	107	0.0009791669248916618	0.0007444824675191212	107	0.0005385853637867571	0.0003913100188626514	107	0.0006515372252390861	0.0009363616317562496	107
5570	0.000681912454463703	0.0007086568735861856	107	0.0008911512075630682	0.0006078039517956014	107	0.0004724265243801567	0.00038799715279133596	107	0.000818315346656497	0.0007983591057796971	107
5580	0.0009586224323518728	0.0008489188188038669	107	0.0011104230141226609	0.0007558379187451662	107	0.0005861385855403887	0.0004814340104003749	107	0.0009975482868060876	0.0010098338465612945	107
5590	0.0009671059298491095	0.0010166205776360427	107	0.0008349213304618454	0.0006606288541277096	107	0.0006773934031325375	0.00039793315836891407	107	0.0006740101123763093	0.0007854164588375795	107
5600	0.0009029620791511595	0.0008505357083743797	107	0.0011252594214102285	0.0007252234025566784	107	0.0005206312772656111	0.0003572191938933324	107	0.0012236159691809104	0.001218239866972851	107
5610	0.0011653345209792804	0.0010080909819881747	107	0.0010769622810548989	0.0007328275654878435	107	0.0006174442416514082	0.0005009487296193642	107	0.0005756737014463619	0.000976507306628931	107
5620	0.0009118013470487292	0.0008004344449148816	106	0.0008517607963376703	0.0006642021439155321	106	0.0005055728437002921	0.00037265842725706187	106	0.0008179539207301524	0.0010354700895537055	106
5630	0.0010512018431231079	0.0009842081789089494	107	0.0009374636274394866	0.0006341520773473859	107	0.0004818790026645456	0.0004033270324569382	107	0.0008336674481923923	0.0007509356853930838	107
5640	0.0008569411973092216	0.000774296413774758	107	0.0009268199720303648	0.0006434929045950038	107	0.0005414530387388167	0.0004230518648047911	107	0.0007612597753279721	0.000824331643718066	107
5650	0.0008542727661459803	0.00079638776211836	107	0.0007934789265755935	0.0006863968888476349	107	0.0006330296364707856	0.0005161543109820857	107	0.0007005774340742907	0.0008016714624315045	107
5660	0.0009106976410267933	0.000842163645201158	107	0.0008695890310232672	0.0007332345948647172	107	0.0006183201719306413	0.00044226861352137856	107	0.0008473189010956534	0.0009963880847341376	107
5670	0.0010885329402932863	0.0010203738281680502	107	0.0009817291849953942	0.0007303198256800917	107	0.0006943726083095166	0.0005320758994322961	107	0.0005326549226000318	0.0008589527170970323	107
5680	0.0010487255689301915	0.0010321551943576314	106	0.0010374521475397106	0.0007503811526976396	106	0.0007865598257431247	0.0004320356087081712	106	0.001122039833343315	0.0013848360836617411	106
5690	0.0008865660151933704	0.0008271541334552869	107	0.0010644238256254694	0.0007278595863677809	107	0.0007499196487711738	0.0004525914892892763	107	0.0009013349312891664	0.0009370020874045539	107
5700	0.0009846853518152066	0.0009057476861082272	107	0.0008849484339597522	0.0008071753413970442	107	0.0007717306765517808	0.0005544387238711823	107	0.0009689663953264928	0.0010031913954756477	107
5710	0.0008680186564051944	0.0006946619058532863	107	0.0009614576322481185	0.0007390473236420123	107	0.0007153752292487219	0.00045057763476450937	107	0.0009295536676750038	0.0008834145072592238	107
5720	0.0008425128737490925	0.0007494104329948518	107	0.0009062509867520384	0.0006514390330826743	107	0.0005888731360927016	0.0004271306695790259	107	0.00108576133133578	0.000927781373747549	107
5730	0.0009021744383415861	0.0008330868004571309	107	0.0009566984340292545	0.0006616122711513352	107	0.0006630296988811724	0.0004581544413505852	107	0.0014270526106786312	0.0009078110976962261	107
5740	0.0007426810159945072	0.0007527278900891214	107	0.0009715968646409064	0.0006404285322675974	107	0.0006139104663811816	0.0004290376598156279	107	0.0008040185563650381	0.0010608796353899733	107
5750	0.000864264415622308	0.0008258189122002021	107	0.0008284773452800081	0.0007424326248538215	107	0.0006367412677531664	0.00040111699739937807	107	0.000695489216930912	0.0008930822029190333	107
5760	0.0008708056331893868	0.0008180374121864471	107	0.0008969087251519782	0.0006255772350108491	107	0.0006620669818908076	0.00045926446015359684	107	0.001011321222585516	0.0009808215391146568	107
5770	0.0009764731428310817	0.0009003023190684039	107	0.0009513386575272178	0.0006672760174352436	107	0.0005141641025573882	0.0003953598205195056	107	0.000828652444266086	0.0007502024540850199	107
5780	0.0007807448081100032	0.0007290867095847639	107	0.0009862427299266914	0.0007055199290697589	107	0.0006954529349578901	0.0005092371548959747	107	0.0005269332834604929	0.0007617782311342256	107
5790	0.001004058228004554	0.0008712933277305493	107	0.0009018838893334206	0.000615479015375064	107	0.0005669402485451806	0.0003704506351123693	107	0.0007292230763629206	0.0006728877342576411	107
5800	0.0007846821681614718	0.0009247704848849746	107	0.0009024055314385831	0.0006310972836477965	107	0.0005882442245549701	0.000452372347511976	107	0.0009233412053191155	0.0014634913752850096	107
5810	0.001035445718039686	0.0009588767943179693	107	0.0011002881648758218	0.000710838678956284	107	0.0007346709635222457	0.0004797466890118713	107	0.0008737879304174406	0.0010589945030062683	107
5820	0.0010252794058587845	0.0009932651016579881	107	0.00102986146547324	0.0006451666011690451	107	0.0006611489226844576	0.0004699750490049455	107	0.0007873195734471519	0.0009103955809419107	107
5830	0.0009566557033050215	0.0009333110708855621	107	0.0009817325827780297	0.0006330821242957601	107	0.0006263064271997945	0.00044214607173055865	107	0.0007603428095260962	0.0009077819533277932	107
5840	0.0009326951772588829	0.0009038168531555963	107	0.0008857800222220231	0.0006392681462503026	107	0.0006352701835653181	0.00044103592833728177	107	0.0009312259525719992	0.0011446752306255	107
5850	0.0008470181930205799	0.0007276951244021564	107	0.0008949684996443555	0.0006724082794291931	107	0.0005778302486650528	0.00040633208825216754	107	0.0007405308032022183	0.0008661543473616558	107
5860	0.0009531066097472696	0.0008319768118169819	107	0.0009497953077974924	0.0007867782692000271	107	0.00047103403700920967	0.00036120068406470305	107	0.0006645116940680535	0.000818169769860194	107
5870	0.0008151602718364446	0.0007236032717478758	107	0.00093374977663456	0.0007727240854215444	107	0.0005893091768871656	0.0004617600517075122	107	0.0008277534494024272	0.0009936698755569505	107
5880	0.0008552287868650854	0.0008299443326494732	107	0.0009376135407897279	0.0007215286470017792	107	0.0006287968962866356	0.0004106400387852324	107	0.0007415165993627618	0.0006947687699654766	107
5890	0.0006566838754754775	0.0006568381415320085	107	0.0009246276060224849	0.000636486973974381	107	0.0006561765296305813	0.0005597069218917051	107	0.0008355244810721924	0.0010249773023830488	107
5900	0.0011368849513018102	0.0009169336754767628	107	0.0010159181695949698	0.0007356909516238582	107	0.0006022105333397599	0.0004974196922442783	107	0.0011496856550386363	0.001036392952947641	107
5910	0.0008370524655533382	0.0007379807563326092	107	0.0009368042520390021	0.0007306711238682462	107	0.000542416709805222	0.0004186443227319197	107	0.0011931817001091408	0.001359272169207504	107
5920	0.0009381541931189263	0.0008461906588310809	107	0.0009199744152169853	0.0007262057662935393	107	0.0006265073776186681	0.0004582418584742837	107	0.0008040432890839925	0.0010191681043220668	107
5930	0.0009409634629366885	0.0008924009278436468	107	0.0008697207663421171	0.0006119827577399874	107	0.0005506439795999279	0.00046907500407199307	107	0.000545579977725126	0.0009410383424377695	107
5940	0.0012021494894233985	0.0010501393262447136	107	0.0008809864829792838	0.0007575138715600909	107	0.0006704201359057174	0.0005540608255024798	107	0.000907986422454178	0.0012119684861880663	107
5950	0.0008607380899367708	0.000849282777221813	107	0.0010380234779876238	0.0006980598516644179	107	0.0007405940609648634	0.0005930664748438025	107	0.0008144882558139912	0.0008166997846637864	107
5960	0.0008946712148256101	0.0008863677746966938	107	0.0009321987276479755	0.0006560849877484049	107	0.0005351159282356731	0.00046620134242462654	107	0.000723642468994159	0.000966888978065653	107
5970	0.0008262237574555518	0.000901351651163276	107	0.0008475449007325456	0.0006458791639609892	107	0.0005108111754811908	0.0003806373749560469	107	0.0006161057104559395	0.0006582562543904568	107
5980	0.0008839083908684673	0.0008088763681971917	107	0.000935391651352837	0.0007428316181894798	107	0.0005530108452943571	0.0004805403486564808	107	0.001064004025174353	0.0008144724273842321	107
5990	0.0009243575770899679	0.0008119525016012793	107	0.0008947087334548308	0.0006366508136667173	107	0.000502898420845592	0.0004040623603178659	107	0.000581113132798849	0.0007119215221564724	107
6000	0.0009900405906771155	0.000858391294573604	107	0.0008555998410471555	0.0005629673708193187	107	0.0005184860358849494	0.0004711032070174448	107	0.0007754460411747309	0.0010668998633310267	107
6010	0.000830361798173836	0.0008003795563541654	107	0.0009066085599053046	0.0006245842958939464	107	0.0006661026458591342	0.0004786298733883728	107	0.0011265967765557699	0.001151369020621525	107
6020	0.0008753376215085517	0.0008961016784235345	107	0.0008370755640884696	0.0006204559987053778	107	0.0005207481811259986	0.0004246338498278823	107	0.0008474208133763204	0.0008031912864481564	107
6030	0.0010430486178072908	0.0009989987903720374	107	0.000921944744013327	0.000677140292477071	107	0.000496712997898281	0.00042190804677133526	107	0.0007789719787476141	0.0009658728792736394	107
6040	0.000886136979696919	0.0009280384490042159	107	0.001163108018941322	0.0007175516893760559	107	0.0005775736408193949	0.0004340113984391778	107	0.0009033084533609768	0.0010434133930275662	107
6050	0.0010111219349078033	0.0009246589643657223	107	0.0010000753481856992	0.0006993999277797639	107	0.0005940669425949279	0.0005086743170902009	107	0.0009170904858289197	0.0012734810368678227	107
6060	0.0010394350287843545	0.0009832537151540012	107	0.001018470623237549	0.0007720724317489945	107	0.0006297981736909974	0.0005800495818086698	107	0.0007339018341161386	0.0009179116882863947	107
6070	0.0008351868541598812	0.0009037872404511343	107	0.0010448416152539321	0.0006346629707061696	107	0.0006189722241420862	0.0003913766356243043	107	0.0006732170715766559	0.0009243265922241581	107
6080	0.0007902472262615522	0.0007214187915393122	107	0.000953217541942267	0.0007544581610221843	107	0.0005446877901664133	0.0005227895819418161	107	0.0005991555297584529	0.0006096427757766951	107
6090	0.0010209799512301432	0.0008462261561342003	107	0.0009378766177782637	0.0007259120313715264	107	0.0006237171448345642	0.00044182875087023915	107	0.0013425092052588626	0.0014908589369607356	107
6100	0.0008946992939888088	0.0009259541456943482	107	0.0008361235817268215	0.0006279584703953175	107	0.000548522094564763	0.0005307217378224406	107	0.0007742506388216814	0.0009262495260110714	107
6110	0.0007664902699050806	0.000706394468260642	107	0.0009743271814026815	0.0007734993075973003	107	0.0009010326343939531	0.0006460728606476187	107	0.0009306433953351667	0.000809862247957578	107
6120	0.0008550699634668692	0.0008386067463353162	107	0.0011457956743176412	0.0008264046817326161	107	0.0007223555244848745	0.0005587271038094237	107	0.0009985855115577109	0.0010949792013807119	107
6130	0.001031888963055114	0.001011310992838065	107	0.0010997348567848273	0.0008581065500216135	107	0.0008311481307925242	0.0005061231584458091	107	0.0009639414311815169	0.0009224919159075547	107
6140	0.0011168248298106388	0.0010822889342797933	107	0.0009343554438562797	0.0007544491415323123	107	0.0008175865457603038	0.0004780833248250769	107	0.0006920011626801124	0.0008637420108434305	107
6150	0.0008372768741468597	0.0007885053358375557	107	0.0009775848161792955	0.0008005486834184887	107	0.000766915156957333	0.0004733211713425692	107	0.0005140992186850543	0.0009033427069577467	107
6160	0.0009680973941575398	0.0009559635593020172	107	0.0009001953843198795	0.0006499341730459729	107	0.0005985815033372951	0.00048189598572540075	107	0.0008231566096005939	0.0009522437041668624	107
6170	0.0009601392897266354	0.0008693697724099969	107	0.0008744427958551885	0.0006424572468624475	107	0.0006809514574614567	0.0005060479240314724	107	0.0005520726601293775	0.0009377943957152628	107
6180	0.0009289507553024284	0.0009607828533452841	107	0.0010206288569248767	0.000743694827853785	107	0.0007229812179111497	0.0005461049350659282	107	0.0008768772049174938	0.0009579263035684665	107
6190	0.00089096700763333	0.0008895692801875134	107	0.0009556863339548234	0.0006954207444179927	107	0.0006114197830287408	0.0005245052278755553	107	0.0009852223547411195	0.0009189682890587237	107
6200	0.0012208229653924612	0.0008721781187057417	107	0.000852029238027546	0.0006095034957179108	107	0.0005369295082493874	0.0005046363915229391	107	0.0006311581974554005	0.0007157489574479803	107
6210	0.0007462934148674034	0.0007489970861184889	107	0.00090843341359748	0.0006283770110006688	107	0.0006397037488351294	0.00044310610580254313	107	0.0009278172191642174	0.0008308160809955286	107
6220	0.000898080715487616	0.0007307994158584286	107	0.001010779775591601	0.0006883042445927142	107	0.0004953544922747183	0.0004407794194255924	107	0.0008166007550199804	0.0008329418570962652	107
6230	0.0009091106647527863	0.0008333657879808172	107	0.000897705339439744	0.0007454815167643717	107	0.0006082013652252673	0.0004597218114290947	107	0.001280156556941848	0.0010266084943460253	107
6240	0.0011196439652355306	0.0010124178951477695	107	0.0010214306699635562	0.0007550212775472562	107	0.0006307732151918291	0.0005037318551662306	107	0.0012878052245857842	0.001153757067219024	107
6250	0.0008525446279334961	0.0008638969151814793	107	0.0009948437735760756	0.0008688448457159089	107	0.0006879609471245995	0.0004176199056774137	107	0.0007488710295473807	0.0009828137621747596	107
6260	0.0009078388252986755	0.0008588630908960552	107	0.0009455481932579225	0.000746183226451526	107	0.0005683860814217241	0.00046404873275255064	107	0.0008242476934443609	0.0008385287826163778	107
6270	0.0010000246522049749	0.000767819070007837	107	0.0010275461327056172	0.0007352916826402673	107	0.0005873655667297666	0.0004727854016591037	107	0.0007901537457970322	0.0007112151572449484	107
6280	0.0009146072466832748	0.00087362905433648	107	0.0009121229919942606	0.0006427445170763658	107	0.0006109501862181258	0.0004177289027059904	107	0.0009133599112147667	0.0008669485102559396	107
6290	0.0008734326973594817	0.0009129970290656894	107	0.0010179492388673365	0.000693055648905452	107	0.0006362953692373433	0.00048608483739733465	107	0.0008435410861364048	0.0007349516161226123	107
6300	0.0009518944412699349	0.0009818288192523688	107	0.00089504801634011	0.0006874417428498807	107	0.000794351616716102	0.0006393467620644024	107	0.0006954086274948483	0.000701388443173225	107
6310	0.0009543793226113612	0.000909364990179694	107	0.0009769913662483777	0.0007082533161066269	107	0.0007179721025396446	0.0004889288323682699	107	0.0012253123821299157	0.001275426907587053	107
6320	0.0009040324571991405	0.0007388994328324461	107	0.0009243226291110985	0.0008013797724078053	107	0.000770856806624807	0.0005005112544121482	107	0.0008217518051996913	0.0009700814895476146	107
6330	0.0009960531578021492	0.0009165010596441449	107	0.0009883781604653574	0.0007239693184721653	107	0.0007232758998313455	0.0005864773175342032	107	0.0013929233379406944	0.001030049839763154	107
6340	0.0008528006395002469	0.0008459335583081204	107	0.0009861464970976849	0.0006348152736852245	107	0.0005921442271154912	0.00047244144268667956	107	0.000813236993918558	0.0009057500571386138	107
6350	0.000778364507965261	0.000759542678468647	107	0.000959457789202003	0.0008009201391457483	107	0.0006416523347688019	0.0005420579782998015	107	0.0011897995754528972	0.0010920647520987915	107
6360	0.0010506452191708505	0.0008452337042918675	107	0.001002760585250297	0.0007669770526831013	107	0.0005262204899186947	0.0004377819576492364	107	0.0008562504977676473	0.0012724509436219333	107
6370	0.0010586841981135506	0.0008716060470349771	107	0.0009757198590984345	0.0007222749328767213	107	0.0004673125762644316	0.00043547241978262685	107	0.0007758024188608679	0.0007532114016177722	107
6380	0.0009101252789048155	0.0008614806077840883	107	0.0009072872287653943	0.0006883992718508153	107	0.0006710473929453788	0.0006103900863769935	107	0.0009577800756974139	0.0008569561540283933	107
6390	0.0008509804324935224	0.0007880212723976944	107	0.0009910673639509952	0.0007500494615872906	107	0.0006049852394725267	0.0005057787790139738	107	0.0007106241620742558	0.0008786650608333511	107
6400	0.0007944119870542261	0.0006922333491638526	107	0.0009307710077479755	0.000630980798162434	107	0.0005984956245760773	0.0005296730314995428	107	0.0009543634553606267	0.0011816331997413325	107
6410	0.0009259336812250338	0.0008693772007810875	107	0.0010022409396430682	0.0007335732166377886	107	0.0005547148265495738	0.0004030107835878759	107	0.0013514138412703152	0.0012884730719057275	107
6420	0.00080995493107035	0.0007625537746474315	107	0.0011350706324911458	0.000869115982444392	107	0.0007637363331068619	0.0005890134361873355	107	0.0008828143466425463	0.0007147098842243167	107
6430	0.001052223900775184	0.0009783272531226133	107	0.0009182560855360223	0.0007282926719061362	107	0.0006694245482577949	0.0005312921411746409	107	0.0009782581670803334	0.0010925975091652647	107
6440	0.0010128052728491028	0.0009286092278932577	107	0.0008806348484444639	0.0007127902182248816	107	0.000626157998581119	0.0004753902271616504	107	0.000786629635414045	0.0008983086988768703	107
6450	0.0008470990699776353	0.0008330699963876488	107	0.0008836409756113644	0.000689134667383722	107	0.0006590496402623063	0.00041532791497989903	107	0.0005324193279937321	0.0009857626306467788	107
6460	0.0007837821777760422	0.0006551805627544506	107	0.0009486771164659124	0.0006309070799104013	107	0.0006057011798843237	0.00044059454312737374	107	0.0007133852482088613	0.0011608066749439476	107
6470	0.0008039473714156307	0.0008016166668088407	106	0.0010665334318258727	0.0006897932919149887	106	0.0005920366465785317	0.0004819565763758968	106	0.000742473866770061	0.0008732055393929169	106
6480	0.0009415499369566921	0.000861438516834896	106	0.0009756291654706259	0.0006349766912636158	106	0.0005611616481428629	0.0004572988710364058	106	0.0008892915184646023	0.0008479685869262279	106
6490	0.0007486723756489384	0.0007397028348871121	107	0.0008883592143547985	0.0006765816699452233	107	0.0006934018525999516	0.00043322850963838013	107	0.0008447623563590491	0.0008226811537437671	107
6500	0.0009046008236309436	0.0007926371610781334	107	0.0008785336213583921	0.0007185111842799122	107	0.0006256937265960809	0.0005055404806691894	107	0.0007372543702895027	0.0008439284995052492	107
6510	0.000874582143964653	0.0007944667944592777	107	0.0008464498304206011	0.0006332686037595292	107	0.0005280137508695659	0.0004252557675584348	107	0.0008436718291956021	0.0009428346794967847	107
6520	0.0009158838011253832	0.0008323847942376032	107	0.000996326636753514	0.000703257897712708	107	0.0005747101188530178	0.00045775059383204196	107	0.0009255082266787897	0.0009159593924509823	107
6530	0.0010348945888216886	0.0008985503054189171	107	0.0008936176394806138	0.0006567239848113579	107	0.0006085377257762952	0.0005340246113371937	107	0.0006103537719270676	0.0004610143150374491	107
6540	0.0011713197410754962	0.0009034932748809844	107	0.0009829843587266579	0.0007371674708820374	107	0.000659758065283683	0.0005284162701101183	107	0.001335001425168984	0.0015698908408067242	107
6550	0.000801390110329603	0.0006952578868723312	107	0.0008705195108103062	0.0006617225533099659	107	0.0006182075504543209	0.0004320733714312542	107	0.0008228412984823047	0.0007386311521503843	107
6560	0.0008237322237341252	0.0006864506761640757	106	0.0009170000931028122	0.000659529885333921	106	0.0005801089535781774	0.0005330923759473661	106	0.0009898483467587586	0.000798196357380336	106
6570	0.0010121345476519874	0.0007919511771131383	107	0.0009622686967751757	0.0006636267666716383	107	0.0005902025341092656	0.00044548374299958616	107	0.0005852811769649441	0.0006466537042137759	107
6580	0.0007453475754576066	0.0007682666703345192	107	0.0008200195966713609	0.0006088931850892786	107	0.0005832089878051541	0.0004788136550024051	107	0.000956951065465243	0.0010105149969919177	107
6590	0.0009187125138254858	0.0008387016445400242	107	0.0010551704876072066	0.000629847133928259	107	0.0004561321552003856	0.0003925758613619183	107	0.000861377011301854	0.0007613601689975313	107
6600	0.0008445603994647809	0.000803274906766115	107	0.0009314401627852915	0.0007089174333978042	107	0.0006906569256064101	0.0004677610954230775	107	0.0006770254340098536	0.0008462614401177654	107
6610	0.0010588234964395934	0.0008788735777721146	107	0.0009977597538354086	0.0007439398113400399	107	0.0006164129306605968	0.00047008627643983585	107	0.001011381901804739	0.0008477708696560566	107
6620	0.001002639372354891	0.0008555018306219577	107	0.0010462662952289183	0.0007075889783675108	107	0.0005695176976613809	0.0004473978501001631	107	0.0012485359436977318	0.0012297060658959516	107
6630	0.0009602312432604621	0.0008955572415262951	107	0.0008517760788591784	0.0006130940976443809	107	0.0006927227268608225	0.0005072391622362981	107	0.0012517408673614573	0.0010960317666926693	107
6640	0.0009940550292830562	0.0009149618330052472	107	0.0008311799180062548	0.0006259157788525889	107	0.0005533147110750246	0.0003173143019001885	107	0.0009578290531312963	0.000940390062347249	107
6650	0.0008788426184526344	0.0007744095965007755	107	0.0008479760612993278	0.0006475762808883645	107	0.0005502137682928489	0.0003752404492922488	107	0.0006949080084365002	0.0009515954621256796	107
6660	0.0007120959546615026	0.0006123887225500507	107	0.0009728275959526714	0.0006879554787769725	107	0.0005153347337056225	0.0004005007512833871	107	0.0006188006695194275	0.0007694895834173402	107
6670	0.0010564145468990808	0.0008930909862823118	107	0.0010454135304417038	0.0006520889183738002	107	0.0006308691481795204	0.00040535481980115087	107	0.0008149681041856348	0.0008752820324254342	107
6680	0.0007903247551159071	0.0007379534690523763	107	0.0009483486827310581	0.0006462430879492737	107	0.000599811122697831	0.0005360016859460238	107	0.0006155938286527585	0.0006508585744578117	107
6690	0.0009108719755920082	0.0009202272685368904	107	0.0009712008234329279	0.0007236126106482513	107	0.0005540549743686808	0.0004573142515022827	107	0.0006967178795633716	0.0009451758614770079	107
6700	0.0010397922957152595	0.0008623650304242655	107	0.0010203569047598552	0.0006706674412341811	107	0.0006349903565255535	0.0005619364593845628	107	0.0006079645160287501	0.0006179407744696881	107
6710	0.0009647089564205822	0.0007791445986133968	107	0.0010225858472360954	0.0006331828053781668	107	0.0005243575441533347	0.0003480900207538224	107	0.0008914822346840056	0.0008152659727962799	107
6720	0.0011648472220053285	0.0008701950080122422	107	0.0010057550128214703	0.0007811279407021291	107	0.0006665225903633667	0.0005214417585455073	107	0.0009000459031483349	0.0009157291228993857	107
6730	0.0010381775710251405	0.0009961996655298583	107	0.0010868926773105452	0.0007740967289703129	107	0.0005578491590045253	0.0004928520708345447	107	0.00072786730554521	0.0009770758501324072	107
6740	0.0008604604860033934	0.0007773859887352517	107	0.0009797609540648155	0.0006569892036895757	107	0.0005369021877421532	0.0004950935739772253	107	0.000784866460989931	0.0007101660707225093	107
6750	0.0008630370118976664	0.0008177806336962402	107	0.0010243419325919358	0.0007619823319614453	107	0.0005424871798965198	0.000483197980011009	107	0.0010766428753502394	0.0010748296873402902	107
6760	0.0010234498338443825	0.0009490043811500324	107	0.0009871819590674253	0.0008127458598833298	107	0.0006206451519554888	0.0005294418198484587	107	0.0010752307059946893	0.0009653640523012138	107
6770	0.0008337327840259916	0.0008312348151001018	107	0.0009002956462412185	0.0006289713632822916	107	0.0005385814593059962	0.00044054613268747515	107	0.0010180613359529907	0.0009038444436952842	107
6780	0.0007388117584604366	0.0007044274917113102	107	0.0011241245202997944	0.0007000998587840438	107	0.0006380782095824362	0.0004168678768813277	107	0.001304601952414727	0.0011008058035128648	107
6790	0.0008584003589412169	0.0008281087258271933	107	0.0010691744363454656	0.0007519496447682942	107	0.0005825158050824166	0.0005384838438913537	107	0.000819339018089656	0.0008541255829336674	107
6800	0.0008856875024946056	0.0008288586002974751	107	0.0010638445815276743	0.0005873551277828623	107	0.000665516459914629	0.0004988358903039086	107	0.001217752221550646	0.0009873955075432686	107
6810	0.0009801628983211151	0.0008702547038684352	106	0.0007953040942908743	0.0006175598323578903	106	0.0006186573628610467	0.00046845049726122024	106	0.0005913497760442822	0.000597610016008769	106
6820	0.0007819244582840119	0.0007228798129559353	107	0.0009491935349726613	0.0007216390168917711	107	0.0006384553852788966	0.0004420828926776434	107	0.0006851140934699782	0.0006813646497694412	107
6830	0.001078364377508413	0.0008926542283909292	107	0.0009774166099552133	0.0006694958560580067	107	0.0006306090140586938	0.0004728665693627944	107	0.0007354712302686223	0.000691688427222288	107
6840	0.0007383526940209314	0.0006699498571082292	107	0.0008588548269498671	0.0007138166665186883	107	0.0007053508024712846	0.0005415691302685627	107	0.0007344947875943043	0.0007821954921037928	107
6850	0.0010120987132559891	0.0010541393801371383	107	0.0009590173791952783	0.0007734100814995068	107	0.0006256283359515334	0.00042574243998689886	107	0.0008217490085408377	0.0011485128158929042	107
6860	0.0008348087151639879	0.0007836712106942693	107	0.0012179807858287881	0.0008137778796123297	107	0.0008203175259524936	0.0006297719114625754	107	0.0010895043550097781	0.0012745785368086374	107
6870	0.0009081927451290923	0.0008197135905845833	107	0.0008617620230694765	0.0007526780806302442	107	0.0005810668594689428	0.0005479581039383645	107	0.0010460261294648076	0.0010146818901507488	107
6880	0.0008481010384896327	0.0007445934064790545	107	0.0007846371037973903	0.0005763109004334408	107	0.0005612962848109665	0.000399117842090876	107	0.000842479279298501	0.000757608943003207	107
6890	0.0008144705619665403	0.0007614164369035894	107	0.0010020724791086385	0.0006694524006848102	107	0.0006408729045625155	0.0004784820676255657	107	0.001229253482196066	0.0010118562753761184	107
6900	0.0008520024905836379	0.000779809116904185	107	0.0009110167049362143	0.00068319504541253	107	0.0005874927241908278	0.0004609918852463288	107	0.0007506564779209559	0.00092181204368654	107
6910	0.001133507785239955	0.0007126687434643184	107	0.0009746725472169072	0.0007365056523019347	107	0.0006102376719246798	0.00039127818194500914	107	0.0008401290856927144	0.000867492625027491	107
6920	0.0009539220372734588	0.0009398253365777841	107	0.0009341314396038111	0.0006903358371691859	107	0.0006795331533050741	0.0005613555065669473	107	0.0006811612650178045	0.0007047553837703264	107
6930	0.0008236273062741317	0.0008374305808628138	107	0.0009551562195912521	0.0006865291682034633	107	0.0005330516327581388	0.00044577894260102347	107	0.0009979618415778978	0.0008537560291822548	107
6940	0.0013489727801574744	0.00100644160790711	107	0.001061986941495112	0.0008223048276003329	107	0.0005852698526742035	0.00044232932098679973	107	0.0009043106250135805	0.0008362112569813412	107
6950	0.000833014203458452	0.0007315632959321544	107	0.0009697487250547296	0.0006945063060812229	107	0.0006058519308342217	0.0004874681513602897	107	0.0006382902861280265	0.0007394664740697775	107
6960	0.0012261894442123053	0.0009421303705040981	107	0.0010925073085087905	0.0006693819145656664	107	0.0005327657868101762	0.0004078086597690945	107	0.0008640002743390828	0.0009782019122882598	107
6970	0.0007419855384542751	0.0007475409648061714	107	0.0009461558643788754	0.0006816541063605918	107	0.000502412252317962	0.0004664280995801478	107	0.0007761541492287683	0.0008595020173272589	107
6980	0.0009192298648392098	0.0008761102887719604	107	0.0008635255523800699	0.0006085028371389975	107	0.0006340315740719606	0.0004631158172906358	107	0.0010881969641898576	0.0009029318682636523	107
6990	0.0008027034017480776	0.0007607191261271394	107	0.0008940042169463878	0.0006485997953699644	107	0.0005293196682763154	0.0004085951436024424	107	0.0008412954332640307	0.000812768617919036	107
7000	0.0010659617949188409	0.0010246930545832692	107	0.0008415332632358848	0.0006651521482614825	107	0.0005554662061589424	0.0004268370067073103	107	0.0009908581673254747	0.0012253627043130487	107
7010	0.0009358093112049736	0.0008906006668264779	107	0.0009746301206630068	0.0007622274520042611	107	0.0006059635190036618	0.0004948856737666756	107	0.0007313581630218672	0.0006463443250435113	107
7020	0.0007639030092553486	0.0006849007839326932	107	0.0008688860764263485	0.0006351136936169301	107	0.0005831930325704621	0.00039841362486143676	107	0.0008886712240659074	0.0010681624274613353	107
7030	0.0008925230056156232	0.0009114038847744738	107	0.0009456637679005904	0.0006489485630795342	107	0.000537621190048506	0.0004456215124493971	107	0.001091756055079076	0.001120877436267456	107
7040	0.0010523230585991927	0.001081522486208818	107	0.0011243886357548405	0.0006382270926924303	107	0.0005653534291190927	0.0003623248830158772	107	0.0009080314095562184	0.0009560493991658481	107
7050	0.0011220527523342716	0.0008911290595849077	107	0.0009251326474328223	0.0006827904826641312	107	0.0006196948207546779	0.0005000148663745124	107	0.0007627250457356841	0.0009275418986698896	107
7060	0.0008160855443433257	0.0008102283882109071	107	0.0009591812935462646	0.0006498377510780835	107	0.0005342090950316681	0.0004551672137158308	107	0.0008667267307726333	0.0012960663041805978	107
7070	0.0011231026755200585	0.0009565924570118632	107	0.0010109046924690044	0.0006685013954140596	107	0.0005809759943880605	0.000496081930944779	107	0.0003794971807643856	0.000393235601637602	107
7080	0.0007402406657799165	0.0007481249827315878	107	0.0009541038106600798	0.0006344819795994071	107	0.0007468099946746468	0.0003939859267773169	107	0.0005585246811791176	0.0005722496451009492	107
7090	0.0009374146807745031	0.000833685152969738	107	0.001043791971607584	0.0008264716930771348	107	0.0005005112249096359	0.0004633173490323438	107	0.0009657317069561082	0.000975473095162672	107
7100	0.000812167286579132	0.0006970669058888041	107	0.0009567627787099778	0.0005518302995015369	107	0.0004675099764996082	0.0004203087584402807	107	0.0007426548019928919	0.0008691496877921563	107
7110	0.0008324779192462182	0.0007475597625743296	107	0.0009308456334035487	0.000597823070462358	107	0.0005866453803342663	0.0004451801077465411	107	0.0008313306612585936	0.0007569248985740224	107
7120	0.0009592092557695663	0.0008967436107978086	107	0.0010259068365127168	0.0007014328905973621	107	0.0005498412745150162	0.0004138798139299873	107	0.0006903016180909192	0.0009228182366287599	107
7130	0.0010746574004827638	0.0010102902449713803	107	0.0009831817990942635	0.0008721325030339657	107	0.0006286750284927564	0.0005514674700237911	107	0.0007164037396448047	0.0006937507914879776	107
7140	0.0009415029382879939	0.000962394243997237	107	0.0011241217948695275	0.0008578614342292272	107	0.0006815432046762679	0.0005119212631599965	107	0.0010254847623926927	0.0012976118178406441	107
7150	0.0008815384238531732	0.000881842273804955	107	0.0009089313324370437	0.0006686985859191296	107	0.0007158004459980823	0.0005145507139976829	107	0.0007128857675369909	0.0007763330386816319	107
7160	0.0008448787059282654	0.0008112213216569482	107	0.0009888585011673004	0.0007299111935566543	107	0.000584505402607079	0.00045653158487467916	107	0.0009960748864231363	0.0008716152910886119	107
7170	0.0008270671451207748	0.0008315973659529676	107	0.0011297574023863674	0.0007664130726964912	107	0.0006356923642610783	0.000590676369268053	107	0.0008512831923565019	0.0009669312612593141	107
7180	0.000789578656881837	0.000644376715981939	107	0.0009848730441705542	0.0006392471340678042	107	0.0005640956423747326	0.0004415441789062481	107	0.0006873657697213363	0.0006606135885339629	107
7190	0.0010394559938731185	0.00096770335832953	107	0.0009620979287730557	0.0006956791389854835	107	0.0005899211489399375	0.0004591263929358029	107	0.0006671679912340808	0.0006315291673271531	107
7200	0.0008399513725868019	0.000750627128923876	107	0.001060230409475425	0.0006746378338886632	107	0.0005755561599054399	0.000440605069873194	107	0.000858952901487617	0.0007970244761912322	107
7210	0.001013994452291446	0.00095822237837533	107	0.0009128150381766343	0.0007379969026808354	107	0.0005728457892699462	0.0004875104081500198	107	0.0014669890723260969	0.001399004448844233	107
7220	0.0012903436733332461	0.0011570494125106015	107	0.0010404817610609818	0.000846115721513573	107	0.0006467163431173067	0.0005742804015886184	107	0.001288405893167428	0.0009310552296595683	107
7230	0.0011405886569896692	0.0011263683087414582	107	0.001109613115462422	0.0008664968285567321	107	0.0006708132811025654	0.000574312676042309	107	0.000695815189430383	0.0010908570499025604	107
7240	0.0009359796233280087	0.0007893486319872601	107	0.0009077848345309383	0.0006857597553787086	107	0.0006404848481828223	0.0004487194542555462	107	0.0009591180905911921	0.0014881807464241794	107
7250	0.0011035984228580556	0.0010094476305281598	107	0.001000682673614427	0.0007671081574039699	107	0.0007866930749786306	0.0005643886941285415	107	0.0009086765398023165	0.0008930663864336957	107
7260	0.0007809534104405579	0.0007779176435399862	107	0.001055856441601505	0.0007047515828235883	107	0.0006374746783877226	0.0005449052975552411	107	0.0006089447563696695	0.0006797105284865571	107
7270	0.0010327861119424717	0.000856041295187314	107	0.001031845063336736	0.0008203420236308324	107	0.0006212076770061466	0.00047503626302452856	107	0.001428401981513707	0.0010373548066413085	107
7280	0.0009103766396838435	0.0009203187758576476	107	0.0009828899404992577	0.00069941857740998	107	0.0006955850007797353	0.000394311949844966	107	0.0009622418069923648	0.0009597225486939361	107
7290	0.0009317249846196107	0.0009449596924364199	107	0.0009735562193940527	0.0007153024394830448	107	0.0006148551511857285	0.0005101334317582522	107	0.0007681245160506293	0.0006925424638575938	107
7300	0.0008494450869974301	0.0007986556729284009	107	0.0009196352505032777	0.0006166459134596769	107	0.0006235760154055294	0.0004547159416386145	107	0.0006859329052360276	0.0007178077646970071	107
7310	0.0010689778574248506	0.000951831083921456	107	0.0009074562996587494	0.0006240569645420147	107	0.0005777426376115277	0.0004500048197190277	107	0.0007816508683528108	0.0008392026735661953	107
7320	0.0008277836353846553	0.0007587057285566814	107	0.0008768982618159799	0.0006163063892089044	107	0.000514894182589522	0.00036577547396422495	107	0.0006818584553984027	0.0007544397498772281	107
7330	0.0008896082582712862	0.0007136028361955645	107	0.0008526025046590922	0.000561417510705865	107	0.0005991224821198675	0.0004345368905816373	107	0.0008530081621731635	0.0007693264673712677	107
7340	0.001109197451563387	0.0008767096288330021	107	0.0009465969509272377	0.0007073017962109575	107	0.0006025671550736102	0.0004861927151928959	107	0.0009332548105527488	0.0010475855851686193	107
7350	0.0010000925720537912	0.0009817510349854524	107	0.0008969834730470703	0.0006067524023839829	107	0.0006452183128928587	0.0004669196332406494	107	0.0005840092123114882	0.0006342623011400885	107
7360	0.0008753179943621933	0.0008521060295015921	107	0.0008639939674665145	0.0006367363261212435	107	0.0006127361618790784	0.0003649398685566262	107	0.0009686806869829826	0.0010775138712874645	107
7370	0.0008246719206434155	0.0007651088581099121	107	0.0009891109290404206	0.0007237429826469055	107	0.0006271510692905421	0.0005440301339848572	107	0.000930437132093	0.0008470293292012775	107
7380	0.0008674308416907407	0.0007960256323977433	107	0.0009425758700902624	0.0007554647274626808	107	0.0005664732907127466	0.00046119681891363366	107	0.0010866960761493417	0.0011523768557311937	107
7390	0.0008263233874247283	0.000710366938252248	107	0.0009454333424942678	0.0006654719095124572	107	0.0004817771490873511	0.00036904949247483406	107	0.0008802883743147441	0.0010011326966201895	107
7400	0.0008378073635248456	0.0008489974717337823	107	0.0009093270587451464	0.0006892871176094095	107	0.0006548706403910244	0.00045774278621019257	107	0.0008486795861565058	0.0007797016429783672	107
7410	0.0009281243120480212	0.0007459224070917382	107	0.0010020295288908356	0.0006722070963364496	107	0.0005982438396311283	0.0004551125365132804	107	0.0008648095781612328	0.0007876511423582846	107
7420	0.0008073921912514446	0.0007224738139681624	107	0.0011157619611133064	0.0006056114035389848	107	0.0006435599615287066	0.0005054632316044183	107	0.0013498033846292084	0.0008450163323422305	107
7430	0.001018939556501535	0.0009928864631847968	107	0.0010607157468914806	0.0007441088838381085	107	0.0006489323367557085	0.0004931835277536877	107	0.0009655491576098078	0.0009598006515618107	107
7440	0.0008268077134376678	0.0008204592137980003	107	0.0009549922018470483	0.0007140964087224823	107	0.0005413917723023645	0.0004804409449252925	107	0.0009447051712449891	0.0009240611672039224	107
7450	0.0009324983180734696	0.0007748126815373687	107	0.0008546945167608933	0.0006417321967746313	107	0.0006540685266661735	0.0004651858211636462	107	0.0008439240418626271	0.0010081325504419057	107
7460	0.0010189319860893578	0.0010579817833330464	107	0.001016166405520202	0.0006274552615810641	107	0.0005666560540937063	0.00045908941253769436	107	0.0008107575736805638	0.0009731882423883559	107
7470	0.0009827980824039153	0.0009865418088314476	107	0.0008146378652495283	0.0006499552321742597	107	0.0005323739499235685	0.00041129713201831737	107	0.0006153506881231088	0.0006925874142868375	107
7480	0.0007017630756773303	0.0006508553202996076	107	0.001025388326509338	0.00072765998754792	107	0.0006933809432864177	0.0004369064329786088	107	0.0008850122481279567	0.0008423395222470311	107
7490	0.0010803739367180798	0.0009723829470377976	107	0.0008528225285077194	0.0006429218514604932	107	0.0006213569018043818	0.00049721102719372	107	0.000806737392436615	0.0008336762601252857	107
7500	0.000766475237350308	0.0006708868375530784	107	0.0008282515729076717	0.0006021762533386152	107	0.0005432082197483796	0.0004312216945589238	107	0.000943018092462821	0.001059644083226375	107
7510	0.0008833687082196977	0.0006930502533953583	106	0.0008493221564808435	0.0007066723670918002	106	0.0005524352708248777	0.00035560769435231845	106	0.0006731405009252464	0.0008058394064296519	106
7520	0.0008809515511966258	0.0007691659279999971	107	0.0009863200244694074	0.0006263999696532356	107	0.0006104291901618382	0.0003601609959238926	107	0.0011902233703745028	0.0009805952720174963	107
7530	0.000924838077511778	0.0008393034937511285	107	0.0009757451453100697	0.0007482127544288008	107	0.0005398107501364915	0.0004416810630180601	107	0.001440086641900044	0.0010077424678612626	107
7540	0.0008288646354118595	0.0007560696913500227	107	0.0009835699945829352	0.0006142819048614677	107	0.0006341465877506074	0.0004065186642089544	107	0.0006859988051749526	0.0009283562469455354	107
7550	0.0009628251389831165	0.0007588205380332021	107	0.0008138740777346015	0.0006390078650198536	107	0.0007515730166647677	0.0005118603512121352	107	0.0009318027023840432	0.0008215964960825514	107
7560	0.0008258263513240479	0.0007859367618000871	107	0.0009441929229127078	0.000787363873345047	107	0.0005652725337239287	0.00042444346342773194	107	0.001011806413724608	0.0008384228370557935	107
7570	0.0009479907031659688	0.0009438511436523982	107	0.001063451383774962	0.0006734516424445595	107	0.0005965293092636067	0.0004294995338257853	107	0.0008845859330751462	0.0010339480641063494	107
7580	0.0007762709709242088	0.0007133978870885629	107	0.0009306023112109161	0.0007139583994981267	107	0.0005971787612844613	0.0004355934071200379	107	0.0009645324064292338	0.0009057160197434487	107
7590	0.0008041608405918696	0.0007642781087458412	107	0.0009609267547025561	0.0007139606539098665	107	0.0006635677450882363	0.0004310151151584923	107	0.0006082754360823186	0.0008802912512708145	107
7600	0.0007617802043242799	0.0007304319420029034	107	0.0008745065871281324	0.0006681699607845677	107	0.00048511253669691667	0.0003538544080984338	107	0.0008955441584507029	0.0008207789616606407	107
7610	0.0010702925982698558	0.0007870154309958947	107	0.0009421508443521602	0.0006757401414954012	107	0.0005658269838017377	0.0005001957096219283	107	0.0008171484332896446	0.0006486456757866548	107
7620	0.0010630785749602006	0.0010483300649489677	107	0.0009282284451469071	0.0006725836787455419	107	0.0005570406816562267	0.00046927699354483654	107	0.0008826970645357619	0.000990981392440097	107
7630	0.0009377968490609781	0.0008210188369559741	107	0.0008229734510353875	0.0006343197216453826	107	0.0005699766393418311	0.00043516474426030257	107	0.0007940675159786828	0.000713167382778632	107
7640	0.0008860305419612346	0.0007864361436067157	107	0.0009626689223418582	0.0007444373274873943	107	0.0005500272055431581	0.00041729875941970976	107	0.0010598547170732136	0.0011414940098724363	107
7650	0.0010409107450853536	0.001098959597633285	107	0.0009105394522729546	0.0007115273938828658	107	0.0005848943317367331	0.0005142273600960163	107	0.0015249715510809523	0.0010341472888248239	107
7660	0.0009848062289713948	0.0008831452231080524	107	0.0008180383507484382	0.000583589165111347	107	0.0005164498213032449	0.00042230625093632137	107	0.0008333319498021938	0.0008322268916472203	107
7670	0.0010514268329637395	0.0009718239310329377	107	0.001159342664964651	0.0007105482778708484	107	0.0005651771987369821	0.00044518762681796043	107	0.0006561372145733992	0.0008223166851968551	107
7680	0.0011958376751890765	0.0010056294484846807	107	0.0008851229444213879	0.0006916541782795875	107	0.000549932917895547	0.00048669860537047926	107	0.0010007078976264753	0.001095471315172953	107
7690	0.0009561884398604244	0.000785171888311921	107	0.0009163056157030227	0.0006325579050167228	107	0.0006295477800980004	0.00044790338996480636	107	0.0006833921151730493	0.0007454658250233132	107
7700	0.0010846916883744634	0.0007874037497466218	107	0.0009147087869957492	0.0005614508907006623	107	0.0005786522981226274	0.0004464292062565414	107	0.000777694916751927	0.0008176570067369382	107
7710	0.0008263209764545967	0.000739297160421457	107	0.0009468946840907907	0.0005304722107354585	107	0.0007110893417474272	0.00038977036267450003	107	0.0011283287938253046	0.001023117473586718	107
7720	0.0010554576707418229	0.0008721101837994385	107	0.0008897402988899471	0.0007238035810516329	107	0.0006040740634294774	0.0003725526911323776	107	0.0012075246577814256	0.0009595311912807136	107
7730	0.0008770470796195885	0.00073549861821745	107	0.0009743221197788933	0.0008003912349158638	107	0.0006748596827783816	0.00045731088957296965	107	0.0009624183769467742	0.0011213414837985532	107
7740	0.001133692266407642	0.0008969053957295527	107	0.0010147263776081109	0.0006626826503979637	107	0.000622408886408908	0.00039489391271901566	107	0.0009249559943274755	0.0009312465096958153	107
7750	0.0008899549716619168	0.000784154256984	107	0.000872083734551394	0.0007130484295767654	107	0.0005867461400055982	0.00043754714350086775	107	0.0008892960692749223	0.001040917972987643	107
7760	0.0009636219658312312	0.0009743178637731068	107	0.0009534346894608187	0.0007373129055443422	107	0.0006685359136010103	0.00041683380501255865	107	0.0009106404618304718	0.0009836665283953396	107
7770	0.0007862463501612649	0.0007010911353677211	107	0.0008854105332328023	0.0006148293249878452	107	0.0006198078016488128	0.0005413344157116922	107	0.0008483867168029488	0.0011092965280899202	107
7780	0.0008771262140614948	0.0008385310302514212	107	0.00098666974466048	0.000640790582357189	107	0.0006243810328854237	0.0005370205209838283	107	0.0007193202705803975	0.0008637844132703752	107
7790	0.0009196535625893816	0.000912832681626646	107	0.0008605849916263852	0.0006916329198874754	107	0.0006318364990119076	0.00047790152912045137	107	0.0008682746703296057	0.0008312929151298291	107
7800	0.0008608607740023057	0.0008865880749425511	107	0.00091675056157934	0.0006587486321481289	107	0.0004882902560308832	0.0003662469559428195	107	0.0009100815127404777	0.0009689735541457597	107
7810	0.0009247534049667617	0.0009006239169651382	107	0.0009421190705203828	0.0006487907966854194	107	0.0005770292875541229	0.0004206834052061871	107	0.0007602046975486661	0.000681741487182142	107
7820	0.0008186068428098784	0.0007677795647682202	107	0.0009067685289602949	0.0007360709495612084	107	0.0005517555135782601	0.0004520782837120479	107	0.0010213193684351183	0.0011281112014695808	107
7830	0.0011740960713785469	0.0009580411511194596	107	0.0009394889474861289	0.0006432807638688411	107	0.0007031333872647375	0.0005506646788949743	107	0.00116745518870948	0.001220584224156528	107
7840	0.0011312069538336003	0.0008714967619926139	107	0.001008625603925331	0.0007517189596781261	107	0.0006882328941507478	0.0005247823897627786	107	0.0012936918673583531	0.001282653070156824	107
7850	0.0009721463297753386	0.0008314672459651511	107	0.0008954594527424728	0.0006936370975589385	107	0.0005030708458332144	0.00044293565794107227	107	0.0008680461311158597	0.0008880977063602009	107
7860	0.0008979362686948872	0.0008049037845521569	107	0.0008841351245963197	0.0006531346521781251	107	0.0004840644892658223	0.00033275292079814375	107	0.001062242653294348	0.0009419098036349832	107
7870	0.0008444136268349682	0.0008819646347992456	107	0.0008922582717037879	0.000604187683949473	107	0.0006081467761420605	0.0003734015633856805	107	0.0007963569237097239	0.0008269330224664351	107
7880	0.0009993064903608473	0.0007866566030635373	107	0.0008360536894873243	0.0006780921348710238	107	0.00072035021504239	0.0004246782699822881	107	0.000870969990671517	0.0009848322303653034	107
7890	0.0009115657840372531	0.0007619524316206387	107	0.0009863881163688407	0.0008306200494720897	107	0.0006230830829148663	0.0004391471913886013	107	0.0010191713763240944	0.0010057387376737354	107
7900	0.000822062035674316	0.0007902824873504893	107	0.0008999382157331368	0.0007076784632348112	107	0.0006750972748230967	0.0003782209428970618	107	0.0009064923152703482	0.0007427382416826609	107
7910	0.0007200283008841865	0.0006013787402821997	107	0.0009248648745996777	0.0007115587057906534	107	0.0005160930812460145	0.00042496259049991413	107	0.000736377861103339	0.0008650498156079107	107
7920	0.000838658590816816	0.0008387711650195248	107	0.000846407420789546	0.000688661141891851	107	0.0004556701564998687	0.00045419235594971774	107	0.0008951984678008383	0.0009010742132951792	107
7930	0.0009526140503569666	0.0009360002935501157	107	0.000929053183404935	0.0006825638392467333	107	0.0004896844125443661	0.00043077117148987914	107	0.0008824824992141277	0.000972858003941745	107
7940	0.0007837293682975457	0.0007484846971742324	107	0.0008799395728203296	0.0007433162595819675	107	0.0005922051592550632	0.00048584078474195265	107	0.0007901894363692295	0.0006807228976117619	107
7950	0.001002303746491435	0.000912005173238488	107	0.0008580126306483336	0.0005944006046934679	107	0.0005616833923693873	0.00044236952076098123	107	0.00040995336115212525	0.0005226491000793025	107
7960	0.0007978495145934439	0.0006550005762768366	107	0.000854029148548725	0.0006440688671909157	107	0.0005269906881003336	0.0004261735698374306	107	0.0005774063836412239	0.000738588653617619	107
7970	0.0007975407839477548	0.0007744583769634416	107	0.0008601195273225281	0.0006542175648964155	107	0.0005594252711714051	0.00044274614006528684	107	0.0008243593729115322	0.0007500284741076153	107
7980	0.000986508658096726	0.0009079771013904738	107	0.0008648625600895937	0.0006465771929372671	107	0.0006223121673317195	0.0004659640722520592	107	0.000892530310926854	0.0009847128601893048	107
7990	0.0007123546277039879	0.0006763556661006064	107	0.0007974105023731294	0.0005797099585047509	107	0.0005398188366994329	0.0003810527315252513	107	0.0009330016657293489	0.0010157279723281636	107
8000	0.0008753020325939215	0.0009194973872865965	107	0.0009346899511856291	0.0005789021843512366	107	0.0005645487133950546	0.0004605651316226991	107	0.0011984698265290047	0.0010041074505326892	107
8010	0.0007936776971506914	0.0007945936919409378	107	0.0008812712219594948	0.0007220736363263105	107	0.0005160879823210978	0.00047051597451218575	107	0.0009537081825017163	0.0009505660829198252	107
8020	0.0010136778737185087	0.0008881672487957049	107	0.0010357344595724525	0.0005836452152148087	107	0.0006017970589075374	0.000477694205342251	107	0.0008504796527526635	0.0009102909884779599	107
8030	0.0008989476817622029	0.0008484008702072539	107	0.0009400993977929617	0.0006334302621389133	107	0.0006328600088550195	0.0004897891441438075	107	0.0007439123220546851	0.0006784605606651251	107
8040	0.0007790863583399673	0.0007947174088669303	107	0.0010579280519171007	0.0007787158119375415	107	0.0005619390022396273	0.0004569152848617015	107	0.0008318861118237175	0.0006980661419303256	107
8050	0.0010027970953560843	0.00096367226336042	107	0.0009550705010009115	0.000664112378988018	107	0.0006091461494215216	0.0005392226959745034	107	0.0011353641534667155	0.000956848636253688	107
8060	0.0008674734543383821	0.0007876298709929838	107	0.0009625270542041295	0.0006896922310696298	107	0.0006252672732128268	0.0004565178337764328	107	0.0010041568922246234	0.0011323216401626294	107
8070	0.0007514055496308509	0.0007618937072044405	107	0.0009309781961732155	0.0007085339259124637	107	0.00048808455828766286	0.00042437510394721336	107	0.0009006524635129901	0.0011971392637397699	107
8080	0.0008767526041249953	0.0008194517985508315	107	0.0011095736560574343	0.0007355028814969069	107	0.0006320772562049667	0.0005487391042165276	107	0.0009575049623780834	0.0009771859282821497	107
8090	0.0009857439999909738	0.0009158813898061954	107	0.0007339880189837202	0.0005469898319627613	107	0.0005386266279432756	0.0004735866081633313	107	0.0007419736323020336	0.0006818086617020458	107
8100	0.0009224781016803631	0.0008353029190877472	107	0.0009420472912872049	0.0007411586752452157	107	0.0006650949252593112	0.0005705434876511802	107	0.0010349062024804575	0.0011803405342724067	107
8110	0.0009700914538852378	0.0009695146314437208	107	0.0009260063757172275	0.0006749280237759826	107	0.0005855528226814948	0.0005094606585360237	107	0.000667191104871655	0.0008031955239207531	107
8120	0.0010394374932024529	0.0008548464365872961	107	0.0010250809840130378	0.0007599724383539474	107	0.0006705097975562676	0.0004966847641675116	107	0.0008714917183139605	0.0008123416005432316	107
8130	0.0009751797496335615	0.0008790986891419667	107	0.0010305283208052961	0.0007408717046279702	107	0.0005433558003655065	0.0004891126253474409	107	0.0009417033898378984	0.001064788303394579	107
8140	0.0008241549293956666	0.0007819047409829709	107	0.0008949884547405684	0.0008060838018801092	107	0.0006161959088785906	0.0004491619319558973	107	0.0007895572301590697	0.000843516132170513	107
8150	0.0008487393577504165	0.0007388033721455644	107	0.0009855316139606887	0.0006732858732826928	107	0.0005575657739343338	0.00044385606490658755	107	0.0007324504545117642	0.0008923514879059263	107
8160	0.0009455103384229892	0.0008872490058946159	107	0.001031539038010745	0.0008102174657655504	107	0.0006779073075257613	0.0005511948178330874	107	0.0012527111171993222	0.001080473340596409	107
8170	0.0010812998411136115	0.0009713987201403416	107	0.000932238856329944	0.0007461963429542775	107	0.0007199393364184596	0.0005188319548769593	107	0.0011276872045370072	0.0009868722273096505	107
8180	0.0009910040169886297	0.000942779249070298	107	0.0009209707294030132	0.0005694626408069975	107	0.0005118068862708445	0.00044426041474664223	107	0.0012929491784294583	0.0011121346067385091	107
8190	0.000971529207944209	0.0008049635163420038	107	0.0009035532867538549	0.0007297018582549925	107	0.0008083309642575989	0.0005240256967544322	107	0.0013904319852433024	0.0012724301906355728	107
8200	0.0011989139649849745	0.0009507537563923631	107	0.0010036798539637738	0.0006555058985105064	107	0.0007174666208241747	0.00047796638699626714	107	0.0008889036971817521	0.0008821811660152926	107
8210	0.0008164022611999997	0.0007583658925599999	107	0.0010359660639137453	0.0006885034199425878	107	0.0006136852281851162	0.0005102824156312255	107	0.0012690838585651244	0.0012480690968936982	107
8220	0.0007961793118655498	0.0007817387049517143	107	0.0009483251704283553	0.0007253279259164392	107	0.0007768712886623621	0.000601677989485615	107	0.0010133161784505334	0.0010231652427911935	107
8230	0.000855354314678931	0.0008309301335632061	107	0.0009725343477941122	0.0006288319647217806	107	0.0005344224065245248	0.00042804705260523606	107	0.0009296255481119923	0.0009469667839002554	107
8240	0.0008330297011562636	0.0007347930652396738	107	0.0009341701088958184	0.0007117973937133712	107	0.000610003366057145	0.00043699203399805213	107	0.0011508945817632816	0.0010538581842248738	107
8250	0.0009474299483590555	0.000881874435532722	107	0.0010547557493797604	0.0007890405568863297	107	0.0006193834750622438	0.0004823718191928424	107	0.0011852261808258952	0.0010631806225465295	107
8260	0.0009184106954279899	0.0008749690314512776	107	0.0011195128115152105	0.0007956138652068334	107	0.000706851240283476	0.0004921648569808075	107	0.0009279877730554451	0.0007867002684694863	107
8270	0.0011285900638377442	0.0010616678888705402	107	0.0010809445291580897	0.0007979051347002888	107	0.0007692337439469558	0.0004180095204024114	107	0.0008092208246025393	0.0009405013237017072	107
8280	0.0011748848809360233	0.000983446029435613	107	0.0010824300425313893	0.0007147181512460062	107	0.0007986151312160668	0.0005577932095828219	107	0.0014932714945817297	0.0013806024489108667	107
8290	0.0010249060531309032	0.000875914247084162	107	0.0010725119776610623	0.0007101399504265327	107	0.0007597137194272574	0.0006581459446514455	107	0.0009585707050393797	0.0009201995558580199	107
8300	0.0008730710937462771	0.0008044058207871537	107	0.000972530893322231	0.0007696356150322177	107	0.0006288931750837791	0.0004898949357330045	107	0.001362225758335308	0.001543823365740927	107
8310	0.0009986032225373792	0.0009141790193554709	107	0.0010259938998180974	0.0006495330106512871	107	0.0006172546595388783	0.0005170743135570621	107	0.0013396291959547834	0.0012568289268218044	107
8320	0.0007863683226753981	0.000663389405250381	107	0.0009962270252474438	0.0007610681167958631	107	0.0006954123966820652	0.0005743517443679454	107	0.0005453847307104412	0.0006644768891872521	107
8330	0.0007486426507957225	0.0008253126593258299	107	0.0009723208699158658	0.0008445250138593852	107	0.0006590455330170847	0.0005847247673870192	107	0.0009088418591052876	0.0012258076084446668	107
8340	0.0010022952552980625	0.000859044498292301	107	0.0009578735188832889	0.0007796055122949458	107	0.0006833390056115799	0.000496538348531065	107	0.0009139069626217886	0.0013912825857450857	107
8350	0.0009363768524593697	0.0007679582271336963	107	0.0009440278683829576	0.0006576385967998171	107	0.0006350509624484022	0.0004082169354464864	107	0.0013160723274684347	0.000985799308358163	107
8360	0.0008286039714951645	0.0007182859270062653	107	0.0008888576321639964	0.0006690625823812929	107	0.0005938611473417701	0.00038993932704359284	107	0.0008143984267005064	0.0008363384668013431	107
8370	0.0011064507588608482	0.000949207523529777	107	0.0009341764706695796	0.000679223374453237	107	0.0005975419646574764	0.00044220831356434943	107	0.0009939203746661114	0.0008904712124450319	107
8380	0.0008960668715372198	0.0008983231489983096	107	0.001027021813958483	0.0007640152987399762	107	0.0008047548242332411	0.000479372193544091	107	0.0009802051765518455	0.0013618281370750384	107
8390	0.0008751663279066261	0.000857377842248378	106	0.0009544914823175848	0.0007060627959017521	106	0.000650782922331305	0.0003831955267289611	106	0.0012697820056968997	0.0012059301435662574	106
8400	0.0009245032294011972	0.0009154454361275503	107	0.0009436778503208427	0.000643300869741366	107	0.0006585656893688194	0.000526863697653288	107	0.0008077669990291144	0.0009811888631399996	107
8410	0.0008543724995262755	0.0008672390439380265	107	0.000943932231064591	0.0007863476471832339	107	0.0005449991739507551	0.0004750819141630244	107	0.0010642015700958747	0.0015903436616203552	107
8420	0.001075272790894454	0.001029924134847708	107	0.0010281570408793644	0.0008006068125889481	107	0.0006320186141709273	0.0004914341940400692	107	0.0010396110565694771	0.0012243786545738577	107
8430	0.0008132893780968462	0.0008925752993741879	107	0.0010796431491255434	0.0007869910790101858	107	0.0006390189829974294	0.0005568332159090598	107	0.0007072853408251787	0.0006908096943117883	107
8440	0.0006767675779467792	0.0006363139795719114	107	0.0009829655116076442	0.0006585860726373965	107	0.0005117893891984193	0.00043481096372347195	107	0.001098324620956332	0.0010241705438040869	107
8450	0.000950522588576337	0.0008206464781622479	107	0.0010242325339534257	0.0006916030354581558	107	0.0005878002469463318	0.00048541212945316255	107	0.0009123808342265089	0.0009554588303279732	107
8460	0.0008633220832891127	0.0006681057661244449	107	0.0010021388506056327	0.0007057119940464433	107	0.0004858681384065793	0.00038149949065617827	107	0.0007761448269416413	0.0007609272361405777	107
8470	0.0011589539118252881	0.0009379822487865245	107	0.0009601754172309417	0.0007838771440199481	107	0.0006603783200916614	0.0006158157936452327	107	0.0008727218649043797	0.0010412081661352226	107
8480	0.0007734251907800998	0.0008120394287811017	107	0.0010898806860163287	0.0008702738898544537	107	0.0007486775377544673	0.0005186814525931648	107	0.001009597790484936	0.0009234492883937806	107
8490	0.0009273166493963371	0.0009228044582402187	107	0.0009551196343360465	0.0008014486573631092	107	0.0007050338650855996	0.000564759667366709	107	0.0011968450049502865	0.0013296001229011253	107
8500	0.001106956264265489	0.001153197187970553	107	0.0010117066092886133	0.0007926011535054993	107	0.0006566856998616802	0.0004875486868222147	107	0.0014761885711263936	0.0013158306505007137	107
8510	0.0011060814210882446	0.0009212931811827846	107	0.0010014035510772263	0.0007417961086272005	107	0.0005276036923136873	0.000439144744537918	107	0.0012301562432288332	0.0008800820512657819	107
8520	0.001066014048615895	0.0009842860735249776	107	0.0009457553639926176	0.0006671709566855887	107	0.0005855891529277677	0.0004155395760362349	107	0.0007863977326557074	0.0011898098774656537	107
8530	0.0009276284667753311	0.000870408737686054	107	0.0009632915579922615	0.0006746886737069675	107	0.0005686451191264467	0.00044516156276313776	107	0.0010504677625772481	0.0009129522236092842	107
8540	0.000931898542496883	0.0008165818762728664	107	0.0009009662396403963	0.0006621838929094536	107	0.00042122965126983967	0.00031701093205818807	107	0.0010375554774004377	0.001109750134829999	107
8550	0.0008370501753250454	0.0006186605660018367	107	0.0008944782719213611	0.0006249189617556715	107	0.000675023983031967	0.0004900045804603361	107	0.0007460722279974818	0.0007932145196096814	107
8560	0.001167205224370862	0.0010187997611728853	107	0.0010460769281905485	0.0007671497999675441	107	0.000711805749884667	0.0005818539314376394	107	0.00119148969977237	0.0009614582447778895	107
8570	0.0009911799704693238	0.0009954852185728434	107	0.001018167671012752	0.000750957517899753	107	0.0006473448806173259	0.0004354673755231952	107	0.0008984347430998733	0.0008989821002100755	107
8580	0.0007680029065279665	0.0007294941711839369	107	0.001088349731044111	0.0008076734007820204	107	0.0007001957069506521	0.0005284529632244998	107	0.0009883850604331897	0.0010535916259508213	107
8590	0.0009579731866607088	0.0007410066444870177	107	0.0009634327466037132	0.0007598943835977931	107	0.0006245081837649032	0.00046260619227528376	107	0.0011091301217407382	0.0008837104093130104	107
8600	0.0012357072662039243	0.0009901783874368862	107	0.0011660268701394253	0.0006777103608169851	107	0.0005321755723427645	0.0004790494071496899	107	0.0006997958813290388	0.0010722030801158448	107
8610	0.0009056431343078025	0.0009083202706769274	107	0.0009700889112928006	0.0006847544202684032	107	0.0005180215128685379	0.0004896601728816212	107	0.0008740928727001553	0.0009192522286894938	107
8620	0.0009116845709915679	0.0008165495460155296	107	0.0011085313474293035	0.0007819733909155152	107	0.0006831861446030543	0.00043574530595290794	107	0.001025418434498513	0.0010824574675820796	107
8630	0.0009078788995846536	0.0007620671801964975	107	0.0010295844683416552	0.0007037859453346279	107	0.0006175896318145824	0.0005954600518496239	107	0.0009001412876134208	0.001058266594011761	107
8640	0.0008188948658608889	0.0008605228741507614	107	0.0011276346779628074	0.0007913367476208624	107	0.0005192783126841587	0.00033735769274413077	107	0.0007957621447996421	0.0009973949563962382	107
8650	0.0009629074543836889	0.0009022911134084831	107	0.0007521811611935733	0.0006180131227627472	107	0.0005711568228076558	0.0004512678531850966	107	0.000693554184235269	0.0007471535834446048	107
8660	0.0008127599360623046	0.0007958834874445868	107	0.0009283924367731567	0.0007168047611496362	107	0.0006082974399156539	0.00047133033758702236	107	0.0007291898275693619	0.0012415810931404516	107
8670	0.0007886973690763626	0.0006794535215848893	107	0.0010015967686324676	0.0006229154584203138	107	0.0005592075844017455	0.0004587360771967855	107	0.001225814131056825	0.0013188009737215933	107
8680	0.0011149501479965427	0.0009416590740113596	107	0.0011403632814361848	0.000755957081578713	107	0.0004712299833658285	0.0003943082389703799	107	0.0005594282888971013	0.0008909260177553456	107
8690	0.001014900827048634	0.000984055604015135	107	0.000982651029810593	0.0005943207542269761	107	0.0005348822813401474	0.00043509278213678897	107	0.0008530588121027328	0.0009436173960974939	107
8700	0.000988350573672191	0.0009052890530323368	107	0.0012534981413007322	0.0006470186626217993	107	0.0006467498665488874	0.0005170558803444442	107	0.0008656040119303878	0.0009887994946472256	107
8710	0.0008616494377004112	0.0007237736695579656	107	0.0009205202030225389	0.0006145928412467797	107	0.0005649184602037127	0.0004806068938425675	107	0.0008037305026034291	0.0008162228547807318	107
8720	0.0009139988180986773	0.0009621748846660463	107	0.0009712485310615796	0.0007207549756589268	107	0.0006242428679277321	0.0005480267953132695	107	0.0008731659173721966	0.0007831275366189803	107
8730	0.0010341707608239297	0.0009173161462244874	107	0.0010573068425964393	0.0006813093236021501	107	0.0005280531684389043	0.00044320528004020284	107	0.0009766435352053572	0.0009059172202594655	107
8740	0.0009442615383275344	0.0009316950060643819	107	0.0009702436364056254	0.0007435675097358961	107	0.0005517465187019582	0.000481180114089843	107	0.0006671549644852816	0.0006181533271790047	107
8750	0.0010435495933362896	0.000934927564699725	107	0.0010135905698821987	0.0008124723382286767	107	0.0005665606915631065	0.0004984303693246004	107	0.000995935682388156	0.0010040587876684792	107
8760	0.0011438347303132648	0.0010850549110227	107	0.0010804714787692154	0.0007457749514335667	107	0.0007197205694805879	0.0004867127346314487	107	0.0007547509605059465	0.0009151478930730419	107
8770	0.001084477493389538	0.0011118457391337308	107	0.0010355087848929292	0.0007109752974842795	107	0.000578564767556875	0.0005352980376654348	107	0.002221266064873188	0.0018992706629682417	107
8780	0.0009697632185011854	0.0007874088402421931	107	0.0011921611247573997	0.0008459520401806799	107	0.0007872456167782384	0.0005670810199641185	107	0.0011983179019570253	0.0010644482148999487	107
8790	0.0010884434331469542	0.0010718510238236798	107	0.0010737758726103016	0.0008196288294537879	107	0.0006788809142410076	0.000491414486822027	107	0.0008671522315108159	0.0009815612394901139	107
8800	0.000935400414588671	0.0009719497781466673	107	0.0009981593751868195	0.0007798101575514759	107	0.000638896353760045	0.0004835643165508645	107	0.0009651793047722452	0.0014181308500080916	107
8810	0.0010136544031012973	0.0009613976446251357	107	0.0009108044510202847	0.0006581024563440281	107	0.0006020592461208825	0.0004818231826219347	107	0.0012502803200780319	0.0010312973039869591	107
8820	0.0010958868864931546	0.000956060000749738	107	0.0009677311042690853	0.0007625531736217197	107	0.0006501435657459295	0.00046043714925777813	107	0.0008068912901388342	0.0010118750792371125	107
8830	0.0008643809688906589	0.0007423285235032731	107	0.0008300400809747103	0.0006034707482713909	107	0.0006370431606760385	0.0004324296140336494	107	0.0005256432735356714	0.0006409373843885113	107
8840	0.0008592125597912249	0.0007413520789080989	107	0.0010007587934785774	0.0006855777822445189	107	0.0007370460464384089	0.0006049432322290778	107	0.0009109315949780725	0.0010125318051094833	107
8850	0.0009041469542619033	0.0009396573696268998	107	0.0009274700920135686	0.0006577194119557288	107	0.0006638389249480852	0.0005628623888733549	107	0.0013757220726638233	0.0011135703625384725	107
8860	0.0007911254984073157	0.0007726502706678561	107	0.0009733849476740017	0.0006413028705939891	107	0.0007041782174696377	0.0005536776055848906	107	0.001094351090095072	0.0008063208581470731	107
8870	0.000730236708993338	0.0006731529644707069	107	0.0008449179810210746	0.000619972645648943	107	0.0005584138682935147	0.0004199680636234447	107	0.0006738759614585624	0.0006521997030287459	107
8880	0.0010443622676693802	0.001042756733395513	107	0.001064818919044142	0.0006820813279180154	107	0.0007405634752127565	0.0005086997522776575	107	0.0011322839563449273	0.0010266663740027416	107
8890	0.0009285610297624292	0.0007819251997784916	107	0.0009718849305655255	0.0006789471632894169	107	0.0005374323284985548	0.0004658635286039943	107	0.0010225840956725415	0.0012398693618411553	107
8900	0.0008658764050985691	0.0007152783016249447	107	0.0009785164544353563	0.000756957248916771	107	0.0006679114189431548	0.0005447012199243035	107	0.0007453798759989575	0.0007566999742545957	107
8910	0.0010127488954526954	0.0008843201862123179	107	0.0009532846815997793	0.0007457788109158054	107	0.0005729987365665759	0.000470714951994368	107	0.0006790593588698454	0.0005859185541867434	107
8920	0.0008298055150980701	0.0008475919158912429	107	0.001016562524268425	0.0006174863276204494	107	0.000626925514870164	0.0004350080198958004	107	0.0007147181585938728	0.0007035375601684899	107
8930	0.0009434030600948568	0.0008580374663296104	107	0.0010358196909152364	0.000733803128896539	107	0.0006401074482813723	0.0005157558167199213	107	0.0009588466073681297	0.0011379750772183331	107
8940	0.0008440216570224111	0.00077386997882578	107	0.0010199601321305976	0.0007432877999180554	107	0.0005953040362346271	0.0005083212268534114	107	0.0009712227255394549	0.0008374161054854786	107
8950	0.0010097565165907221	0.0010504393958744483	107	0.001081793571245946	0.0007789542243981307	107	0.0007271566857770456	0.0005818930928553035	107	0.000839831034043026	0.0008249733537507154	107
8960	0.0009871780528396908	0.0009344633313484107	106	0.001042003160170836	0.0007454481390849524	106	0.0005701380912818911	0.0004961370266607262	106	0.0008653499152034202	0.000848215294343996	106
8970	0.0009909273214271607	0.0009981560806333505	107	0.0009811571638707987	0.0007556902711951693	107	0.0006094647077244572	0.0005562204489881063	107	0.0009377959846545965	0.0009050054430664826	107
8980	0.0010958826822504745	0.0010819403638491628	107	0.0010088257248300888	0.0007861576565417019	107	0.0004842994004540977	0.00045132052866248804	107	0.0007482176101062261	0.0007404056357068224	107
8990	0.0007622812828901571	0.0007716514817241824	107	0.000995229502865107	0.0005920256117415781	107	0.000711743802293051	0.00039525644284098635	107	0.0009552615630216075	0.0008068962343288643	107
9000	0.001122876276503899	0.0010828712993443876	107	0.0010122414978653493	0.0006790654076435836	107	0.0005183413621529837	0.0005583285754784601	107	0.0009821273650807898	0.0007790223987352876	107
9010	0.0009881742520186337	0.0008425096868225115	107	0.0009653755215053501	0.0006504892856597359	107	0.0005778699956873694	0.0004628538564133835	107	0.0007921348579975792	0.0010213031021294957	107
9020	0.0009013191051770858	0.0009232655792295844	107	0.0010619555486726141	0.0008055528046446187	107	0.0006240801580943177	0.0004865668124341301	107	0.0007379280154081591	0.00118787050739334	107
9030	0.001172504311665663	0.0010559687111434874	107	0.0011702136478255571	0.0007473602935535704	107	0.0004909181890505739	0.0004509670768141765	107	0.0010187399422269437	0.0009682980980184148	107
9040	0.0009415579583472208	0.0009245568956629989	107	0.0010309459977503519	0.0007446605060458009	107	0.0006917752856557343	0.0005721405511943702	107	0.0006273852304562611	0.0008831377827976458	107
9050	0.000902365054310935	0.0008429849043339926	107	0.0010526666708729861	0.000671086698880166	107	0.0005768499125173839	0.0004025726430936194	107	0.000738934775441237	0.0009296521638780285	107
9060	0.0009590156533383432	0.0009547413767065931	107	0.0010669368151457197	0.0007103681534673989	107	0.0006652598712429042	0.000534223449746595	107	0.0011247363528202707	0.0009976472761597643	107
9070	0.0007671942517788686	0.0007073852447474766	107	0.0010025635764771175	0.0006682043892883682	107	0.0005931573660636285	0.0005338256846171408	107	0.0009868892979649699	0.0010828214401272	107
9080	0.00093315535185618	0.000853732784537991	107	0.0008024285418209146	0.0006445965674842769	107	0.0005233065763656052	0.0003983176444184749	107	0.0008236204761379445	0.0008311399660915468	107
9090	0.001001086633921612	0.0009054169975352629	107	0.0010217361908868663	0.0007477233262093521	107	0.000618405630815616	0.0004611599478117696	107	0.0007631742677272859	0.0008283431021624367	107
9100	0.0008188379564481862	0.0008618233696144675	107	0.000894002583481229	0.0006442856006584403	107	0.0005487545610205434	0.0004590584202663431	107	0.0007938533039105812	0.0007925830555125351	107
9110	0.0008707394333168585	0.0008651318927694258	107	0.0009584531615956663	0.0007015178432997473	107	0.000638008544439904	0.00045736149421305046	107	0.0009326754670454492	0.001387279366290037	107
9120	0.000938358596786599	0.0009180516441898735	107	0.0009459766255434497	0.0007261729643006288	107	0.0006424539238228539	0.00044256080430283667	107	0.0010537135733295433	0.001069111650447401	107
9130	0.0008371813128632686	0.0008483798739079562	107	0.0009195898976140372	0.0007948923141260633	107	0.0007167665137843354	0.000558845487236356	107	0.0012932887701905867	0.0011619452115333134	107
9140	0.0008336989334775885	0.0008183164542263418	107	0.0009674962768687676	0.0007263835261301741	107	0.0006722469587234386	0.0005019035546923716	107	0.0007903155383410453	0.0008489821706504713	107
9150	0.0011252480001465442	0.0010710609862554352	107	0.0009626123673216685	0.0007247454250727797	107	0.0006882562152668891	0.0004951401427980181	107	0.0012043212991036175	0.0010607975625094401	107
9160	0.000886176703626607	0.0008848514597401517	107	0.0008645592030138123	0.0006899885236200655	107	0.0006131640245954757	0.00046264539923580834	107	0.0008813671149845429	0.0009674441042747972	107
9170	0.0010583476327205223	0.0009483391073119957	107	0.0011098719354550894	0.0007466119522580179	107	0.0006291080972296191	0.0006187981706122486	107	0.0010775364553860798	0.0010658847920289737	107
9180	0.0009302203055397884	0.000843941614783981	106	0.0009403552452499127	0.0006782586340548442	106	0.0007180074714184883	0.0005933294463445206	106	0.0008421468528604755	0.0008886341038080869	106
9190	0.0009649307073887318	0.0010449576858664782	107	0.0011253476411183082	0.0006762244247340663	107	0.0006970612505851792	0.0004750784871154674	107	0.0009496979891731008	0.001027664763775036	107
9200	0.000806556783502173	0.0005790994111879241	107	0.0010675959855487261	0.0007639682991036123	107	0.001004863097163241	0.0005100408639948154	107	0.0010838233331912641	0.000998168801305687	107
9210	0.0008394636235332902	0.0007548632679294313	107	0.0008025973908837572	0.0007275660094620856	107	0.0009009741012971351	0.000524633607127526	107	0.0011746739739518014	0.0011262000430765592	107
9220	0.0009540458701057533	0.00086641104049708	107	0.0009514693883034499	0.0007003674760538831	107	0.0005752231626530153	0.0005407332926576944	107	0.0011758489228864675	0.000891970227608636	107
9230	0.00102107984164449	0.0010661133841033572	107	0.0008960471187821458	0.0006955018574820575	107	0.000647955640634662	0.00045533843779219644	107	0.001072385623720005	0.0008689672485977483	107
9240	0.0009662823486718823	0.0009802933743603562	107	0.001046985518197273	0.0008262560243413319	107	0.0007085920835391159	0.0006072075725516501	107	0.0012288588162962684	0.0011735693825660242	107
9250	0.0009096851675151845	0.0008794892837008316	107	0.0009295125918147035	0.0006685513296357872	107	0.0006088458099586281	0.0004843282488635302	107	0.0013491369819215076	0.0010993527310014348	107
9260	0.0008155144712867006	0.0007814927899187734	107	0.000959623016203164	0.0007126118966278301	107	0.0006255914702217928	0.0004906792802753805	107	0.0009134532535791232	0.0009072730988722985	107
9270	0.0006334291136797834	0.0006431501742382388	107	0.0008519095003808888	0.0006437326720219888	107	0.0006525051722508404	0.0004562883875145711	107	0.0010264371597134695	0.0011987700942210277	107
9280	0.0010768966842740263	0.000992075076649064	107	0.0009728131366069774	0.0007317277551507831	107	0.000497261982048661	0.00046637966631179545	107	0.0010541289481815549	0.0011249349724331155	107
9290	0.000979191589712332	0.0008895127695153147	107	0.001002688260122384	0.0007400587017887449	107	0.0006248329860974135	0.0005107244695850546	107	0.0007780245751569904	0.0010650122500455985	107
9300	0.0009400527900105982	0.0008733374323573772	107	0.0009486076908116282	0.0008093394960068338	107	0.0006885845444988011	0.0005000979645304223	107	0.0008686976949230414	0.0008768612618578307	107
9310	0.0008911361924974656	0.0008936944742299334	107	0.000972974167928357	0.0007884670749189494	107	0.0006264162913968611	0.0004599184516997919	107	0.0012279369103061113	0.0010386801745999245	107
9320	0.0008670801900579343	0.0009122054646772614	106	0.0011957432265583142	0.0008072777198138256	106	0.0006828411344459619	0.0005066516103770323	106	0.0005257614120403599	0.001353510853041273	106
9330	0.0009767868352177332	0.0009901298757432565	107	0.0009637476490466539	0.0006905498690835048	107	0.0006544218181201836	0.0004456966567387205	107	0.001022216256297885	0.0009406564428915485	107
9340	0.0008874562378024748	0.0006725919167477071	107	0.0009101639088539155	0.0007118653522250071	107	0.0006241041547558194	0.0004883603727806352	107	0.0009160889368391255	0.0009360429863814651	107
9350	0.0010733256549569968	0.0009286849868090772	107	0.0009187223588028427	0.0006965631276529744	107	0.000685490668259662	0.000529470469753087	107	0.0012453127331008707	0.0011587019388931152	107
9360	0.0008417170279841809	0.000777154166353783	107	0.0008701325594240234	0.0006046966659577465	107	0.0005340944253262992	0.00042707947214943546	107	0.0006307760817240703	0.000864396048961531	107
9370	0.0010261650035559297	0.0010157091955531156	107	0.0009946776472254252	0.000723631135977737	107	0.0006521330134559221	0.0005009317015526944	107	0.0006594290103315821	0.0007846159505331158	107
9380	0.0009163169737771312	0.0008857397427805442	107	0.0010699971752677717	0.0007087852789757231	107	0.0005851823393887721	0.00044180687543153444	107	0.0011322615040514487	0.0008850259274717127	107
9390	0.0009379644828321163	0.0009244123435773818	107	0.000902601081069754	0.0006909727086825764	107	0.0007240349528703167	0.0005401816039763609	107	0.0007170854254409745	0.0008851914260311021	107
9400	0.0008472592521739172	0.000734190526202817	107	0.0010935860618287122	0.0008678197903546458	107	0.0006255260397486057	0.00045358627508191505	107	0.0010047593044913764	0.0013535502281399193	107
9410	0.0009091890607600337	0.0009056117162417325	107	0.0008727568279139105	0.0008167665592118436	107	0.0006708420098196631	0.000559616788659667	107	0.0009232558878523052	0.001016234084197059	107
9420	0.00097828433690815	0.0009879908284101855	107	0.00082448269613487	0.0005897680354077218	107	0.0006366518655394159	0.0004037975305340304	107	0.0010355416649812752	0.0009238530049631467	107
9430	0.0008636618869270506	0.0007541274921318453	107	0.0008202455297040778	0.0006412063638149413	107	0.0007351751420292845	0.0005535977857883597	107	0.0009481582264298701	0.0013746593730215415	107
9440	0.0009795195986997236	0.0008496343354381578	107	0.0012005474796220063	0.0007920667649611389	107	0.0007171640356708029	0.0004697322119203206	107	0.001001330005676513	0.0010011716747904502	107
9450	0.0009425829714793658	0.0008366759903738983	107	0.00086933424017236	0.0006937158911791009	107	0.0006057149116216122	0.0004820183334769456	107	0.0010194388285452234	0.0010871484265253376	107
9460	0.0007994687426736653	0.0008386840306609998	107	0.0009550729182238369	0.000752137005634728	107	0.0006203561231091489	0.0005367069963896826	107	0.0007327520230825043	0.0007223426351440237	107
9470	0.0007895654093199866	0.0006670414323054161	107	0.0008110510675713288	0.0006657957167364466	107	0.0005614084801547341	0.00046533298153908547	107	0.0007085275705751615	0.000646264628436949	107
9480	0.0009761287978567058	0.0008355600361884221	107	0.001104381437007849	0.0007695558273513787	107	0.0005722512736205307	0.0004736313634122729	107	0.0013637151215492296	0.0011900992982717558	107
9490	0.0008476111989234174	0.0008371621923658651	107	0.0011030323952185954	0.0007307393146578184	107	0.000531547896433284	0.00046431352565808943	107	0.0008174302906643879	0.0007462332751074926	107
9500	0.001077792323363542	0.0010405137958593121	107	0.0008762370149303019	0.0006181070284693841	107	0.0004861783832144142	0.0004743587046299635	107	0.0009911805377021692	0.001064624889780405	107
9510	0.0008077958819116534	0.0006616205859849749	107	0.0011028833875803717	0.0006934450356520229	107	0.0005370492509821567	0.00046548322607325147	107	0.0012973818379248868	0.0012758887009607165	107
9520	0.0008945542693389074	0.0006835181367293437	107	0.0008963933878019335	0.000558592558856821	107	0.0004914614152557949	0.00040890347448079603	107	0.0006544850187503734	0.0007228062220738772	107
9530	0.0008273484117356372	0.0006755065502224247	107	0.0008054243188999666	0.0005965066656504132	107	0.0005519951287542296	0.0004013962054042888	107	0.0009505622454580033	0.0005761169730334286	107
9540	0.0010368326789992326	0.0009160837989188479	107	0.0009385585493429715	0.0005967998769796409	107	0.0005917946164501054	0.0004090523166955295	107	0.0010241041191774774	0.0009569194171820709	107
9550	0.0009475909329143188	0.0007941529838850428	107	0.0009826495776828997	0.0007581135721941565	107	0.0005554594812298308	0.0004517468035145191	107	0.0008606523296569028	0.0009908906756301067	107
9560	0.0011337959451541146	0.0008907003651335111	107	0.000926537795885429	0.0006876986728426331	107	0.0005012289300781129	0.00047070915862606696	107	0.0010022619936426937	0.0008847329433131502	107
9570	0.0007432255768874439	0.0007003383001682582	107	0.0009736951871129725	0.0007322432013111765	107	0.0004914853594960382	0.0003599918894314001	107	0.00115181930245869	0.0010009376369470053	107
9580	0.0008441839695581704	0.0008742134084151544	107	0.0008596556994671944	0.0006907852529510923	107	0.0006977169641391486	0.0004825843769405111	107	0.001173495644369011	0.0012155386408194838	107
9590	0.0009114916172205583	0.0008376579592173863	107	0.000942779722736168	0.0007433043154037748	107	0.0006721970348514113	0.000477034681545266	107	0.0016717050088074844	0.00140447363542192	107
9600	0.0011326242004741187	0.001034458373135471	107	0.0009252516752558113	0.0007147201026551463	107	0.0006142931228360554	0.0005175831793004291	107	0.0009247921489643566	0.001141186745648738	107
9610	0.0010067092774645688	0.0009660844180244316	107	0.00090440622323226	0.0006150874446356939	107	0.0006091883654545401	0.00045050969407963294	107	0.0009713031662136381	0.0010197472261735997	107
9620	0.0008865948090062328	0.000878763739218415	107	0.0009729947099774653	0.0007374534306878705	107	0.0004910099820934676	0.0003727475481805637	107	0.001179345486046408	0.001194826424982021	107
9630	0.0009637557239326805	0.0008309935019445927	107	0.0010476580110769123	0.0007416438973610995	107	0.0006661866805939039	0.000407151880331486	107	0.0010643023596681913	0.0008972739865212564	107
9640	0.0009526980376363931	0.0008133378876384306	107	0.0009843074002814144	0.0007214065225395827	107	0.000667765770146572	0.00046137581871084937	107	0.0010709267303865373	0.0009738049960763836	107
9650	0.0010933275853963764	0.0010113710127367438	107	0.0009638522395556561	0.0006356451894249143	107	0.0005910700455992505	0.00041015072164865004	107	0.0012310603943522043	0.0012012779068843557	107
9660	0.0008998831796610084	0.0007653600122530191	107	0.0010550122355256865	0.0007778581979380492	107	0.000619181206758637	0.0003944842056893155	107	0.0008290884434621725	0.0008832367399304607	107
9670	0.0008634057580997302	0.0008788932942397037	107	0.0010675651217261738	0.0007131568903895152	107	0.0005483433658113391	0.00045616957969784813	107	0.000989656825119469	0.0012225228785485399	107
9680	0.0010881189100937307	0.0010504086519289746	107	0.001006501664288338	0.0005867337564357103	107	0.0006226895531034357	0.000534797103843504	107	0.0007627945368475138	0.0008585558819381392	107
9690	0.000919733454546998	0.0009067165719963424	107	0.0009300694788282992	0.0006976216113260099	107	0.0007428280406046733	0.00045960315477358576	107	0.001188741744030432	0.0010901169032949817	107
9700	0.001010967084242713	0.0009240721391518682	107	0.0008982973927467784	0.0006170184747111	107	0.000644686384556175	0.00047993432787308453	107	0.0007560806132145317	0.0006834267951829312	107
9710	0.0008414799358204346	0.0007201177705860846	107	0.0009318861487349834	0.000763229988430042	107	0.0006456589455805713	0.0005038785189139478	107	0.0007734111227662942	0.0007017968642306333	107
9720	0.0008535861089260427	0.000712449778951043	107	0.000938437328717769	0.0007099625667979023	107	0.0004154942705169755	0.00044009537147037957	107	0.0011363964112074897	0.0008665587848219602	107
9730	0.000848485136424263	0.0008172388010556516	107	0.001004626782535865	0.0006178542734112557	107	0.0006241500278244814	0.00043960884095847215	107	0.0012156118418801287	0.001350431221990533	107
9740	0.0008369473781445104	0.0008239289690959991	107	0.0009617348932546268	0.000760861277039788	107	0.0007164099472187627	0.00047300564225066175	107	0.0009249835648785266	0.0009065603979588574	107
9750	0.0009901316952193916	0.0008684328045194553	107	0.0010491111716666166	0.0007627656142695047	107	0.000589907525571295	0.0004155652871981199	107	0.0006684405087808991	0.0008145322324971392	107
9760	0.001084647840276319	0.0008990951526890241	107	0.0010324772003507021	0.0007863787747001767	107	0.0008308699147841405	0.0005375609772143454	107	0.0009221947488421562	0.0009016191821137529	107
9770	0.0010053500792520688	0.0009935314464361547	107	0.0011684773491997958	0.0007897178044979492	107	0.0006236740681143183	0.0004728300258758824	107	0.0009751160480562087	0.001058070594910109	107
9780	0.0008267560435439255	0.0007975235478179369	107	0.001013769106693278	0.0005637054819941858	107	0.0005645213099754384	0.0004504050499658079	107	0.0006131875210254935	0.0006166359475719367	107
9790	0.0010154066244570075	0.0007832798548623319	107	0.0009359736222908134	0.0007219695668842646	107	0.0005405498517592112	0.00036653146230955844	107	0.000748610115955138	0.000989651943215753	107
9800	0.0008628110126669095	0.0008524753546870098	107	0.000975870880039136	0.0007027821756092517	107	0.000650199744097108	0.00047106202992493483	107	0.001085086001442327	0.0010656178933784043	107
9810	0.0009302482421583293	0.0009765161838107881	107	0.0009428000617019023	0.000670523920215162	107	0.0005692099300479011	0.0004115350739710637	107	0.0011470138702150965	0.0009378356884218896	107
9820	0.000790380016416236	0.000811730288576567	107	0.000978765274322977	0.0007201192184045832	107	0.0005775024647341372	0.00038283464343086585	107	0.0008184373581808696	0.0006972240020811365	107
9830	0.0008801099835984063	0.0008063578056694131	107	0.0009785884136995287	0.0007219487057496763	107	0.0007189215700130666	0.0006019691263181842	107	0.0010404157477362504	0.0008432823197411624	107
9840	0.0010738453130414542	0.0007963950951427387	107	0.001055361962611586	0.0008001676201471591	107	0.0006549485979602224	0.0005659018518390526	107	0.0013146644387566242	0.0012426274785022743	107
9850	0.001143098545465953	0.0008712773561559439	107	0.0010304538696315313	0.0007952249497737852	107	0.000650426310036709	0.0004485581953756878	107	0.0012014759757556243	0.001039853429543929	107
9860	0.0008627014336858944	0.0007887022678927817	107	0.0010111354713485804	0.0007746702066283931	107	0.0006741057753764558	0.0004921679756136771	107	0.0007328654426665211	0.0007627960659857503	107
9870	0.001108108068817726	0.0009946802112563756	107	0.0011356408424121297	0.0008218571615857717	107	0.0007152678979141163	0.0004909446335238158	107	0.0010408433328938447	0.0011564738190992473	107
9880	0.0009683725595485713	0.0008573490789919246	107	0.001057272831996181	0.0007616493959686589	107	0.0006739358745090422	0.0005318189960084446	107	0.0007282859294552627	0.0006391335108693632	107
9890	0.0010715181975473548	0.001073532381055511	106	0.0010221106113169252	0.000759921521883576	106	0.0006748820104728973	0.0005122582492041602	106	0.0009759879089338817	0.0008106910645737793	106
9900	0.001044981440664666	0.0010383426386981246	107	0.000981474552917203	0.0006473893816091047	107	0.0004891869774938058	0.00043230769063443337	107	0.0007265285167192401	0.0008085044439419916	107
9910	0.0010929983941313558	0.0010469755725465756	107	0.0010827401132641485	0.0007185805058404878	107	0.0005897936124419513	0.0004432495100680972	107	0.0006901164433401667	0.0008185275231618408	107
9920	0.0007321506228594631	0.0007979428040375509	107	0.000824893868223757	0.0005667214254182914	107	0.0005676206410236538	0.00041762621063130443	107	0.000954309551355557	0.0010213799251057277	107
9930	0.0007852458005215846	0.0006368980698113802	107	0.0008452325322730693	0.0006940889025294428	107	0.0005380385761775744	0.000424293452298689	107	0.0007527674583905972	0.0009131356661429247	107
9940	0.0010998079968873261	0.0008853814899998831	107	0.001006615171403746	0.0006605279006055549	107	0.0006918452591695343	0.00047360586871767466	107	0.0015345806111782942	0.0012321622234093695	107
9950	0.0008284195016087203	0.0007675779698671738	107	0.0009513610055285645	0.0006625377724801595	107	0.0006154204748218214	0.00044253349118237125	107	0.0009536551279629966	0.0008198853612528451	107
9960	0.0009665110553217619	0.0007486761001764705	107	0.000930783328495006	0.0007613899776613949	107	0.000651372464365714	0.0005295251077515248	107	0.0009211580574205167	0.0009431252126673786	107
9970	0.0008783503126801629	0.0008591094198300389	107	0.0009012164487323252	0.0006756187374610713	107	0.0006768254567357892	0.00046621310652715216	107	0.0009292296908282324	0.000999255646097414	107
9980	0.0007740813993577917	0.0007162917617850143	107	0.0010823255572929534	0.0006763349905064441	107	0.000634427282663738	0.00047943842999470727	107	0.0010028980138343463	0.0011285092251821338	107
9990	0.0009046527869398347	0.0009188737472645212	107	0.0008672841029126999	0.0006879509390788622	107	0.0006025180424488682	0.00046479578392235764	107	0.000995610982919284	0.0009662230434450145	107
10000	0.0007954998942451383	0.0007985678146243468	107	0.0010537683661923439	0.0006842121916684048	107	0.000550115667477455	0.0004471720031777369	107	0.0007430470701975579	0.0009064875577853393	107
