tree_index	02a_SPIKE_21563_25384_human_WTD_187_171_.Nmasked.rate__C-1	02a_SPIKE_21563_25384_human_WTD_187_171_.Nmasked.rate__n_C-1	02a_SPIKE_21563_25384_human_WTD_187_171_.Nmasked.rate__C-2	02a_SPIKE_21563_25384_human_WTD_187_171_.Nmasked.rate__n_C-2	02a_SPIKE_21563_25384_human_WTD_187_171_.Nmasked.rate__C-3	02a_SPIKE_21563_25384_human_WTD_187_171_.Nmasked.rate__n_C-3	02a_SPIKE_21563_25384_human_WTD_187_171_.Nmasked.rate__C-5	02a_SPIKE_21563_25384_human_WTD_187_171_.Nmasked.rate__n_C-5	02a_SPIKE_21563_25384_human_WTD_187_171_.Nmasked.rate__human	02a_SPIKE_21563_25384_human_WTD_187_171_.Nmasked.rate__n_human	02a_SPIKE_21563_25384_human_WTD_187_171_.Nmasked.rate__mixed	02a_SPIKE_21563_25384_human_WTD_187_171_.Nmasked.rate__n_mixed	02b_ORF1a_266_13468_human_WTD_187_171_.Nmasked.rate__C-1	02b_ORF1a_266_13468_human_WTD_187_171_.Nmasked.rate__n_C-1	02b_ORF1a_266_13468_human_WTD_187_171_.Nmasked.rate__C-2	02b_ORF1a_266_13468_human_WTD_187_171_.Nmasked.rate__n_C-2	02b_ORF1a_266_13468_human_WTD_187_171_.Nmasked.rate__C-3	02b_ORF1a_266_13468_human_WTD_187_171_.Nmasked.rate__n_C-3	02b_ORF1a_266_13468_human_WTD_187_171_.Nmasked.rate__C-5	02b_ORF1a_266_13468_human_WTD_187_171_.Nmasked.rate__n_C-5	02b_ORF1a_266_13468_human_WTD_187_171_.Nmasked.rate__human	02b_ORF1a_266_13468_human_WTD_187_171_.Nmasked.rate__n_human	02b_ORF1a_266_13468_human_WTD_187_171_.Nmasked.rate__mixed	02b_ORF1a_266_13468_human_WTD_187_171_.Nmasked.rate__n_mixed	02c_ORF1b_13468_21555_human_WTD_187_171_.Nmasked.rate__C-1	02c_ORF1b_13468_21555_human_WTD_187_171_.Nmasked.rate__n_C-1	02c_ORF1b_13468_21555_human_WTD_187_171_.Nmasked.rate__C-2	02c_ORF1b_13468_21555_human_WTD_187_171_.Nmasked.rate__n_C-2	02c_ORF1b_13468_21555_human_WTD_187_171_.Nmasked.rate__C-3	02c_ORF1b_13468_21555_human_WTD_187_171_.Nmasked.rate__n_C-3	02c_ORF1b_13468_21555_human_WTD_187_171_.Nmasked.rate__C-5	02c_ORF1b_13468_21555_human_WTD_187_171_.Nmasked.rate__n_C-5	02c_ORF1b_13468_21555_human_WTD_187_171_.Nmasked.rate__human	02c_ORF1b_13468_21555_human_WTD_187_171_.Nmasked.rate__n_human	02c_ORF1b_13468_21555_human_WTD_187_171_.Nmasked.rate__mixed	02c_ORF1b_13468_21555_human_WTD_187_171_.Nmasked.rate__n_mixed	02d_N_28274_29533_human_WTD_187_171_.Nmasked.rate__C-1	02d_N_28274_29533_human_WTD_187_171_.Nmasked.rate__n_C-1	02d_N_28274_29533_human_WTD_187_171_.Nmasked.rate__C-2	02d_N_28274_29533_human_WTD_187_171_.Nmasked.rate__n_C-2	02d_N_28274_29533_human_WTD_187_171_.Nmasked.rate__C-3	02d_N_28274_29533_human_WTD_187_171_.Nmasked.rate__n_C-3	02d_N_28274_29533_human_WTD_187_171_.Nmasked.rate__C-5	02d_N_28274_29533_human_WTD_187_171_.Nmasked.rate__n_C-5	02d_N_28274_29533_human_WTD_187_171_.Nmasked.rate__human	02d_N_28274_29533_human_WTD_187_171_.Nmasked.rate__n_human	02d_N_28274_29533_human_WTD_187_171_.Nmasked.rate__mixed	02d_N_28274_29533_human_WTD_187_171_.Nmasked.rate__n_mixed
1000	0.0009173856674111091	81	0.0012205855978276354	9	0.0008749763929715807	6	0.0011374075692722379	9	0.0008395580256808533	347	0.0007644864877660758	30	0.0007758148249649897	81	0.001100600486321055	9	0.0017898131379525267	6	0.001232143528507775	9	0.0006482262207160548	347	0.0005504122210417324	30	0.0006391390756764523	81	0.00041194870745555663	9	0.0007840497949942125	6	0.0006212510669181579	9	0.0004922841853923803	347	0.0004750640746054626	30	0.0017518939787425838	81	0.0013122557795839363	9	0.001467805873035454	6	0.0008537270579432659	9	0.001200772697728564	347	0.001452074311907176	30
1010	0.000745603012680792	81	0.0007287435613426181	9	0.0007758824489215202	6	0.0007310902817147364	9	0.0007262346058280394	343	0.0006505723493004494	34	0.0009705331134329449	81	0.0012253275237478485	9	0.001423323502007288	6	0.0010992781008142907	9	0.0006927500872302533	343	0.0006054044009506007	34	0.0004153918342111848	81	0.00043321597679729575	9	0.0006512086476211347	6	0.0004017583358206904	9	0.00034303154805199955	343	0.00037470369082244563	34	0.0006028684594168092	81	0.0008899419452606991	9	0.000623813005864405	6	0.0006446125065907699	9	0.0007071883283091493	343	0.0007852534080903083	34
1020	0.000695647714721105	81	0.0008583815361281453	9	0.0007076003089626096	6	0.0010824621321609432	9	0.0006052136756273845	348	0.0005619001363433817	29	0.0009283291740382691	81	0.001826791771703573	9	0.001321033534678845	6	0.0009512988341515231	9	0.0007798014479967684	348	0.0005571878074716397	29	0.0006056105574443364	81	0.00047278177560160684	9	0.000476383416620675	6	0.00045844992848629207	9	0.00046801348236234357	348	0.0004701275967908703	29	0.0005704804983572146	81	0.0006669231656730983	9	0.0009089865295545738	6	0.0006380448960550511	9	0.0006733685103537956	348	0.0007750995076712118	29
1030	0.0008726158914552227	81	0.001077964218917306	9	0.0010690935993705921	6	0.0009842516467957001	9	0.0007942107084713407	343	0.0011249088488614056	34	0.0007906231497500407	81	0.0010491076479384003	9	0.0013176168769825271	6	0.0009328973290935083	9	0.000659961690312385	343	0.0006442009228403376	34	0.0006288412892025527	81	0.0006066129455186848	9	0.0008374906109129056	6	0.000573382506690482	9	0.00048363461942614486	343	0.0004950763534103943	34	0.0011506280609633519	81	0.0010199659231316873	9	0.0011791228644645907	6	0.0007717708297360483	9	0.001227631943221948	343	0.0012200056636274758	34
1040	0.0010525413198969318	81	0.0010966574949798124	9	0.0010315924826413082	6	0.0011530631235700682	9	0.0008414659997582439	342	0.0008790336268466459	35	0.0012272516986447171	81	0.0009962128616854693	9	0.00146310961386434	6	0.0010453485810200634	9	0.0007735654932689936	342	0.0007015016740950433	35	0.0007204724317327176	81	0.0005519150837912111	9	0.0010450471226993495	6	0.0005239958262159491	9	0.0004755418240241986	342	0.0003970020250587774	35	0.0007321302816553246	81	0.0006559450455837323	9	0.001292950670826488	6	0.0006209541355164038	9	0.0007366631372361315	342	0.0007402284864875174	35
1050	0.0008945529060238077	81	0.0011506444888416114	9	0.0006540769044862184	6	0.0009728054515565146	9	0.0008004799446391783	342	0.0008486125576032592	35	0.000821490842524849	81	0.0012605245207416456	9	0.001259963020920271	6	0.0011444078792204211	9	0.0006021181588754444	342	0.0006605992787634869	35	0.000629164594041628	81	0.0004925542140129666	9	0.0006636941683939816	6	0.000558172237351897	9	0.0004510102069870733	342	0.0004871884860698337	35	0.0005985255717216481	81	0.0004643117521598175	9	0.001072749497110878	6	0.0006633257370138918	9	0.0006663283968753411	342	0.0006861836224581214	35
1060	0.0008428094387444854	81	0.0012995949898137384	9	0.0009658603693409655	6	0.001269810799258155	9	0.0008206405128109834	340	0.0008308050102280568	37	0.000813486902998313	81	0.001307350828172263	9	0.0016015197497958125	6	0.0008604832187263174	9	0.0006263813281437243	340	0.0007492567330767629	37	0.0006290164702132207	81	0.0007427584213603791	9	0.0006307738223350663	6	0.0006849648732901286	9	0.00046949971221410926	340	0.00043828091762047725	37	0.0009039038713001585	81	0.001718331903716153	9	0.0010726806989552866	6	0.0012880530771348605	9	0.0009782519743465245	340	0.0010561112063991792	37
1070	0.0006676532144340555	81	0.0006701191292465351	9	0.0006771058698701956	6	0.001072376879491712	9	0.0007499026591406397	336	0.0006347077004913318	41	0.00089198251770014	81	0.0009232586073800726	9	0.001403297051761735	6	0.0009552455036884108	9	0.0005307660808559216	336	0.0007437697750959522	41	0.0006653602799241846	81	0.00027651559242700753	9	0.0006968458765286755	6	0.0004880038508530528	9	0.0005421700112564701	336	0.0004494732044244587	41	0.000751205709781326	81	0.0007010597598262071	9	0.00128985678896474	6	0.0010827615361885508	9	0.0009049262003408336	336	0.0008758800898449829	41
1080	0.0007670584762194339	81	0.0012113257106955038	9	0.0012088795733935112	6	0.0011446246096307791	9	0.0006982974325869862	344	0.0006716025865786654	33	0.0007857932934543466	81	0.0011811712616813274	9	0.0011039238519323614	6	0.0009321877110661915	9	0.0006749134225796884	344	0.0006777428868823588	33	0.0007317607806593086	81	0.00043934430831647195	9	0.0007113844441476081	6	0.0006276256315356235	9	0.0004510261558413499	344	0.0006137742166949106	33	0.001129933928273674	81	0.00114950861863125	9	0.0007123313204837033	6	0.0011187730133202084	9	0.000932422352424566	344	0.0010221641359165871	33
1090	0.0009407536827109229	81	0.0010867269802893177	9	0.0012691327300361668	6	0.0010061731667900167	9	0.0009156898151428152	340	0.0009406575204133303	37	0.0006825804993583421	81	0.0011524590169836564	9	0.001160420237504658	6	0.001011173961405372	9	0.0006308294166365691	340	0.000646217812249433	37	0.0006345373489245128	81	0.0005814337536110968	9	0.0005293708098341125	6	0.0005343027876109325	9	0.0005849662884964798	340	0.00047429100816035987	37	0.0005271252585677436	81	0.0010312147149306684	9	0.0006332810915780552	6	0.0006399625497584118	9	0.0006853050603282216	340	0.0009878410304370439	37
1100	0.0008985352606096061	80	0.0010472928060365838	9	0.0009235229366779558	6	0.000931124381069029	9	0.0009116886536242553	342	0.001046607781969974	36	0.0007032919205686401	80	0.0010016337570422685	9	0.0013586042978907971	6	0.0009958677859163829	9	0.0006359904459878509	342	0.0006371120546938452	36	0.0005545607951569331	80	0.0005546712706509248	9	0.0005502902820825845	6	0.0003753561669467975	9	0.0004250210718947594	342	0.0003352252503047596	36	0.0007474242274964	80	0.0005739404691035501	9	0.00059079972087423	6	0.0007660984249172717	9	0.00081308284332164	342	0.001029470267840866	36
1110	0.0009954575716084706	81	0.000990440130803845	9	0.0011463841494935823	6	0.002527133871538301	9	0.000625085057261613	345	0.0005793940664926838	32	0.0008037426822836447	81	0.0012667293491588514	9	0.0010894185107068674	6	0.0010566571114266987	9	0.0005877235574274101	345	0.0007577878306595438	32	0.0007360618944717224	81	0.0005124756718742309	9	0.0006027891374228661	6	0.00037539541196762705	9	0.0005182247264303405	345	0.00045443697815479464	32	0.0008908386884978733	81	0.0005397115423139175	9	0.0013249937401066264	6	0.0007875285206440622	9	0.0012125046982711543	345	0.002130124093224636	32
1120	0.0007590986969145333	81	0.0008434641353195132	9	0.000669864459528556	6	0.0014791022873066472	9	0.0006421908060146624	342	0.0006038514601880292	35	0.0007916080938856056	81	0.0011970780175477702	9	0.0013057866896020738	6	0.00116514249034407	9	0.0006844193002155887	342	0.0005055799802081572	35	0.0006738711347678029	81	0.0008783402454323627	9	0.0003423791165822792	6	0.0010432985483983274	9	0.0005113887389691632	342	0.0005149750572659591	35	0.0009469996591128625	81	0.0005881850376873181	9	0.0007674447206483131	6	0.0008477364310739316	9	0.0007704408271313755	342	0.0012289818366752886	35
1130	0.0008620608972048588	81	0.001689039125018542	9	0.0010107186457215518	6	0.0030572026058440747	9	0.0008594589806102115	340	0.0009839661283247265	37	0.0006856944186013708	81	0.001308608877142586	9	0.0012345151625573687	6	0.0014351824470604743	9	0.0006414639573609	340	0.0007702671634722677	37	0.000649010779897081	81	0.0007162782222068223	9	0.000650470325471137	6	0.0007977129612455779	9	0.0005237385398630627	340	0.0005180489248655305	37	0.0006434919415902776	81	0.0006492061466999608	9	0.0010097811274554168	6	0.0018006189336840035	9	0.0007820937150026029	340	0.0009276329789705615	37
1140	0.0009357904235170718	81	0.0008205058244898949	9	0.001146566073431958	6	0.0011092203710267687	9	0.0008034338760925103	343	0.0008940511579547274	34	0.0009290689972480889	81	0.0011107653421174794	9	0.0014412153585080724	6	0.0011220781755214505	9	0.0008854274727042047	343	0.0009400987451354331	34	0.0005392492254498744	81	0.0004876937080435158	9	0.0003901225695181918	6	0.0003759382333229687	9	0.0004269549711272852	343	0.00046900869084963497	34	0.0006963128642521058	81	0.0003038168094455156	9	0.0004398529416408383	6	0.0008714459593304166	9	0.000760373332986181	343	0.001186342676556212	34
1150	0.0011599121081926015	80	0.0008418072760097811	9	0.0008954992768209504	6	0.0012257152283620476	9	0.0007172185259531456	346	0.0006808771353181847	32	0.0008843266886693419	80	0.0007867153059533489	9	0.0020035358331236632	6	0.0011237571631876307	9	0.0006632407961572375	346	0.0008465570603127816	32	0.0005001733012019252	80	0.00036728952136019013	9	0.00036449063725230483	6	0.0006948122427623273	9	0.00034308246746308244	346	0.0004103562804452553	32	0.0007945271352893905	80	0.0004683747689726635	9	0.0008762763998411711	6	0.0010402559743306436	9	0.0008702168226732885	346	0.0010816191112929395	32
1160	0.0009855824402312527	81	0.000960438726020771	9	0.0008971473310222863	6	0.0011078777179870892	9	0.0008179454663943577	345	0.0007994222261164304	32	0.00098129523830096	81	0.0010791422665049543	9	0.0012321332855035948	6	0.0008613143741909721	9	0.0007312195856670755	345	0.0006461355354141456	32	0.0006329780240206473	81	0.000464328179156926	9	0.00047722161680422977	6	0.0005984752506194516	9	0.0004364658594107061	345	0.0004949133113520102	32	0.0011966665657102012	81	0.00040337963809296826	9	0.0010272836941563493	6	0.0003884315682487917	9	0.0007929123501538319	345	0.0010117199665933814	32
1170	0.0011785124482557446	81	0.001454890704922552	9	0.0007792858073201585	6	0.0013779517837908442	9	0.0009558445310091809	338	0.0009360840463207956	39	0.0011457533967575817	81	0.0009979243966444064	9	0.0014172410363871863	6	0.0009054243040567552	9	0.0007628080657884361	338	0.0007547425946981095	39	0.0006964087264288787	81	0.0007229770242935271	9	0.0007569597192934843	6	0.0005835703036746054	9	0.0004989058420074185	338	0.0005698724801193657	39	0.0012255187097597261	81	0.0007472513597245988	9	0.0011063044912094434	6	0.0009341923432867372	9	0.0009254254579675131	338	0.0010377553912101255	39
1180	0.0009942423978344635	81	0.0012766801548394888	9	0.0015458961681747135	6	0.0014621917771074078	9	0.0010470982346988096	337	0.001296323952074898	40	0.0007698988785640264	81	0.0012216655439432212	9	0.0015217449042012247	6	0.0011353653998869727	9	0.0007201571931410867	337	0.0007491760117782331	40	0.0005522565979348372	81	0.00036419585800476423	9	0.0007667242346596695	6	0.00045127862423597975	9	0.0005319765364148161	337	0.00041063874612101947	40	0.0013181497205317016	81	0.0006764228513578309	9	0.0010002162653408914	6	0.0015859981937526003	9	0.0011502945634065018	337	0.001254807040443426	40
1190	0.0009536769681342955	81	0.0009884921977755586	9	0.0009476619983167014	6	0.0011301363719865994	9	0.0009926060107762176	338	0.0009518827687397424	39	0.0008417221293991846	81	0.0010767152741389702	9	0.0013269206152202685	6	0.0012940020979837169	9	0.0006588567641619845	338	0.0007053934524291115	39	0.0005721105974108501	81	0.00038431692982715077	9	0.000528301650994705	6	0.0006385526901969052	9	0.0003525349487631469	338	0.0003419541421514205	39	0.0007161978753602242	81	0.0007438181056432041	9	0.0005492835318269423	6	0.0015528218100871202	9	0.0017238968660492375	338	0.0009110453033263757	39
1200	0.0009972558863973555	81	0.0019522245867242129	9	0.0008030588597516605	6	0.000991466588809573	9	0.0008745888689509083	345	0.00063481917618297	32	0.0009522725241280901	81	0.0014703264189069628	9	0.001132661592864526	6	0.0017398176041225494	9	0.0006828907661542602	345	0.0006799013419588872	32	0.0005255399488856681	81	0.0005947309986401658	9	0.0007836872409155861	6	0.0006548853988664394	9	0.0005132653641560488	345	0.00042198061200100724	32	0.0012424215513262764	81	0.00031792248657338363	9	0.0007163525824954421	6	0.0005308653672929907	9	0.001120077766443496	345	0.0006228086829870044	32
1210	0.0009043098996686143	80	0.0016327387129283085	9	0.0011764609568316875	6	0.000739653631451765	9	0.0007833496366041204	339	0.0011754082685960256	39	0.0007430729511583037	80	0.0012209761979947362	9	0.0016675710470381942	6	0.0010976272601042989	9	0.0006607985573950885	339	0.0006154058279329111	39	0.000539415295205203	80	0.0005371519986509726	9	0.0005447778085628044	6	0.0008780379041720323	9	0.00046181992669446924	339	0.0005037723326699394	39	0.000741520162538678	80	0.0005389735216466536	9	0.0008270202151056291	6	0.0005108936900132812	9	0.0008562801326685902	339	0.0010369281410872368	39
1220	0.0008274702627990314	81	0.001094357841280465	9	0.0011135359597012704	6	0.0012677480509708716	9	0.0007610890861101904	341	0.0007368554064099089	36	0.0007317236837773644	81	0.001093860311354315	9	0.001601042265448658	6	0.0012759193823257881	9	0.0006417367271647601	341	0.0005184625619465272	36	0.0006109442634318089	81	0.0005987003430925496	9	0.0005683460653543467	6	0.0005145226805103855	9	0.00042244247685170946	341	0.0005200256638207019	36	0.0005560253001250289	81	0.001252014369470002	9	0.0013006783700423394	6	0.0006921539098212363	9	0.000694511205776397	341	0.0015684862124850786	36
1230	0.0009061578284853895	81	0.0007657571210437614	9	0.0012514486591591642	6	0.001315522733344848	9	0.0007970875405833015	341	0.0006436401112249759	36	0.0008904216411969458	81	0.001319773416810092	9	0.0012704669628574234	6	0.0009837687414910189	9	0.0007482469992038033	341	0.0007386036678579803	36	0.0005745301869677287	81	0.00038284803880717793	9	0.0004944126873863468	6	0.00040373342391942125	9	0.00044577543950555503	341	0.0004179848798658903	36	0.0008850638105478019	81	0.00025112230265067156	9	0.0014697971025319715	6	0.0009570175706517857	9	0.000980794696792986	341	0.0010916375240655504	36
1240	0.0010190011879907049	81	0.0009480646053868664	9	0.0013455475483211278	6	0.001076137678938037	9	0.0009359580492873602	337	0.0010835621662592444	40	0.0009106748862990917	81	0.0012197687817719189	9	0.0013303710245988632	6	0.0011536031141139219	9	0.0007788414735444843	337	0.0007739332414894433	40	0.0005957733512438827	81	0.000669742217363791	9	0.00047772333746858665	6	0.0007406173151577046	9	0.0004567846064794602	337	0.0004671991080348845	40	0.001085934461622126	81	0.0011280215256546668	9	0.0012779187475809959	6	0.0007499488924545226	9	0.0010234386314998136	337	0.0012884362977191959	40
1250	0.0010004786868715017	81	0.000988335439972606	9	0.0010862096253240296	6	0.001028326764657678	9	0.0009344380966783379	338	0.0010339117756308553	39	0.0009194468930781253	81	0.0011399362862006333	9	0.0012007146047190555	6	0.0013210611720486985	9	0.0007896221967410623	338	0.0008857408443181231	39	0.0005907841116772847	81	0.0004293744345506024	9	0.0006895859442734824	6	0.0005803570732094924	9	0.000484706264784312	338	0.00044203853577012386	39	0.0008189900424542788	81	0.000673051270539286	9	0.000940172260490568	6	0.001569859340293603	9	0.0008847929535313288	338	0.0008455491548414695	39
1260	0.0008815913883392577	81	0.0009311296501780744	9	0.0009447114874431565	6	0.0008405251000006894	9	0.0008757390542079079	350	0.0008553385389542874	27	0.0008864643342870525	81	0.0010840113201430078	9	0.0014112094306351353	6	0.0010439190284752236	9	0.0006595811112090558	350	0.0008589370549589283	27	0.0005494924531588748	81	0.000563979889596273	9	0.0002907956050868369	6	0.0005232817077941087	9	0.00044313964156826883	350	0.0006194569190688677	27	0.0010050685862531012	81	0.0006288437019085139	9	0.0005720099325727159	6	0.0008296970751164208	9	0.0009314590523303102	350	0.0007748637675312051	27
1270	0.0007587732827958716	81	0.001002039008680758	9	0.0008073104691788033	6	0.0009968472652030667	9	0.0008058849678799085	332	0.0007164507365805007	45	0.0007702489272011837	81	0.0008945643307905474	9	0.0011270581386138153	6	0.001527830786333908	9	0.0006674054426917947	332	0.0006893484782615241	45	0.0005818007077196793	81	0.00036851326909881983	9	0.0004252752345857004	6	0.0005876941092298324	9	0.00043133726942381687	332	0.00043176519172500016	45	0.0011045578494420756	81	0.0006728806391058943	9	0.0004612068472138113	6	0.00034773292630670475	9	0.000735322589279493	332	0.0007646467994566976	45
1280	0.0010711503632457322	81	0.0012659187905034392	9	0.0015862371105868748	6	0.0008269663655333596	9	0.0008889685861669451	342	0.0008986712430685	35	0.0008314129894454591	81	0.0011081839747619946	9	0.001362143919620332	6	0.001808796674239344	9	0.0005943226138950342	342	0.0005916935408942195	35	0.0005365093206259369	81	0.0005539575848672704	9	0.0004584656547540862	6	0.0004638633933155919	9	0.00043758329403078357	342	0.0005088285829703229	35	0.0009880148592207164	81	0.0007791336443718599	9	0.002346444011885709	6	0.0006822427118180636	9	0.0010315067965247023	342	0.001043085861270371	35
1290	0.0008040271910475386	81	0.001010331167458441	9	0.0010351029472631798	6	0.0007440068523983476	9	0.0006992829557804604	339	0.0007711439050566341	38	0.000980015361118961	81	0.0011018934678532115	9	0.0014047614137996363	6	0.0010017065474474266	9	0.0008118266506620073	339	0.0008573430879129724	38	0.0006732719885113895	81	0.0003662378068065166	9	0.0005422634349953483	6	0.0006866364449226822	9	0.0005178860868622164	339	0.00043314941557691855	38	0.0008089289773567882	81	0.0009639244041767394	9	0.0014416096917356247	6	0.0010342469839812506	9	0.0007983192837072787	339	0.0006348994011625559	38
1300	0.0008722486715204762	81	0.001032837056397617	9	0.001231681609782512	6	0.0008870071932337367	9	0.000838716451173778	348	0.00114547528180586	29	0.0008177069376614684	81	0.0013694371677132377	9	0.0016218933479665188	6	0.0014659138211908966	9	0.0007307524093569712	348	0.0008256790006198706	29	0.0006083501198064536	81	0.000684413971446739	9	0.0005683404306584646	6	0.000452118070431969	9	0.0004278919512518518	348	0.0004985518519305992	29	0.0007640994629416327	81	0.001026201442502123	9	0.0006958336092346382	6	0.0004680329844683921	9	0.0007771441004969766	348	0.001482638416978923	29
1310	0.0008365013155610931	81	0.001205302780009283	9	0.0010166396781689146	6	0.0010686058587448233	9	0.0009226355600652191	342	0.0005688393289043708	35	0.0009676193348144207	81	0.0010952531254881936	9	0.0016212545917239213	6	0.0010561896334988126	9	0.0007427811327747705	342	0.0006808325984207047	35	0.0007456760802912681	81	0.0006326339524980915	9	0.000771597352937851	6	0.0004557499782820938	9	0.0005084627290511067	342	0.0004574409966711622	35	0.0006427808561467699	81	0.000551992162431921	9	0.0009156630891930953	6	0.0013879526935422722	9	0.0008626850967729472	342	0.0008967057110698137	35
1320	0.0009793516005055071	81	0.001081637699181964	9	0.0010299735986874358	6	0.0011481334256482681	9	0.0009539377958138438	345	0.0011043371552558825	32	0.0007795696092581188	81	0.0010156076399356648	9	0.0012096445172480237	6	0.0014371356721461588	9	0.0007079152365564552	345	0.0006418434456556426	32	0.0006559674904931572	81	0.00040356238580907555	9	0.00051797659693685	6	0.0003920749564736364	9	0.00042835639650002066	345	0.00041411350796092026	32	0.0010610095023125706	81	0.0006624306845626724	9	0.0006775996070191543	6	0.0008080594923744941	9	0.0011984516261801872	345	0.0011868496251836455	32
1330	0.0010224499280073879	81	0.0012172602354007143	9	0.0010611256440650788	6	0.0008192882720894073	9	0.0009026888646640573	338	0.0009466584978220732	39	0.0008871409287893066	81	0.0009357318441239822	9	0.0010754250722032467	6	0.0011174820646397737	9	0.0006946681052709935	338	0.0009055320600517181	39	0.0006127029722844413	81	0.0006064768407210837	9	0.0006374278701120695	6	0.0005922479959595991	9	0.00046567428491597516	338	0.0004346074411380484	39	0.0017699694884070565	81	0.003433480240119576	9	0.0013111289616067586	6	0.0008802421456476661	9	0.0014727831283235153	338	0.004459197091311052	39
1340	0.0009901591485536906	81	0.0009113589752131079	9	0.0009743682740667644	6	0.0008121075415583555	9	0.0009988107562086924	336	0.0009449714200171375	41	0.0009699354040594045	81	0.0012963557402159917	9	0.0010442894558482401	6	0.0009609672327311105	9	0.0007578815583179434	336	0.0007482944714051404	41	0.0008455899767938973	81	0.0002950845195450331	9	0.0008436870812963473	6	0.0007476342092115323	9	0.0005405563936103673	336	0.0006477447319963919	41	0.0006086266668319685	81	0.005176730326624154	9	0.0016306154626522919	6	0.0006468776598842855	9	0.0007695908528218919	336	0.0013946011041689906	41
1350	0.0007431285093881286	81	0.0008584025102523057	9	0.0011240726009073046	6	0.0009017743911319419	9	0.0007620968818037447	341	0.0007887627512445577	36	0.0007651239046868291	81	0.0010547826079848584	9	0.0015378516490245173	6	0.000939237080190617	9	0.0006590331847291399	341	0.0007761198624993901	36	0.000577166009097343	81	0.0007118752634437215	9	0.0005981830892900288	6	0.0005815599539857674	9	0.0004306842898127495	341	0.0005618589723012315	36	0.0008691980217901207	81	0.0002080706158632594	9	0.0003356747640111017	6	0.0012537878298372722	9	0.0008000811309760604	341	0.0008409927248945637	36
1360	0.0009721637973821129	81	0.0010230418930819195	9	0.0007893415863477192	6	0.0010323748622165026	9	0.0008561787965341453	344	0.0007653705790912953	33	0.0008320263378399516	81	0.0015052293959643337	9	0.0009937895464876498	6	0.0008470953990108789	9	0.0007906083483649683	344	0.0006704631048221392	33	0.0005762882265979331	81	0.0006278253586418375	9	0.00042967928109655367	6	0.0005710702106119883	9	0.00045826598719753484	344	0.0005410286050414083	33	0.0008747860995858915	81	0.0010014453934592798	9	0.0011962899571003227	6	0.0006926793956961579	9	0.0007967246063499696	344	0.0009581102675443806	33
1370	0.000770946004587112	81	0.000779330945288845	9	0.0007260410235358357	6	0.0010360668388010286	9	0.0006788098103345567	340	0.0006366696344982751	37	0.0009222271521926636	81	0.001038859265092795	9	0.0014138893480529404	6	0.0011638518746051355	9	0.000823897782712657	340	0.0009470849199917662	37	0.0005742585602765658	81	0.000981345539877986	9	0.0005537712927098166	6	0.0005005662050119988	9	0.00038634914014671836	340	0.0004047407476177565	37	0.0007744992980679602	81	0.0002653098317514897	9	0.0005458490533839723	6	0.0008236509456428436	9	0.0007302625368940014	340	0.0009736905165472567	37
1380	0.0009261549512806621	81	0.001486869016743756	9	0.0007352219978578822	6	0.00079829652420986	9	0.0008781770842719279	342	0.0008301350609093692	35	0.0009979386338532128	81	0.001477985701075898	9	0.0012210368704889628	6	0.0010887712006413417	9	0.000712949304561212	342	0.0006912983050520082	35	0.0007386007987167808	81	0.0007667026344890167	9	0.0007648119203778472	6	0.0006237685135882709	9	0.0004895110723448686	342	0.0005613709073220212	35	0.0011402968969431687	81	0.001171633203183569	9	0.0011181849847128596	6	0.0012910367908053947	9	0.0010101667557226954	342	0.0012186715320390306	35
1390	0.0006926384550613085	81	0.0011377451537707877	9	0.0007414369509501643	6	0.000786434531352354	9	0.0006537270235505728	341	0.000735992915348857	36	0.0009703565727472415	81	0.0014169853045927407	9	0.0013025712796441776	6	0.0010055563918623552	9	0.0007620301271897938	341	0.0010647950891791008	36	0.0006481846307221893	81	0.00045798475900591214	9	0.0006643025319831702	6	0.0006085341492472124	9	0.000490079166613054	341	0.0005340636349425273	36	0.000965603676978339	81	0.00040135179473375324	9	0.0008411127592533807	6	0.000962878927846522	9	0.0010028236420879333	341	0.001470565240788448	36
1400	0.0007094042667407807	81	0.0009303144174747166	9	0.0006960518713426442	6	0.0008151731246663105	9	0.0007356728969515105	341	0.000702321479953685	36	0.0007972172445305928	81	0.0011606398818310704	9	0.0013700058072111116	6	0.001148676252229811	9	0.0007069965987310242	341	0.0006906777187715668	36	0.0007113429456963393	81	0.000404572907824081	9	0.0006651460606999865	6	0.0006399691971859917	9	0.0004700355163785611	341	0.0005551976332425162	36	0.0010863316438496087	81	0.0003270021514091658	9	0.0009324247419757132	6	0.0016335207329391107	9	0.0009295661143636263	341	0.0008481447639954617	36
1410	0.0006852411351547319	81	0.0007062240547566891	9	0.0008322205859892002	6	0.0008267673159352159	9	0.0006282964844760644	347	0.0006326489007755248	30	0.0007811395304539657	81	0.0012859175212671726	9	0.001464438429254624	6	0.00115761613268921	9	0.0005584710057647994	347	0.0006478093070430026	30	0.0004371800347935344	81	0.00045690272725607017	9	0.0008233564641302758	6	0.0005543019506852522	9	0.00041356057685316977	347	0.0003717647360187424	30	0.0014520855980032308	81	0.00047313785227843575	9	0.0006226218927854229	6	0.0007648135575836494	9	0.0007797253863456583	347	0.001076693405596558	30
1420	0.0008651453198377084	81	0.00157788177073542	9	0.001098248911786206	6	0.00136185245484609	9	0.000835492954186472	343	0.0008715952783061126	34	0.0007187259324529363	81	0.0011925276964225146	9	0.001701720419578569	6	0.0010066394712604774	9	0.0006117007505321958	343	0.0006335391572336521	34	0.0004912622614104477	81	0.0005722438230870882	9	0.0004888036054518812	6	0.0005308165861853933	9	0.0004269312556125652	343	0.0003870104510574198	34	0.0006125601238618047	81	0.0005461070203528403	9	0.00041839887652249	6	0.0006029332271980955	9	0.0006617343975198745	343	0.0010869008673435399	34
1430	0.0008206307003825438	81	0.001069702291804163	9	0.0012345322215655413	6	0.0009680624410856647	9	0.0007603221860864623	338	0.0008950730514387994	39	0.0008496437077540454	81	0.0011523002189643868	9	0.0011151921739095043	6	0.001059414463157285	9	0.0007147279698791457	338	0.0006293663739723848	39	0.0006732838008934327	81	0.0004595010115577682	9	0.0006723127144288876	6	0.0005530473667414414	9	0.0005393291041032577	338	0.0005272157485371969	39	0.0007076057197038854	81	0.0002916889053948408	9	0.0009345156902362279	6	0.0008741159640893066	9	0.0008688084641166143	338	0.001553390043816416	39
1440	0.0007498136793072989	81	0.001194728297709648	9	0.0011368700895956	6	0.001034072536851946	9	0.0006856351167063437	338	0.0006772786321117678	39	0.000716339826591946	81	0.001201843526649739	9	0.0013191471009241194	6	0.0012063394364796051	9	0.0006273800503186551	338	0.0006620691929490552	39	0.0005672583183618174	81	0.0005898605253102497	9	0.0006647477476813012	6	0.0004973053620698127	9	0.0004896663128119889	338	0.00038135466836728516	39	0.0007377460473923944	81	0.0007978231790333325	9	0.0007341248939873489	6	0.001003032816694968	9	0.0009216831052762987	338	0.000989402047611404	39
1450	0.0007947240974918809	81	0.0011649263635822632	9	0.0004368658199533745	6	0.0009656821406012048	9	0.0007634956941622109	344	0.0008156376829740128	33	0.0007582982059544639	81	0.0012676809890595953	9	0.0012821945761272984	6	0.0011698538296140628	9	0.000567873743446885	344	0.00048637433249767813	33	0.0006158952460615405	81	0.0004758726493376367	9	0.0007666473614997513	6	0.00046578908268008607	9	0.00039706710894615627	344	0.00037901380202094904	33	0.0009261125966712047	81	0.0005447516086611466	9	0.0010215682715057723	6	0.0006405155265178978	9	0.001011425763875905	344	0.0010913958748862583	33
1460	0.0009211404460604408	81	0.0009194056033441276	9	0.0008069834536680183	6	0.0009050962352338669	9	0.000870045985942674	349	0.0009078073509984735	28	0.000772821390730063	81	0.0011079986580575575	9	0.0015895871439303188	6	0.0012549841511088704	9	0.0006155778940204718	349	0.0006567623285438714	28	0.0005339489471703589	81	0.000357990639601269	9	0.0005011962739998279	6	0.0005529810239646141	9	0.0003538129136678872	349	0.00034938675292716986	28	0.001380076749592323	81	0.0009403566204319378	9	0.0005594954678647291	6	0.0006704129864605579	9	0.0013075561114591436	349	0.0009905432014629958	28
1470	0.0008386588904310449	81	0.0011079061181029361	9	0.0010319989929088898	6	0.0010410657131433552	9	0.0007977548559493134	349	0.0008505798244796442	28	0.0009094729786577649	81	0.001298775698200176	9	0.001145526508512964	6	0.0012518137013419921	9	0.0006318485963107177	349	0.0005179419332585843	28	0.0005291884370064371	81	0.0007532672349861379	9	0.0006376670101542709	6	0.0007584080923772913	9	0.000394877211464464	349	0.0004822602236952326	28	0.0005120206553145519	81	0.00015607575378439708	9	0.001698241231582986	6	0.0005006004415824853	9	0.0009399655471934348	349	0.0007486895578939021	28
1480	0.0009041931311518918	81	0.0012238894423204603	9	0.0006656691296379388	6	0.0010969023925432426	9	0.0007635680079364578	340	0.0006884511978690135	37	0.0009706945116880789	81	0.0009840791972558656	9	0.0012569218771846663	6	0.000892506730178302	9	0.0007038798910142469	340	0.0006602575060807414	37	0.0005583324098577932	81	0.0009112049516891954	9	0.0006808033960745406	6	0.0006847482664015841	9	0.000396881440349715	340	0.00037321407138965186	37	0.0012625379784964878	81	0.0006926201790824684	9	0.0008377303267132888	6	0.0006486741132060701	9	0.001303616296501698	340	0.0022681133562665883	37
1490	0.0007198144975057198	81	0.0009746142182041895	9	0.0008584003077789148	6	0.0007659712790081721	9	0.0006752237094587023	341	0.0006359876175063189	36	0.0008456716031537798	81	0.0010426544237373942	9	0.0012712569627334875	6	0.000975223492934532	9	0.0006359453544858914	341	0.0007964434603588682	36	0.0006082893302881859	81	0.0004113377145790842	9	0.0005237955759404758	6	0.00050525344078305	9	0.00046263903996014114	341	0.00045016385418998546	36	0.0010804518579263836	81	0.0003164660688026964	9	0.004292306837869921	6	0.0010433588717291076	9	0.001178693719332645	341	0.0008738156270864378	36
1500	0.0010632317891291774	81	0.0006963996929192354	9	0.001151864664135137	6	0.0009842840580025147	9	0.0009439493871841228	344	0.0008636316932740711	33	0.0007976047203488617	81	0.001180311601789258	9	0.0015227027497030398	6	0.0010352941609275339	9	0.0006885895490470452	344	0.0009371948319100863	33	0.0005749605558288656	81	0.00038870019937535045	9	0.0008135815442320104	6	0.0005956293754902338	9	0.00045642168168930287	344	0.00033975068725640076	33	0.001038527890762815	81	0.0008095536111580874	9	0.0009816167512942476	6	0.0009477452581406185	9	0.0009143955347807303	344	0.0007447810328506248	33
1510	0.0008590839106968585	81	0.0008784663944114154	9	0.0008650006730604765	6	0.0014193397490216088	9	0.0008012916573826072	338	0.0007668132284743185	39	0.0007913666729016772	81	0.0009991308082926689	9	0.0012422838110617848	6	0.0013287200174588202	9	0.000626351979804273	338	0.0006848674242511401	39	0.0006345221720210149	81	0.00030859682631736285	9	0.0008403503098188158	6	0.0006322997987376269	9	0.00042044680487027144	338	0.0003830185172200651	39	0.0011681168399857787	81	0.0008018092132505117	9	0.0008188237526806722	6	0.0006575028229183575	9	0.0010122538590945896	338	0.0008149497819614168	39
1520	0.0010748042225507128	81	0.0007180504035606092	9	0.0014864046573127372	6	0.0010801753347281027	9	0.000748012139994319	343	0.000904666586491785	34	0.0009789233610907353	81	0.0013100690132897754	9	0.000980275438066349	6	0.0008608499116986512	9	0.0006384353630463672	343	0.0005654601359227761	34	0.0005569631285144997	81	0.00034451789252659806	9	0.0007251566307497529	6	0.0005469849027442136	9	0.0004020916163143547	343	0.0003494569004849973	34	0.0010414761789768682	81	0.0006243625016475773	9	0.00056919892454903	6	0.0009681834096374366	9	0.0009994497864588721	343	0.0009177036088539965	34
1530	0.0009821013776604303	81	0.0009012101018381472	9	0.001050792148813247	6	0.001015094659905089	9	0.0009075608003402452	341	0.001058209611545257	36	0.0007281930185904427	81	0.0011526506307473826	9	0.001328622274614641	6	0.0011072909051209005	9	0.000619100830773784	341	0.0005940106129404638	36	0.0004635046847510297	81	0.00039247807415633096	9	0.0006706228666427037	6	0.000439544509584901	9	0.0003380821531002613	341	0.00037976973201856866	36	0.0009630923122752553	81	0.0007813853645721408	9	0.0012822715664589748	6	0.00093576838405252	9	0.001014309573797601	341	0.0009577901413609644	36
1540	0.0010879124866769307	81	0.0008546448874857519	9	0.0009688611334915834	6	0.0010225653877736817	9	0.0010458280414810783	343	0.0011147465405223565	34	0.000818622334958709	81	0.0010935023248854862	9	0.0019166830772068093	6	0.0011696389047426957	9	0.0006703378152183817	343	0.0007493807692651971	34	0.0005852063689558744	81	0.0004278616495949355	9	0.0006660737013161822	6	0.0008327661777544258	9	0.0004828489307306975	343	0.0006477333831404691	34	0.0008789357547196535	81	0.0002473427364242483	9	0.0011110306914599683	6	0.0006318280994974127	9	0.000874275038370745	343	0.001207524645061009	34
1550	0.000876623345495911	81	0.0013785073313427063	9	0.0008018227652722656	6	0.0015182169160708914	9	0.0008416861506535217	345	0.0008260926597447708	32	0.000762933215955668	81	0.001213248306924493	9	0.0011898549631241353	6	0.001185403562905216	9	0.0006577462618673159	345	0.0006873581537025058	32	0.0006771407015608703	81	0.0005127305336663319	9	0.0006307377327974144	6	0.00063169524277776	9	0.000462018603479047	345	0.0003670870427205891	32	0.0006679091198296471	81	0.0009676701221236776	9	0.0016342578468271699	6	0.0006276642336352995	9	0.0007871544390496547	345	0.0011165749232885337	32
1560	0.0006284280510727295	81	0.0008080561161965614	9	0.000631625705098504	6	0.0007776281643051273	9	0.0006043311095807719	341	0.0005452595966959485	36	0.0006890852829607424	81	0.0008943054842095767	9	0.0010427919156494958	6	0.0010487485698779644	9	0.0005693298294200101	341	0.0006406583847965133	36	0.0005725466609165	81	0.0005304097432880582	9	0.0007550058703429196	6	0.0003807588745865408	9	0.00043731108726496507	341	0.00062225761554313	36	0.0007177269502278033	81	0.0005727960046035996	9	0.0009664930065158226	6	0.0011312176107886338	9	0.0009977333741016635	341	0.0015068733032899742	36
1570	0.0007930302683979314	80	0.0011110594557731635	9	0.0009143497589499215	6	0.0013477127547290248	9	0.0007901478925259738	344	0.0008883805798623996	34	0.0007583157215679119	80	0.0008624162566929851	9	0.0009540851237820081	6	0.0008728863213344291	9	0.0006474253207005888	344	0.0008320863582135643	34	0.0004788820408152335	80	0.0006581793606042668	9	0.0006011731243166406	6	0.0005317027417009508	9	0.0003878027540296774	344	0.0003833742103895127	34	0.0006032048309903213	80	0.0005407769862106519	9	0.0018727016700971634	6	0.0007607374794348073	9	0.0006170263361053908	344	0.0007577575378022258	34
1580	0.000777899759858036	81	0.0010749372408344275	9	0.0008849671783371043	6	0.0010870866295494986	9	0.0006833114989676715	341	0.0006662803535407542	36	0.0008948891867052169	81	0.001250330810048741	9	0.0014252851427986395	6	0.001447044837495617	9	0.0006459674379599111	341	0.0008621707632971484	36	0.00045815327904998173	81	0.0003996260584073834	9	0.0005381399125815155	6	0.0005970488113617692	9	0.0004668884206837323	341	0.0005100649670932364	36	0.0006694849684772362	81	0.0006428543229803738	9	0.001584209315305077	6	0.0006784141500527998	9	0.0008715844733043385	341	0.0009593436686300505	36
1590	0.0009663532414913809	81	0.0008710771228690994	9	0.0006504130078513164	6	0.0009455352288203618	9	0.000869748547635257	346	0.0011512624735919444	31	0.0007295931159027454	81	0.0009385494806322082	9	0.0013581740436879582	6	0.0011415629889636623	9	0.0006490043408910355	346	0.0006288312534585551	31	0.0005026855789884851	81	0.00022923016359910852	9	0.000531106660000306	6	0.0004776610579031881	9	0.00041055441801587835	346	0.00034582739602274617	31	0.0008049045609119232	81	0.0006860881412929226	9	0.0006523604230025754	6	0.0011289532948088165	9	0.0008481703003920062	346	0.0008139993549704079	31
1600	0.000714747621334342	81	0.0010828726647337749	9	0.0006660085695642089	6	0.0006278243472301868	9	0.000723574422474353	342	0.000651502436236217	35	0.0007274437071272415	81	0.0015707984168876255	9	0.0016337566051538202	6	0.0011172059724766496	9	0.0006503505662983848	342	0.0005996410267940902	35	0.0006500431196711897	81	0.0002976569827528014	9	0.0005956480584449986	6	0.0006949774591681148	9	0.00038831312294867424	342	0.0003894882069839715	35	0.0008766616344349304	81	0.00041170019435477097	9	0.0012177754676074568	6	0.00037477194650393716	9	0.0008103765612023496	342	0.0007365826492100912	35
1610	0.0009728989744963534	81	0.001097542297692205	9	0.0014891643697414077	6	0.0010589297102397398	9	0.0008483709063986656	345	0.0007447655791680897	32	0.0008460861400912235	81	0.0015751529138564979	9	0.001444490891110549	6	0.0008902122555822496	9	0.0005629119711032125	345	0.0007428390264552769	32	0.0005092191044095322	81	0.0005909420619153392	9	0.0005612787148065694	6	0.0005454301579475991	9	0.00044912166357432415	345	0.0005122791076142116	32	0.0007881215763082657	81	0.0003990139299358365	9	0.000663772346146859	6	0.0004469577275119667	9	0.0007703320966553895	345	0.001039199067379749	32
1620	0.0007682430413406151	81	0.0006806175129384572	9	0.0006578039375587473	6	0.0010986396716292156	9	0.0007399433358133987	339	0.0005959797207330278	38	0.00083657669955378	81	0.0010238354808709865	9	0.0010572685366567098	6	0.0012994915308213858	9	0.0005721072670057898	339	0.00053501071805586	38	0.0005923943346442219	81	0.0004885598438780857	9	0.0005454060548623143	6	0.0003958069830056441	9	0.0004406538271213971	339	0.0004149797419828675	38	0.0009975155261981374	81	0.0013843275618355363	9	0.002005017381312074	6	0.0011025143837683775	9	0.001191731926144681	339	0.0009518529188332835	38
1630	0.0008019082130917211	81	0.0008456142589602894	9	0.000725676119277356	6	0.0008979609284730276	9	0.0007792707326431796	341	0.000860033921707392	36	0.0008627706838225951	81	0.0016011988108466959	9	0.001869580360383211	6	0.0011107105794847078	9	0.0005351446878346012	341	0.0005214556036519981	36	0.0006682680531079215	81	0.00043146722690614757	9	0.000679064025337317	6	0.0005023144757690564	9	0.0004357801889671436	341	0.0006462517764189167	36	0.0008216285637978274	81	0.0008637285207206831	9	0.0010318844894794401	6	0.0007858799673260913	9	0.0008227942216552545	341	0.0007507798309711451	36
1640	0.0008096031793143982	81	0.0008953499941270112	9	0.0009271097781248938	6	0.0012421189086321337	9	0.0008721562277303575	343	0.0007561824218735903	34	0.0009369281124493447	81	0.0014069719718680877	9	0.0010687550815960739	6	0.001178256559850665	9	0.0007291974018523423	343	0.0008099102540189441	34	0.0007584610311579844	81	0.0004270075708090505	9	0.0007420175288503321	6	0.0006890859645926384	9	0.0004970307429547702	343	0.0005694474963811583	34	0.0009377684245741091	81	0.0007355755235605324	9	0.001169782407237942	6	0.0010672618632307377	9	0.0010863292891685826	343	0.0008572639685710708	34
1650	0.0006936729505372156	81	0.0010887835671091867	9	0.0008632262683557173	6	0.0013581866060779772	9	0.0008596805211425705	345	0.0007976069459512408	32	0.0009546188834629016	81	0.0011348056239308178	9	0.001375591309475728	6	0.0012245714017138322	9	0.0006800779402531383	345	0.000810443703645336	32	0.0007074670629575601	81	0.00040951258026253605	9	0.00047000377227685556	6	0.0007107809893905502	9	0.0004355864802432648	345	0.00040598635779095154	32	0.0008195074501381854	81	0.0008454061061129246	9	0.0008698422681557736	6	0.0005288315365579873	9	0.0009630559908695548	345	0.0010007934692711287	32
1660	0.000834882317267683	81	0.0007559976862381324	9	0.001081487899209926	6	0.0010635569469333473	9	0.000762385358834593	336	0.0008561774291690204	41	0.0009709774025123467	81	0.000734485691925045	9	0.001479701654928893	6	0.0009765093004054128	9	0.0007237661591446767	336	0.0008660251721319193	41	0.0006595295248311191	81	0.0005629326532817894	9	0.000547229513474168	6	0.0006203892302217144	9	0.0004338986584577094	336	0.0004738362774020682	41	0.0007276386520852315	81	0.0005940196291772366	9	0.0003221416607580998	6	0.0005794041025586481	9	0.0013420791223392177	336	0.0009245993517481357	41
1670	0.001155899719414061	81	0.0011312008603731113	9	0.0011502976091630117	6	0.0015512294751531717	9	0.0010474987346478092	340	0.0011787511843555944	37	0.0007560295171032816	81	0.0011212382718263831	9	0.0011565888552840548	6	0.0011017691118682914	9	0.0005820193671524543	340	0.0006373697886188432	37	0.0006944439089773026	81	0.00046023830479193683	9	0.0006804146679509288	6	0.00046518874969275	9	0.000453449345173741	340	0.0005236481779244806	37	0.0008370328194591988	81	0.0006578324531635059	9	0.000953348978402236	6	0.0008737227635194542	9	0.0008461705015107953	340	0.0008335329512832799	37
1680	0.0007784809381714494	81	0.0006862309067188574	9	0.0005428891135660605	6	0.0012682326432925056	9	0.0006240230556816907	339	0.0005733795360590218	38	0.0007686635725701868	81	0.0012780938395214097	9	0.001857219921882984	6	0.0009571920274453769	9	0.0005679046872542556	339	0.0006066455229600039	38	0.0005558530418312641	81	0.0003362927398580316	9	0.0006267484900958354	6	0.0004875500492236742	9	0.0003178664921738125	339	0.00047895972052722935	38	0.0007472089518368338	81	0.0005392654774161506	9	0.0008272069040839102	6	0.0005989670187823038	9	0.0006893759579811715	339	0.001078849147591537	38
1690	0.0007976599042794142	81	0.0005695470093675501	9	0.0005128201113535073	6	0.0009535697470691145	9	0.0005942152131439219	345	0.0004875696239144304	32	0.0008769544455383372	81	0.0011507576168107076	9	0.001750435987711562	6	0.0010514052030174575	9	0.0005580481196643743	345	0.0005186711077097357	32	0.0007344516597168967	81	0.0005966178135742182	9	0.0009056680141958646	6	0.0004154846402704954	9	0.0003102639097979853	345	0.0002555060927058331	32	0.0006793390942800635	81	0.0007232304414486968	9	0.000670663585979247	6	0.000496215741170537	9	0.000620175084968661	345	0.00041850871400925694	32
1700	0.0008927515864278204	81	0.00101603180496479	9	0.0014857145808071148	6	0.0008134028587873126	9	0.0009898108581764483	338	0.0013385921729003867	39	0.001100650677745006	81	0.0015244524685870742	9	0.0017152132767553434	6	0.001129079801412588	9	0.0006594195251513535	338	0.0007629202895320916	39	0.0006258195087052873	81	0.0006843696179814018	9	0.0007715608726482741	6	0.0005338660418606465	9	0.0004043342390909825	338	0.0004765656936966137	39	0.0008948687663683526	81	0.00043978590937749474	9	0.0010064084296396714	6	0.00034138264325639644	9	0.0011279005042592399	338	0.001059373466948919	39
1710	0.000877045588499317	81	0.001104230714455396	9	0.0009395276338816028	6	0.0009192350137201496	9	0.000824841377161492	333	0.0007410971809278295	44	0.0008583140916069626	81	0.0015148439533688408	9	0.0015118692083726049	6	0.0010097426023071411	9	0.000685195649641297	333	0.000657539387839585	44	0.0006085896713895441	81	0.0004259773176786059	9	0.0006147405976864992	6	0.00080431849930063	9	0.00040041099096350404	333	0.0003257024113176399	44	0.0005022449941366786	81	0.0003416731231256954	9	0.0009977373613098688	6	0.0007724595416907441	9	0.0006011317218101475	333	0.0009004945177203659	44
1720	0.0010274574951058763	81	0.0010530972689441348	9	0.0020042981457731274	6	0.0017297146683256143	9	0.0008616499907468348	344	0.0009718426596785024	33	0.0008222984278238516	81	0.0011583627490681693	9	0.0011108196938435348	6	0.0009975603669051419	9	0.0007812194394659837	344	0.0009696269488742476	33	0.000591158519944643	81	0.0004416801924375614	9	0.0005667640420944847	6	0.0005863157784865678	9	0.00046277101587437284	344	0.0005214584720691988	33	0.0007264184611114101	81	0.0005450293348296398	9	0.001229116810695401	6	0.00041718730863480425	9	0.000884372698714162	344	0.0015823348933636152	33
1730	0.0008879200581499548	81	0.000813242377935566	9	0.0010429089122364907	6	0.000951950274305178	9	0.000854618226056647	343	0.000819337063791689	34	0.0009685784802356454	81	0.0012409763277382762	9	0.0015966570501600675	6	0.0012887246283160856	9	0.000831275780523913	343	0.0008331558475199113	34	0.0004793656150377717	81	0.0005239583739964709	9	0.0005817759147071184	6	0.0006050384878845875	9	0.0003470037166855354	343	0.0004094981683980137	34	0.000943611427069314	81	0.00047041546787223473	9	0.0011198429441846465	6	0.0006814384434860823	9	0.0011273413470999501	343	0.0009806092432421243	34
1740	0.0010406315923595822	81	0.0010050650013839954	9	0.001412597816439531	6	0.0011949893211784526	9	0.0008999276213474896	336	0.0009266793592250578	41	0.0008852029177743764	81	0.0010968129652715207	9	0.0014270854762102492	6	0.0011072916840564487	9	0.0007481488188109041	336	0.0006745200442568104	41	0.0005025175384197213	81	0.00040761754788169627	9	0.000711602471025289	6	0.0005476549734084456	9	0.0004074060215287474	336	0.0003977397367692289	41	0.0012568267561308226	81	0.0014339631727057457	9	0.0004351739481991054	6	0.0011687597746273398	9	0.0009216792049723268	336	0.0007548053159863805	41
1750	0.0008329571505904632	81	0.0009224606900271519	9	0.0016248552299604417	6	0.0011769464221781103	9	0.0007776517905320517	340	0.0005296170104244891	37	0.0007332064636970633	81	0.0010638755169848412	9	0.0018017049876425698	6	0.0010658619881126856	9	0.0006800498264832905	340	0.0006551151903138392	37	0.0006195969865375452	81	0.0008619621422192928	9	0.0010857216545561332	6	0.00048612878058802277	9	0.0005632888556908653	340	0.0004946536510769088	37	0.000730034045215667	81	0.0005842502619039543	9	0.000586561987891122	6	0.0006291892075581247	9	0.000952165248754251	340	0.000685290207535351	37
1760	0.0007769164257938846	80	0.0010646259878655307	9	0.0008357462255406127	6	0.0009938053498083485	9	0.0008064705778090276	339	0.0008606995408086956	39	0.0006076520497687546	80	0.0017083267173106825	9	0.0011863711106281413	6	0.0008691100836448317	9	0.0006280417004244193	339	0.0005678843037775666	39	0.0005741631472649472	80	0.0005176767449754848	9	0.0005694935024710463	6	0.0005592115194515584	9	0.0004976640998991067	339	0.0005858498585942925	39	0.0012850857217687984	80	0.0007008071184188357	9	0.0010160283146578742	6	0.0008205286764019905	9	0.001259246411672104	339	0.0015818830543557945	39
1770	0.0008913734409572128	81	0.001047675222743314	9	0.001155511039646371	6	0.001015169116190771	9	0.0009527696197818424	335	0.0009457129983971703	42	0.0008584882368504264	81	0.00112224453506983	9	0.00118899386798157	6	0.00112158339849796	9	0.0007964206129227093	335	0.0007828277608289625	42	0.0007639201623324088	81	0.000603062299980112	9	0.0005931931349477267	6	0.00037273981924977373	9	0.0005131387568381165	335	0.0004806369078022348	42	0.001093515756842235	81	0.00022969785726465285	9	0.00042944059755131264	6	0.0007920424112392254	9	0.0012807581507047745	335	0.0025880970291969362	42
1780	0.0010389756376113473	81	0.0010612856132288595	9	0.0014385789768256863	6	0.000853837458968583	9	0.0008406720315031027	338	0.0008330377005286552	39	0.0009008920537140946	81	0.0011816425882129672	9	0.0016997667897346227	6	0.0011434245543694378	9	0.0007839989280887949	338	0.0008334873228658343	39	0.0006628159737869815	81	0.0004575900380909784	9	0.00042088606759229464	6	0.000583474955297874	9	0.0004811661624399067	338	0.00043098532869499423	39	0.001182400683606218	81	0.0011920128324387584	9	0.0004633176731291826	6	0.0020343251920233226	9	0.0016758736969577617	338	0.0011520641717221336	39
1790	0.0007643291346860388	81	0.0008433579991705233	9	0.0015669317585720963	6	0.0011137456070482226	9	0.0006879624990057908	344	0.0009498425087536333	33	0.000943071814264714	81	0.0012808365690762725	9	0.0012223190371580073	6	0.0009368771135107719	9	0.0007352098921204812	344	0.0007635863963731545	33	0.0005620527792150199	81	0.0009069447113163066	9	0.0006379002299046189	6	0.000727542408898535	9	0.0004373689356710071	344	0.00046760586661427563	33	0.001030957158133638	81	0.0003682848385428045	9	0.0020435732379459827	6	0.0007126987296535379	9	0.0009271000300370878	344	0.0009804971755215126	33
1800	0.0008333793221645279	81	0.0016073284989026433	9	0.0007726142760112474	6	0.0016129683731496973	9	0.0007855704743114958	344	0.000902255528178163	33	0.0008496631942407634	81	0.0010918545640030385	9	0.0015813853326513722	6	0.001027460485821034	9	0.0007589502673323718	344	0.00066698022136774	33	0.0005869221852794768	81	0.0003839950867380529	9	0.0006545341353353841	6	0.0006837823935584161	9	0.000499105186697373	344	0.00044306008514541996	33	0.0006122382871692635	81	0.0006425864151958008	9	0.0008612609274026081	6	0.0011387797899807468	9	0.0006685181470172098	344	0.0006872912488892147	33
1810	0.000764442789300532	81	0.0010168245428802966	9	0.0012614310237767515	6	0.0013627925681419218	9	0.0009601852469319639	343	0.0012990588568107442	34	0.0008188122497440919	81	0.0012246214615779542	9	0.0011095876322580246	6	0.0011985099439161832	9	0.0008047067030217929	343	0.0007773662198549189	34	0.0006335926507481702	81	0.0004245535698535941	9	0.0006966210419265482	6	0.000829268420768478	9	0.00048551827039659465	343	0.0005175091029329575	34	0.000768402001232759	81	0.0007213328418319521	9	0.00045053675120148147	6	0.001278696340042372	9	0.00083531923812343	343	0.000872789237725922	34
1820	0.0007570951522536451	81	0.000859997913933482	9	0.0008537341166038739	6	0.001108837916815767	9	0.0006511514225475284	342	0.0007184412672086303	35	0.0007936635589255478	81	0.0009679467143994794	9	0.0008971349279546223	6	0.0010006374204934315	9	0.0006425327509803317	342	0.0006849565873910692	35	0.0005594634384546545	81	0.000509084984319343	9	0.0006293609083581982	6	0.0005689368452406805	9	0.0005023261753683469	342	0.00046360848050579375	35	0.0005510674541099323	81	0.0006555778743632475	9	0.0008624823414356313	6	0.0009526971031037048	9	0.0007373328524174818	342	0.0007781965230877168	35
1830	0.0008007284300181272	81	0.0009862969938142317	9	0.001004603538739762	6	0.0012503212565045812	9	0.0008685246064861656	338	0.0009127272145978905	39	0.0007222204270274928	81	0.001225501359608209	9	0.00109623912950548	6	0.0012584667074134164	9	0.0007229549813381574	338	0.0006752151747556392	39	0.000450723591457979	81	0.0006266114357435573	9	0.0004184656931388284	6	0.0004244684985747	9	0.00037663916477592837	338	0.00038354221327935355	39	0.0014506218134617427	81	0.001847871560589938	9	0.0013020954043798869	6	0.0015839219602690037	9	0.0014740312173519136	338	0.0014313463720206717	39
1840	0.0010373079975800777	81	0.0009983099336462126	9	0.0006614368043278188	6	0.0009864733927080717	9	0.0007979658064741532	340	0.0007048101037418289	37	0.0007714821962119222	81	0.0012308188501786626	9	0.0017877224682817322	6	0.0011051029251614175	9	0.0006439081967121189	340	0.000592002025754269	37	0.00047933311201260283	81	0.0003727284906747672	9	0.0005485002943666774	6	0.0005819764813208643	9	0.0004079734557728487	340	0.00041602868051932024	37	0.000939060556213924	81	0.0004250983355135669	9	0.0006925837091158131	6	0.0012367715450329545	9	0.0008373487036580331	340	0.000837283544223378	37
1850	0.0010123306243574489	81	0.0011573647364785825	9	0.0016099254214524481	6	0.002217523553202824	9	0.001201886548788141	342	0.0013460457176809621	35	0.0009053778230860625	81	0.0008972577966605283	9	0.0016071949856400001	6	0.0015087451852290978	9	0.0007356305184187265	342	0.0009145034384184418	35	0.0006415053402774723	81	0.0006163490153069768	9	0.0006229565046468507	6	0.0006099069237343288	9	0.0004593781221660916	342	0.0005001266633613576	35	0.0005931727913472485	81	0.000668295545312876	9	0.0009688833906634012	6	0.000858537952282511	9	0.0009119335606764076	342	0.0006688746066214769	35
1860	0.000953671855425778	81	0.0011462424318206066	9	0.0011613039190989528	6	0.0013736040942847413	9	0.0008755957261604347	340	0.001013915786776247	37	0.0008488775345890636	81	0.001057455464653379	9	0.001210896027665861	6	0.0010953191597601942	9	0.0007448186715054967	340	0.0006686681877770366	37	0.0005479517017745391	81	0.00043472340838938864	9	0.000671865848606551	6	0.0007972202144533578	9	0.0005043778260041861	340	0.00047034055543206506	37	0.0008823235633653993	81	0.0005720452462766152	9	0.0009814057931998943	6	0.0006486390055649621	9	0.0008131366311018544	340	0.0010200562982660278	37
1870	0.0009022620059509702	81	0.0010421848391835417	9	0.000947362026510655	6	0.0007532296498319242	9	0.0008388080894200755	344	0.0006764769836572472	33	0.0006225754358169325	81	0.0009607807103542993	9	0.0012637653784091502	6	0.0009358461585507108	9	0.0006854180985030894	344	0.0005714184175914098	33	0.0006222336334126765	81	0.0003137975290157424	9	0.000577733384103633	6	0.00046115241449657844	9	0.0003805766967687803	344	0.0004673182704842333	33	0.000715451091297177	81	0.0006386983866554644	9	0.0008329498396376159	6	0.0007540366520236844	9	0.0006761972808214491	344	0.0010463791515199898	33
1880	0.0008438490139749184	81	0.0013009998571143254	9	0.0015459821706897733	6	0.000681478593871031	9	0.0008844743236303034	342	0.000981361328463114	35	0.000769023179419972	81	0.0011104585287841392	9	0.0009587709959198316	6	0.0011747200811891667	9	0.0006191804539778564	342	0.0006161844689152454	35	0.0005909626412925095	81	0.0003329385844884645	9	0.0006123887932930773	6	0.0005346305858016678	9	0.00044664163195373127	342	0.0005177780602826051	35	0.0013064280304572137	81	0.0008025969624875483	9	0.0014332405016398231	6	0.0008070628841237086	9	0.0010624970255455378	342	0.0012781550728737255	35
1890	0.0005750561897321447	81	0.000638033995846457	9	0.0007895427668289335	6	0.0008862813563497294	9	0.0006099660473297626	342	0.0006414877134262162	35	0.0008886965357258213	81	0.0010785288898960453	9	0.0013984031689755526	6	0.0010370360941565385	9	0.0007248485758146308	342	0.0007401534817250963	35	0.0007854288031402475	81	0.0005036999309688014	9	0.0006948838263675154	6	0.0006825567494451346	9	0.0005337180134272078	342	0.0005134058467124994	35	0.0007180660642386113	81	0.0007576483302430786	9	0.00074031900745738	6	0.0011575334558356393	9	0.0007101232226370544	342	0.0008009049584559066	35
1900	0.0009717573421853154	81	0.0009771912273810355	9	0.0009075568126000731	6	0.0010334797985856667	9	0.000970778712098678	342	0.0009516858161098356	35	0.0009132058950237149	81	0.0014126035000515862	9	0.001357065214420015	6	0.0008053837489436292	9	0.0006675455722024313	342	0.0008885392740591402	35	0.0005813494061477131	81	0.0005024520333232667	9	0.0007978431696321074	6	0.0010776541628321956	9	0.0004694887547738205	342	0.000405423799513729	35	0.0007993206329177445	81	0.0009639897700637716	9	0.0011483105556472485	6	0.0007244610128786683	9	0.0008711720341341835	342	0.0012684963921901263	35
1910	0.000900335031168752	81	0.000982311637193799	9	0.00091067474150109	6	0.0008456853423401878	9	0.0008918985277925095	337	0.0008950162765256495	40	0.0008477886047112617	81	0.0010529460643310493	9	0.0013669071662113623	6	0.001120755068909334	9	0.0006672677312728235	337	0.0006237501912321397	40	0.0006118681282302424	81	0.00045772746692490104	9	0.001069876309051171	6	0.0005300005500522896	9	0.0004758283135957088	337	0.0004453807093588353	40	0.0008900695457141471	81	0.00048191203485803164	9	0.0009124848741596248	6	0.0009766312712768445	9	0.0009959158757942995	337	0.0007507253315366706	40
1920	0.0007619523033239751	81	0.0009508687418810621	9	0.0009793443141596291	6	0.0009618065802506304	9	0.0008126515248831268	344	0.0008109422472101712	33	0.0008470499281422783	81	0.0008940030368926528	9	0.0016373674386370737	6	0.0013868355293819388	9	0.0006939190148330484	344	0.0006657257905331853	33	0.00047943125904094635	81	0.00048414347290586885	9	0.0006387008580089551	6	0.000577284624448553	9	0.0004653452201385024	344	0.0005130306557540922	33	0.00045650984958109245	81	0.0009286264036546191	9	0.0008462215745875753	6	0.0027121712016007975	9	0.0015039549799496508	344	0.001011531400968676	33
1930	0.0007272298721219847	81	0.0007871434196748812	9	0.00069250447095717	6	0.0007602516397279314	9	0.0007191105522380451	347	0.0007103002300148496	30	0.0007393276647733866	81	0.0011395216631473154	9	0.0015990543575671128	6	0.001219331504832236	9	0.0005770904125260277	347	0.0005488382654262213	30	0.00046748960991030626	81	0.0007137243197348156	9	0.00045221614795327053	6	0.0006530352004669146	9	0.0003773691590939877	347	0.0004539645524331992	30	0.0008323169876253768	81	0.0007097370902726209	9	0.0013005108420790937	6	0.0010187671804735726	9	0.0010201706354918275	347	0.0009176419783699823	30
1940	0.000724012425776723	80	0.0008932611633210403	9	0.0012071101893584952	6	0.0011032983655001967	9	0.0008133772201783304	339	0.0008433977085667388	39	0.0007017491401994181	80	0.001036213186452721	9	0.0010793862837906293	6	0.0009638402345691551	9	0.0005516159328629987	339	0.0005103538977707832	39	0.0003763147694204514	80	0.00044476683580813606	9	0.0003912473604751132	6	0.0005815974187872766	9	0.00036809224917612986	339	0.0005505904198407956	39	0.000741900092400636	80	0.0008044497459743656	9	0.0010410919181270955	6	0.0006518409030566573	9	0.0008355599824683399	339	0.0006012000760852502	39
1950	0.0007796525392386152	81	0.000809945346343072	9	0.0011026980479991997	6	0.0010749461690167635	9	0.0006981524798193547	344	0.0007943948568095579	33	0.000742101706002111	81	0.0010604794253129646	9	0.0012853510492556025	6	0.0010160434428843836	9	0.0006353471083348345	344	0.000689331402322608	33	0.000540494702033946	81	0.00028301227623833084	9	0.0008050822352459606	6	0.0006215300312757293	9	0.0003492927694766264	344	0.00033683463448453527	33	0.0007313769017060474	81	0.0005513776774203143	9	0.001695484906660804	6	0.0007785561458619391	9	0.0008246118505114631	344	0.0006759067663103013	33
1960	0.0007320926970374654	81	0.0011586562660790584	9	0.001160730906621238	6	0.0006224049207866635	9	0.0007109762473082731	344	0.0006448841811719886	33	0.0006506396757980326	81	0.0010044603385314873	9	0.001196016060908285	6	0.0009690155992398682	9	0.0006615150021411274	344	0.0006238037354676327	33	0.0006486722483934873	81	0.000502304182975137	9	0.0007630402967227322	6	0.00046347531730131833	9	0.0004464139096447308	344	0.00048783938271883064	33	0.0007844256426437266	81	0.00045083009956797717	9	0.0014870417666596745	6	0.0011987532498336734	9	0.0008066724790403792	344	0.0006521631774384901	33
1970	0.0007168818283926122	81	0.0007675825737365853	9	0.0012434647471747657	6	0.0009743742950984897	9	0.0007256762600397592	345	0.0007624387286594308	32	0.0007221137675174821	81	0.0010879542053714403	9	0.001335992924918209	6	0.0008971574957743411	9	0.0006218458697705724	345	0.0005999628301997745	32	0.0005656810435954136	81	0.00037521489637960245	9	0.0004789133088128799	6	0.0005047406666196151	9	0.0004965161434356903	345	0.0005265798164353185	32	0.001600407566709596	81	0.0013383947490022833	9	0.0013566734093356664	6	0.0008070926006658429	9	0.0011214798507208038	345	0.0012638820488184875	32
1980	0.000900195916275491	81	0.0016438379961608253	9	0.0008680275277015795	6	0.001201995754280925	9	0.0007173844808243359	345	0.0010928050946457449	32	0.0008168984315726186	81	0.0014181500231378642	9	0.0014347201809222542	6	0.0014114465064607098	9	0.0007335034131063266	345	0.0008199224115823775	32	0.000601318669831749	81	0.00048800742400945005	9	0.0005593861510472523	6	0.0004530806700210023	9	0.0004536759053365393	345	0.0004317975666455483	32	0.0007202313193912477	81	0.0004667448653452861	9	0.0018187036943273715	6	0.0007038041171725994	9	0.0008332900915562607	345	0.0010494950556170937	32
1990	0.0009029460274258824	81	0.0015131486071252645	9	0.0009705105840505029	6	0.0010626703844384352	9	0.000835648299936568	346	0.0008078402772983354	31	0.000918940989148097	81	0.0012641472115980125	9	0.0012765426443102376	6	0.0010640615345805327	9	0.0008158677064412178	346	0.0009364049397641256	31	0.0006610475896274	81	0.0006544622429709499	9	0.0005039321724533006	6	0.0004909442726642631	9	0.00046498802671841687	346	0.0003882666892698177	31	0.0007237646187993519	81	0.0008037997207563721	9	0.0012675690930067129	6	0.00045920780990537746	9	0.0011589497265002437	346	0.0017632666778770367	31
2000	0.0008459433906727058	81	0.0007106831565960357	9	0.0012859267076224421	6	0.0009344455801929932	9	0.0007189957793647452	346	0.0007562329815824753	31	0.0008632475244688374	81	0.0011956921069464427	9	0.0011407588605571624	6	0.001032089013613209	9	0.0006584046197742175	346	0.0007125119774971342	31	0.0006359771430672155	81	0.0005023591051633187	9	0.0007322291492044966	6	0.0006227017493513183	9	0.000499612939144482	346	0.0004983519317970397	31	0.0007781723337193306	81	0.000513352442619551	9	0.0008978894504503409	6	0.001220723568758482	9	0.000808109121391026	346	0.001013348390176676	31
2010	0.0008267969918417495	81	0.0011828577063235815	9	0.0010539016545247771	6	0.001087151332867972	9	0.0007249061836501835	344	0.0008265987455164902	33	0.0008950853980938253	81	0.001092472172201275	9	0.001223622997143435	6	0.0009934650820621887	9	0.0007121094555590341	344	0.0006984735745629748	33	0.00041414899062733904	81	0.00044276452136374407	9	0.0004457896483441935	6	0.0004372879963509868	9	0.00041026412497983993	344	0.000443369035494061	33	0.0010840193448701328	81	0.0009568925175609005	9	0.0012090842115078046	6	0.0009124693011275595	9	0.0011146843092439398	344	0.0012767029112488346	33
2020	0.0007641872909261771	81	0.0009924658496017838	9	0.0010621456420429715	6	0.0009720592395677796	9	0.0007824013783429621	341	0.0008630360996032345	36	0.0008578244605510529	81	0.0011369662415145658	9	0.0019599207146958025	6	0.0009672898874634623	9	0.0007352951855207168	341	0.0007118783340030558	36	0.0006151993632445352	81	0.0007583593890519223	9	0.0008578260317171599	6	0.0006543418642863228	9	0.0004777704479229763	341	0.0005032353150750385	36	0.000717137786532727	81	0.0006928785832708485	9	0.0017014172904490914	6	0.0008908644756506515	9	0.0008170045096521704	341	0.0009500313347601789	36
2030	0.0007577016026605577	81	0.0009659279063574905	9	0.000610557236207928	6	0.001026214804161791	9	0.0007145519117194626	346	0.0007539744351721592	31	0.0008995206055291124	81	0.0013481232101663584	9	0.0016949240069422538	6	0.0012547286239543221	9	0.0006426521216285418	346	0.0005781930859790668	31	0.0004904843883195635	81	0.0006284364983454101	9	0.00048461518796157586	6	0.0005006138183610248	9	0.00041994344641618406	346	0.0004883027437447297	31	0.0009921398121995196	81	0.0003386794443451403	9	0.0005245171511706155	6	0.0004882119397993329	9	0.0009891850911777041	346	0.0007664200201376962	31
2040	0.0009160063071928837	81	0.0011534729225527887	9	0.0014453316484018756	6	0.0014989335736836319	9	0.0009194810677870923	343	0.0010347205500800879	34	0.0008956097262079657	81	0.001020921922881922	9	0.0013700919706457306	6	0.0010104891908059958	9	0.0006891220189557058	343	0.0007128515828592852	34	0.0006058354996846878	81	0.000840036175895172	9	0.0005533183933354681	6	0.000561048158652636	9	0.000395789740947174	343	0.0003105535983069114	34	0.0005802206097137251	81	0.00021986799856137638	9	0.0008435070745658918	6	0.0017348057939219636	9	0.0009321123333559806	343	0.001193360713492924	34
2050	0.0007832969752043459	81	0.0009051182306496099	9	0.0007373979873756994	6	0.0011120702260910892	9	0.0007129406892836356	339	0.0008100125200203694	38	0.0009410267245881972	81	0.0011191751799266248	9	0.001169640072964494	6	0.0008668428965139403	9	0.0006288049816223478	339	0.0007342333043478206	38	0.0005539706374209759	81	0.0006552566174204797	9	0.0004562414801065008	6	0.00047790692755478813	9	0.0004023158363161072	339	0.00040480179121300244	38	0.0007035193393281084	81	0.0003870003892992542	9	0.001312731807976731	6	0.0009693398375739431	9	0.0007024984963835652	339	0.0007579593297094095	38
2060	0.0007609617416021483	81	0.001463312085015336	9	0.0012971675717456841	6	0.0011336076688567033	9	0.0007374389973165722	336	0.0008559693021392435	41	0.0009253039564311218	81	0.0011814354716217345	9	0.001312276614392714	6	0.0013953104336133855	9	0.0007447059418908194	336	0.0007323343925548262	41	0.0005599953449564247	81	0.00044142317509867127	9	0.0006391929663232017	6	0.0006116512811493077	9	0.0004116415983855699	336	0.00031738889496612355	41	0.0008459979830293251	81	0.0006171275914261492	9	0.0005438583933798876	6	0.0006797329257992313	9	0.0007595145884960526	336	0.000751148411545258	41
2070	0.0009038722856965383	81	0.001317526077677168	9	0.0009885173214043664	6	0.0008670241535262597	9	0.0008710263168421285	339	0.0010576784710049545	38	0.0008351830990761946	81	0.0011503756654454077	9	0.001232750679481267	6	0.0009917377919188767	9	0.0006258711425711146	339	0.0007290736307949665	38	0.0005127138613133573	81	0.0004523507732489689	9	0.0005232136832245754	6	0.0005663468088169468	9	0.0004909218736941649	339	0.0004686361393601798	38	0.0007301401877526991	81	0.000869116681338438	9	0.0009687868165351348	6	0.00027660523041380986	9	0.0006612964151726888	339	0.0010522363475584785	38
2080	0.0009780364100893469	81	0.0007637427259693046	9	0.001157530889398554	6	0.0009809595834642608	9	0.0006553834025913488	347	0.0007799939440713918	30	0.0007007373824833666	81	0.0012580096934042095	9	0.0012665615445369113	6	0.0009056072377159662	9	0.0006162026323252324	347	0.0005600635245881154	30	0.0006707757999319824	81	0.0006516030124286101	9	0.0006221532644556878	6	0.0005287827171633693	9	0.0005022310577112159	347	0.0004854151099566993	30	0.0008592544562878557	81	0.001613209863665521	9	0.0007280071551262881	6	0.000770435654821148	9	0.0006621637680584025	347	0.0009864701133289284	30
2090	0.0005670926631098592	81	0.0005604548534197534	9	0.0011728019964480985	6	0.0008649282955640834	9	0.0006346584976480886	343	0.0005393190533002547	34	0.0008594764988636589	81	0.0015069325846328312	9	0.0017853502037172252	6	0.0013013337083134038	9	0.0006755605199922723	343	0.00059396703497162	34	0.0006294330462141374	81	0.0005569571838718908	9	0.0006009216282654763	6	0.0005216716350849087	9	0.00046494837120878763	343	0.0003970555157622156	34	0.0010880894936321128	81	0.0004903631714377251	9	0.00085147766390777	6	0.001130350381866725	9	0.0008518306551690976	343	0.0011024221499802095	34
2100	0.0008145756596865581	81	0.0011278915984475506	9	0.0005006882552718267	6	0.0013024012879124245	9	0.0009326965411058956	342	0.0007773521108154878	35	0.0008716049886804413	81	0.0008961805871445053	9	0.0011431104948211998	6	0.0008790805633147161	9	0.000783666320177742	342	0.0008408814139750309	35	0.000530798180199805	81	0.0004953753890498533	9	0.0006480785981345327	6	0.000717241586393432	9	0.00046635013866527255	342	0.0004984401616358379	35	0.0006810513613767571	81	0.0007722685111677909	9	0.0012122971191827743	6	0.0010429874214671869	9	0.0008249567747633655	342	0.001025709168439558	35
2110	0.0009382179234469795	81	0.0014743180410940126	9	0.0007667190484512565	6	0.0010220997199860292	9	0.0009081968053840055	346	0.0008979354531421311	31	0.0007616210346053373	81	0.0009613625361976407	9	0.0019279784280969387	6	0.0015716145261356002	9	0.0006135082101996365	346	0.00040076706320060773	31	0.0006168123475614362	81	0.000395450582718309	9	0.0008388817649812951	6	0.0006408240993657963	9	0.0004825632932794063	346	0.00041834528287670164	31	0.0008997310748516141	81	0.000684381399662985	9	0.0010040635063805448	6	0.0004972066921049383	9	0.0008745181685537077	346	0.000910642779385975	31
2120	0.0010700913098729448	81	0.0012905003541464895	9	0.0010712187091737502	6	0.0010622422929901152	9	0.0009660380348254568	342	0.0008658794489907064	35	0.00079202436528317	81	0.0009871324294112387	9	0.0017597306384632128	6	0.0009673097505502715	9	0.0006111794310044356	342	0.0006417182625187636	35	0.0005233323615296141	81	0.00044686309958479574	9	0.0008943681531396191	6	0.0005695988005401714	9	0.00047592705474255783	342	0.0004784207755610994	35	0.0006185080741109029	81	0.0005596424891065917	9	0.0013763884431284388	6	0.0011597712950523417	9	0.0008322418863964247	342	0.0010745310748035868	35
2130	0.0006866770773199703	81	0.0008087688951332769	9	0.0009338346680352968	6	0.0011608144251330074	9	0.0007780133779327704	343	0.000825300993940636	34	0.0006409389805473172	81	0.0011180254523889346	9	0.0012552376624274679	6	0.0011400220014249178	9	0.0006514903128392887	343	0.0006872306433906876	34	0.0005880636080313073	81	0.0005181682139245125	9	0.0005793222128360923	6	0.000804421782131477	9	0.00043112370561457897	343	0.0005181758646267025	34	0.0006191835607685102	81	0.00045459891016416725	9	0.0005809522865044416	6	0.0005322825584029228	9	0.0007734708115261779	343	0.0010816325402999785	34
2140	0.0009251389919536402	81	0.0011350261878236602	9	0.0009241219598933436	6	0.0009254280261338695	9	0.0008619505045307899	338	0.0007841068864705571	39	0.0007647831221053715	81	0.0009617643138785344	9	0.000732952904177723	6	0.0006822408291938566	9	0.0004783498845955053	338	0.0005560949947149505	39	0.00045822632758977963	81	0.0007233709732424337	9	0.0006612102032062967	6	0.0004421818377039239	9	0.000373884027646477	338	0.0003945132982814063	39	0.0009319165257737845	81	0.0006732577934104851	9	0.0008772497356192502	6	0.0006775242676914628	9	0.0009584054586747673	338	0.0008624745846698951	39
2150	0.0007962997913752319	81	0.0011826906906849605	9	0.0009591555865971859	6	0.0009313457596477825	9	0.000683959070577648	336	0.0008262533578388465	41	0.0008257901086212305	81	0.0009528019980437341	9	0.001226152161415304	6	0.0012080614340808258	9	0.0006326579901590736	336	0.000711990782601674	41	0.0005172066819749616	81	0.0003932313703874751	9	0.000851116626462178	6	0.0005270864363623443	9	0.00039867247558369827	336	0.00045639235220216307	41	0.0006496355450505378	81	0.0009030760910922009	9	0.00047243301520465017	6	0.0011141709090302146	9	0.0006103637977071917	336	0.0007271491611039931	41
2160	0.0009480143382883066	81	0.0010441278810871465	9	0.0009542996881322916	6	0.0008569060268466909	9	0.0008635819858540162	345	0.0007559563432401193	32	0.0007139613911796776	81	0.0010510834800948937	9	0.0014974494628310546	6	0.0009493576190062866	9	0.0005807876305936972	345	0.000602875726178328	32	0.00041930458471425256	81	0.00032404269298138953	9	0.0007487114244750416	6	0.0004040772871374261	9	0.00029874845679488305	345	0.0002516866562377779	32	0.0009970166089467722	81	0.0009599660130707526	9	0.000793973515874943	6	0.000880877919090084	9	0.0008150612737594102	345	0.0011382965938638685	32
2170	0.0007730305594131378	81	0.0009616827786707647	9	0.0010116972741613505	6	0.001035571559527115	9	0.0007495337776026627	341	0.0006243151962718968	36	0.0006994578107627532	81	0.001275295538970338	9	0.0019121645363877067	6	0.0008297521184895284	9	0.0006508262360177009	341	0.0009272630183252915	36	0.0005227294696098406	81	0.000440787984623125	9	0.0008197431198108657	6	0.0004407015662973714	9	0.00045260669341831705	341	0.0005744947781160559	36	0.0008264891671383856	81	0.000623803012417855	9	0.0009877508661060306	6	0.0004950016227703081	9	0.0007497223285003515	341	0.0009695775749930997	36
2180	0.0008865419986391567	81	0.0007924777632496938	9	0.0008776087974714835	6	0.0008380941127272636	9	0.0008732773890901569	345	0.0007993987610611212	32	0.0008069066055448569	81	0.0010063252432296894	9	0.0012178460756880048	6	0.0011409339046584849	9	0.0005861088319920138	345	0.0005319057432817817	32	0.0005045348030550716	81	0.00029691849978435915	9	0.0005840128123414196	6	0.0004720034356642405	9	0.000363220130010033	345	0.0004744423169740935	32	0.0008574092472978204	81	0.0005406372440449128	9	0.001347690527921482	6	0.0011560334207767298	9	0.0008825684674195646	345	0.0008927908510219741	32
2190	0.000832836301508227	81	0.0008403271956582979	9	0.0013203322261669253	6	0.0012169331558711755	9	0.0007674323843337524	344	0.0006810935817916633	33	0.0007255615751969868	81	0.001121004589044397	9	0.0010086423413812	6	0.001031231116012255	9	0.0006180304243454998	344	0.0006796128072282593	33	0.0004985767076693454	81	0.00035429766146208676	9	0.0005463664611017709	6	0.0005240766593092389	9	0.0004283729567626833	344	0.00053890998120807	33	0.0006490531916796735	81	0.00027778680998523706	9	0.00127105083480727	6	0.0007915036475724994	9	0.0011660036719633522	344	0.0006519271233415652	33
2200	0.0010262443759196404	81	0.001372519105795823	9	0.0016262673219115083	6	0.0009365929054341046	9	0.0009983542714810893	347	0.0009177483854600196	30	0.000864885993314518	81	0.0009368384814569552	9	0.0015238126513865205	6	0.0009552094102318513	9	0.0006789001304946448	347	0.0008502780363779468	30	0.000629929642914367	81	0.0005051783606179728	9	0.0007613364518245194	6	0.0005259679347700681	9	0.0005462305422337231	347	0.00043186487381906594	30	0.0008301432078915563	81	0.0009044489190939285	9	0.0015433263055093438	6	0.0005532977818063061	9	0.000959493110662515	347	0.0009502816557542337	30
2210	0.0009007502603480851	81	0.000940225427957462	9	0.0005910242866789599	6	0.0014133286319113788	9	0.0007104989784075906	344	0.0006362521643404759	33	0.0008495816596551174	81	0.0009580031394777036	9	0.0013768637371609556	6	0.001259775761093407	9	0.000662252695873496	344	0.0005562376365981012	33	0.0005212217401770058	81	0.0003479041641327094	9	0.0007352889889448074	6	0.0007413633312228194	9	0.00038792783054928976	344	0.0004873464382858034	33	0.0013333297920542437	81	0.0013362901641100014	9	0.0025703865849755203	6	0.001793301730463984	9	0.0011833454384668658	344	0.0011070617297197982	33
2220	0.001040584436589324	81	0.0009638676739724009	9	0.0008731747584206236	6	0.0009439527739939774	9	0.0009645532708604458	336	0.0009947611938093475	41	0.0008791587546912651	81	0.0010748279444718182	9	0.0013030201830342746	6	0.001042883539123529	9	0.0007888800397459913	336	0.0007403887423901381	41	0.000468369414475845	81	0.0005873074661113327	9	0.0008904114715808344	6	0.000679921014633376	9	0.00039456198827026774	336	0.0004124083165526811	41	0.0008346873272250293	81	0.0005960430854997267	9	0.0008053489338435759	6	0.0011147229198036478	9	0.000803304658865169	336	0.0007308874075689646	41
2230	0.0008139339049862855	81	0.0017525770588841408	9	0.0009268747155647584	6	0.0010704991231970796	9	0.0009191915694095114	338	0.000773708483834262	39	0.0007233554580965506	81	0.0009674179606101278	9	0.0012273855547389387	6	0.0010508226407184543	9	0.0006496057845952142	338	0.0008346381721289769	39	0.0006868409782554537	81	0.0005247128036171343	9	0.0008166457828561683	6	0.000569450876639233	9	0.0005169172645398356	338	0.00046848379215749716	39	0.0007003338588682371	81	0.0005006244865450662	9	0.0010395277784501153	6	0.0007234567223826504	9	0.0008632301558869454	338	0.0009456338381042381	39
2240	0.0010531074776048927	81	0.0018315474457263673	9	0.001181087804465232	6	0.00100292373884302	9	0.0008220998154133036	340	0.0009191685539600076	37	0.0008996707211291643	81	0.001323198943388633	9	0.0018104338286269223	6	0.0013181486266852134	9	0.0007058323076967723	340	0.0006755658423242761	37	0.0006998025798201107	81	0.0002951567616345895	9	0.0008351460844592927	6	0.0005512062698518388	9	0.0004361720031248463	340	0.0005342568382573099	37	0.0007711291640204081	81	0.0004302480951733304	9	0.0014566757288956176	6	0.0015203933007644137	9	0.0011568156378879172	340	0.0007864012693602923	37
2250	0.001015055275788115	81	0.000809647504744052	9	0.0010248341141740982	6	0.0009925929900194068	9	0.0008378524310455515	330	0.0009102460393482812	47	0.0008004119640894691	81	0.0008947709573619453	9	0.0013082366149212439	6	0.0009126335780806937	9	0.0006892491467958924	330	0.0005981903018277108	47	0.0005751788805668241	81	0.0006902493256842749	9	0.0005536761296726546	6	0.0005673238499722847	9	0.00032458991907758565	330	0.00026245319909659886	47	0.0010159491362200755	81	0.0006376031474949514	9	0.0010658680690105646	6	0.0011373322268790561	9	0.0017283970919095787	330	0.000703018090572119	47
2260	0.000855569997063606	81	0.0009574080192277998	9	0.0009763967064138532	6	0.0012752409900262931	9	0.0008367542768056008	338	0.0008409163034255975	39	0.0007964916918723598	81	0.0013547125300464177	9	0.0014901318675011063	6	0.0009565948089505632	9	0.0006885215752427663	338	0.00069545288482077	39	0.0006176148681885535	81	0.0006340905072970499	9	0.0005095206077494534	6	0.000386071320317439	9	0.0004612173464193915	338	0.0004245183031857641	39	0.0006731871570177982	81	0.0004936348805647429	9	0.0006398405047431837	6	0.0009086848657790292	9	0.0007059082624315993	338	0.0008277376644766368	39
2270	0.0006217357615842253	81	0.0014938850127100226	9	0.0009236555963439461	6	0.000920341941873271	9	0.0007747632061344957	342	0.0008355438451632709	35	0.0006941166085644115	81	0.0011636010085510102	9	0.0012182941770094474	6	0.001090374900548488	9	0.0005954142477300289	342	0.0004992159861713157	35	0.00040894604552665497	81	0.0004956563699187856	9	0.0004937007805347018	6	0.0005625214840143176	9	0.00044162707033053766	342	0.0005393281050038667	35	0.00048234808006628613	81	0.0004758055108356563	9	0.001242892953619571	6	0.0004411820947726041	9	0.0005042366366342458	342	0.00034078571712953617	35
2280	0.0010128063138353594	81	0.000726884078752407	9	0.0008627157848072796	6	0.001422290689527321	9	0.0007808491035783136	338	0.001041953927667682	39	0.0006466300277383504	81	0.0010870969248797408	9	0.00174161286841236	6	0.0010327996280298864	9	0.0006068617101113329	338	0.000670704439510226	39	0.000690041850523765	81	0.0004270497507798726	9	0.00041011408774127914	6	0.0005024567095502965	9	0.00041013944232648383	338	0.00040232985357752603	39	0.0008979136953591207	81	0.00025528503855633706	9	0.0010858132699811788	6	0.0005456583637390754	9	0.0007013942819435475	338	0.0011225069966300629	39
2290	0.0008411088724727566	81	0.0005668657737516236	9	0.0005337985370387342	6	0.0014518656583495783	9	0.0006551629323042098	342	0.0006421927175202909	35	0.0008304934603947204	81	0.0011734123959300084	9	0.0017801114268262029	6	0.0010524449391660687	9	0.0006736470532038615	342	0.0006975936082091142	35	0.0006516951372500567	81	0.0006319800020730885	9	0.0007016789640625305	6	0.0008772250050722135	9	0.00048143573946748676	342	0.0003874640252262402	35	0.0010475464586404881	81	0.001613093654905636	9	0.0010395118873631629	6	0.0008926600744467077	9	0.0012341328297950994	342	0.0008989949468591579	35
2300	0.0008100939489438735	81	0.0010869660005204107	9	0.0008593375827130593	6	0.0007076531414088933	9	0.0006252218811808128	339	0.0006567283497033178	38	0.0008884075306984575	81	0.001126183722770733	9	0.0016457355401812129	6	0.0010597666033382246	9	0.0007191030117865271	339	0.0006526503084109415	38	0.000670720507261919	81	0.0008533071866030343	9	0.0009007796919601516	6	0.000696182290233518	9	0.00047954264359325124	339	0.0004779643286612029	38	0.0007934836756941704	81	0.0007855872920377178	9	0.0007253309665651119	6	0.001176255838750458	9	0.0008734572674139417	339	0.000937358488299723	38
2310	0.0008796614393822638	81	0.0005981002026132167	9	0.0009218494154955418	6	0.0013395191970089824	9	0.0008724385369112604	339	0.0008346695199619468	38	0.0009356171014179305	81	0.0011715432598968306	9	0.0013869917233646984	6	0.0010234197097302171	9	0.0006522525121335985	339	0.0007342041311235263	38	0.0006731153443528902	81	0.000506069736377639	9	0.0005901991944446198	6	0.0005613850650694473	9	0.0003989406048882476	339	0.00028835083988139576	38	0.0009719727115831146	81	0.001243719798027878	9	0.000773650972561105	6	0.0007037597011036022	9	0.0011557413565095437	339	0.0007975578550591837	38
2320	0.0010202032509450155	81	0.0009396936563493309	9	0.000788968592714915	6	0.0006722032011701938	9	0.000904945262029492	336	0.000767213875899483	41	0.0008826156635900331	81	0.0011680470478528384	9	0.0015156891837194164	6	0.0012397850885025473	9	0.0007708884715780127	336	0.0007257419417026192	41	0.0008393244050807056	81	0.00031557104925418336	9	0.0006539374488744473	6	0.0006954257501848369	9	0.0005722671109253213	336	0.0007076493992331864	41	0.0008766893266808584	81	0.0008903298644660179	9	0.0008734820559539671	6	0.0017571969610441183	9	0.0011471259744993646	336	0.0009288053456338584	41
2330	0.0008107890897574299	81	0.0008315903897743418	9	0.0010291893518940872	6	0.0010710899847119737	9	0.0008158817770589577	339	0.0008564235521666915	38	0.0008042703292698551	81	0.0009204251676289019	9	0.001198971422617551	6	0.0009507627448084048	9	0.0006216783594186116	339	0.0006368122623411288	38	0.000520930622222933	81	0.0003754352310120733	9	0.0005560093839914027	6	0.0005821225434931338	9	0.00044764396039625716	339	0.00033472396469805683	38	0.0007884198435706757	81	0.0006217153879501024	9	0.000912675271529898	6	0.0009169608340323565	9	0.0006970972390552086	339	0.0007232228507833026	38
2340	0.0009485167062671969	81	0.0013446891822793653	9	0.000669428135635077	6	0.0009910624109281503	9	0.0008361769257250946	343	0.0009387976447473101	34	0.0009938339765810673	81	0.0009257764971021389	9	0.0016433949781163382	6	0.0011370667502639776	9	0.0006836224646072615	343	0.0006777163500842834	34	0.0005912789654207827	81	0.0005365276679025933	9	0.0010289923642084924	6	0.0010753081388799556	9	0.00046198402679139416	343	0.0006954187604795513	34	0.0007994197661828572	81	0.0007692617995411273	9	0.0007422872326534466	6	0.0011108762357233976	9	0.0008768426157786814	343	0.0010809432758674472	34
2350	0.0007172752084503524	81	0.0009398992144291329	9	0.0007250646581227243	6	0.0008169299157953869	9	0.0008518270602162062	342	0.0009583391395928331	35	0.000794815606175495	81	0.0009969413280942814	9	0.0012464283110289274	6	0.001106238436395371	9	0.0006284832463338628	342	0.0007880779876314931	35	0.0006070894544952699	81	0.0003584877202165344	9	0.0006056970497559903	6	0.000772481883955085	9	0.0005218727750519018	342	0.0006156097838824102	35	0.0008846466479097863	81	0.0006412344205516288	9	0.0008010327208440821	6	0.00046718502819129853	9	0.0009237835607111505	342	0.0008077031663971284	35
2360	0.0008439717388105515	81	0.0009583549045890734	9	0.0010404710208661023	6	0.0009787322145068912	9	0.0008306569179063252	345	0.0007954803188821888	32	0.0007912232397222986	81	0.0007953004284620702	9	0.0014972005885911133	6	0.0011525098136430383	9	0.0006120595163881254	345	0.0005592678159814547	32	0.0005988925638038584	81	0.0003646048987357405	9	0.000736150139627242	6	0.0007519519089177187	9	0.0004849570214176304	345	0.0005001962773858517	32	0.0010874497069880528	81	0.00019820378710991412	9	0.001072013427789659	6	0.0003856355525910474	9	0.0010233367913937918	345	0.0010920352977627783	32
2370	0.0008507845788182535	81	0.0008638676591035462	9	0.0008797303820622526	6	0.001189785174921286	9	0.0007153382022802691	337	0.0008350330976503474	40	0.0008691393831944212	81	0.001406216870713112	9	0.0012759904512223293	6	0.0012101954790549796	9	0.0006710277027322809	337	0.0006173942771926063	40	0.0007060413029724244	81	0.00044413887438960554	9	0.0009426160793836288	6	0.0006001733034265992	9	0.0004275099727370912	337	0.0008639554335583145	40	0.0008783387111900913	81	0.0012851723914086885	9	0.0014967531189555444	6	0.0007825537298145247	9	0.0010015922380423939	337	0.001160626003139235	40
2380	0.0009378001009892942	81	0.0009066461724094774	9	0.0014570403931036448	6	0.0012795392887888298	9	0.0008790734935874283	342	0.0007960204739334586	35	0.0007571638320092596	81	0.0011454335271912234	9	0.0013717536230148546	6	0.0008552786794067802	9	0.0007240197309891117	342	0.0006026508983993425	35	0.0006181475574711433	81	0.0002811132670998131	9	0.0008811936133913557	6	0.0006492728299574725	9	0.00039483655739090966	342	0.00034932645136234866	35	0.0008143472688616892	81	0.0003541690038328662	9	0.0008124363803031875	6	0.0007133888537450211	9	0.0009342476804620804	342	0.0008854422411871892	35
2390	0.0009443433585722747	81	0.001365262643384752	9	0.0014492499966488603	6	0.0011850363272163963	9	0.0007992221974221921	340	0.00116314839782854	37	0.0008909724134294776	81	0.0015289683800490657	9	0.0022382505572099555	6	0.00107232476280551	9	0.0007917983918097883	340	0.0007575457215168161	37	0.0008078264313893461	81	0.0005510069295400263	9	0.0010020316338065136	6	0.0006537126181406512	9	0.0004726962473957923	340	0.00040748373534231996	37	0.0008850083212675378	81	0.0011896966247395056	9	0.0010842132183131203	6	0.0020140820500315366	9	0.0008798673372964514	340	0.0009801558086538732	37
2400	0.000853842065022263	81	0.0008690237599432447	9	0.00104355776825725	6	0.0011642330698866368	9	0.0008369136461187356	340	0.0009112840630454591	37	0.0011220490884594912	81	0.0010328273825625464	9	0.0013109412528279814	6	0.0009797870931331398	9	0.0008709252514256207	340	0.0007762409545228683	37	0.0008963507506698982	81	0.0003788049865371398	9	0.0006204905969381504	6	0.0006585112163471122	9	0.0006367123364557811	340	0.0006935589081607265	37	0.0011357198024386209	81	0.0009216400276525597	9	0.0016152751316633454	6	0.0013732177220108002	9	0.0010699891358016268	340	0.001001225728323572	37
2410	0.0007495376409661593	81	0.0007386235186683496	9	0.0008460958553493679	6	0.0006998343538065892	9	0.0007308814417889656	345	0.0007014850904961817	32	0.000836401575864514	81	0.0010033121023806677	9	0.0013296584263228393	6	0.0012563868264766221	9	0.000665612522571071	345	0.0008862490141602071	32	0.0006687685095547013	81	0.0006401639041340365	9	0.0005967934433041708	6	0.0004091164673946669	9	0.0005584271998531569	345	0.00043620650792226335	32	0.0010358284032600878	81	0.000734481817289987	9	0.002075389192888255	6	0.0004450017823389903	9	0.0009618851515591488	345	0.000919293968926552	32
2420	0.0008124829746560539	81	0.0008846200957390332	9	0.0009819317109421154	6	0.0009872895109674263	9	0.0008350154769284924	336	0.000812105760709606	41	0.0007237230880533774	81	0.001118703434959105	9	0.0012116201008705778	6	0.0011423049686890099	9	0.0006959234267182025	336	0.0005687846408393421	41	0.0006342446903605485	81	0.0006231366838732599	9	0.0004998368291408465	6	0.0007908188524685328	9	0.00045364273227767803	336	0.0004940855037474771	41	0.0006165453253648423	81	0.00012805808541938645	9	0.0014724438065656105	6	0.000455324718938048	9	0.0007418066586048589	336	0.0007184813853163053	41
2430	0.0007584640830472864	81	0.0013270000735819609	9	0.0008392299117492798	6	0.001083843950920666	9	0.0006088758341182082	337	0.0005917204272968183	40	0.0008446687198904695	81	0.0011700203366225481	9	0.0020783128695382935	6	0.00104981014947519	9	0.0006854031595841497	337	0.0007889072504736286	40	0.0006976471778108968	81	0.00047341288839306765	9	0.0006266359047585863	6	0.0004165434223184952	9	0.0004818618542773882	337	0.0005611272158500373	40	0.0006911118518080897	81	0.00040337763715033977	9	0.001370310698740063	6	0.0008590852723255006	9	0.0007386168681528086	337	0.0006936729350188251	40
2440	0.0010012467957120196	81	0.0011300066763107472	9	0.001166524568233105	6	0.0012352983372355953	9	0.0009342208334346148	336	0.0008954632328455825	41	0.0007868896035645049	81	0.0007869415918495988	9	0.0015001971590224057	6	0.0009968272184454206	9	0.0006346699036131456	336	0.0005675457137519425	41	0.00045977424876014614	81	0.0004381680975547119	9	0.0005020115309544269	6	0.0006195961514890033	9	0.00045429022665247255	336	0.0004849156610834544	41	0.001102418122889777	81	0.0005928763975764102	9	0.0003577321088186871	6	0.0010850070462475256	9	0.001043698647443891	336	0.0010425116201553866	41
2450	0.0007534278545903257	81	0.0016575092511064632	9	0.0006574277934641428	6	0.0009177333058473606	9	0.0007966713888111194	335	0.0008766481848679153	42	0.0007833594987859951	81	0.0009142492644756214	9	0.0016713139126175978	6	0.0011758177624773523	9	0.0006801177102507713	335	0.0007119130506093335	42	0.0005462985618016493	81	0.00033483455330865	9	0.0006690350608218758	6	0.000612565141649197	9	0.0004723753017554142	335	0.0006836242790784275	42	0.000947229388672349	81	0.0015269476130820054	9	0.0016882395188712368	6	0.0005532492763998674	9	0.0012423012949814881	335	0.0017522637756216168	42
2460	0.0007696250821260691	81	0.0007587834923943554	9	0.0006491238944266195	6	0.000511100087348324	9	0.0007509016573385373	338	0.0006783033487387887	39	0.0007647729373088468	81	0.0012371343284742992	9	0.0016228825306305792	6	0.0013359571273616098	9	0.000600280075280495	338	0.0006153519988908164	39	0.00040254226899548147	81	0.0004922394885341304	9	0.0004701632855638372	6	0.0003717792282160376	9	0.0004511841708554493	338	0.00029456753863117815	39	0.0009341633950294449	81	0.0005196734460225475	9	0.0011952433676643115	6	0.0018978118262458442	9	0.001390568738762569	338	0.000903197355435316	39
2470	0.0010238773625226233	81	0.0007521418048382971	9	0.0015424959304827061	6	0.0010458067328709703	9	0.0007841385883957327	342	0.0007439402754894849	35	0.0007119279502644615	81	0.0009762565981397391	9	0.001397462489207031	6	0.0011428085638012673	9	0.0005375319952603429	342	0.0005599565040047683	35	0.0005614619373458158	81	0.0004691405049186293	9	0.0008988466204138652	6	0.0005955324255800987	9	0.0004191735449938151	342	0.0005056309478161805	35	0.0006987912610800564	81	0.0015517571302690245	9	0.0006247612635877585	6	0.0008251649435952505	9	0.0007930432466550818	342	0.0009505633989467909	35
2480	0.0007576271638429624	81	0.0010096022063567002	9	0.0009324331153661402	6	0.0011067405700902204	9	0.000792679437983148	341	0.0007863445625295479	36	0.0007835245228969346	81	0.0011196502425918449	9	0.0013927586085330757	6	0.0011614287552163826	9	0.0006829459894020594	341	0.0006373843524641785	36	0.0006570235760223597	81	0.000541255348065635	9	0.0008413272720457802	6	0.00044953331235324815	9	0.00048197948376158467	341	0.00046166960263047043	36	0.001087544969147606	81	0.002097784017870664	9	0.0007278524310372391	6	0.0008973617540320556	9	0.0012880723068219757	341	0.001644106254793799	36
2490	0.001090414462083047	81	0.0009002182801461411	9	0.0015224571287597091	6	0.0011366594805905282	9	0.0008476193075995457	341	0.0009871618354108105	36	0.0007774309988532204	81	0.0009602824118087751	9	0.0020330732015859795	6	0.0011721074412686494	9	0.0006292737414171427	341	0.0007429188057487284	36	0.0006216244958340966	81	0.0007939532924856395	9	0.0006691507923832652	6	0.0004351851906799251	9	0.0004309227679994932	341	0.00044109517571753575	36	0.0008026898394843644	81	0.0006512390574498422	9	0.00108828035344141	6	0.0009616485408045014	9	0.0009280796034840083	341	0.0009519687570008045	36
2500	0.001088759835639134	81	0.0008762057243551801	9	0.000756372288586815	6	0.0011412103441887636	9	0.0008101864930627382	335	0.0010747233679652473	42	0.0007914703494556243	81	0.0012585446262493754	9	0.001280383298861572	6	0.0010637697300571686	9	0.0006741428705844371	335	0.0006613408870100037	42	0.000643847980473777	81	0.0008365845966735368	9	0.000577226933028706	6	0.0008096594992048072	9	0.0006140471373858581	335	0.00048618585963556866	42	0.0015132562072493287	81	0.0006148297973657998	9	0.0011130498283450595	6	0.00042240911460592675	9	0.0011330436942833017	335	0.0009525494033059238	42
2510	0.0008276268861678043	81	0.0009938320159076927	9	0.0009902001375169964	6	0.0012641235909088143	9	0.0009061191577665622	339	0.0006985272040128875	38	0.0008113654150777365	81	0.0013337042886815223	9	0.0009483287610840456	6	0.0012669342848232188	9	0.0006346154852164804	339	0.00069026175950398	38	0.0006616876532322988	81	0.00039491883666562737	9	0.0011129911588980837	6	0.0005200319424001966	9	0.0004257140363523761	339	0.0005606716614789542	38	0.000821296438656928	81	0.0005842459022515452	9	0.0013006640037870438	6	0.000967893925383491	9	0.0009099323973709427	339	0.000978808234138709	38
2520	0.0008850818152300589	81	0.0008237377239578432	9	0.0008157228411147131	6	0.0011214507097362441	9	0.0007820158174292972	336	0.0008870936081310335	41	0.0008649817689337616	81	0.0012627748475096037	9	0.0013650098109260465	6	0.0010730279169209541	9	0.0005937132203193975	336	0.0006489158617005585	41	0.0004933732541243289	81	0.0005621070212696819	9	0.0005735690763388805	6	0.0006601958423689173	9	0.00043153918665932156	336	0.0003971912660621795	41	0.0007957482703564801	81	0.0011174471075783804	9	0.0012583951051951148	6	0.0006964927016375993	9	0.000964730026960077	336	0.0015156633991284165	41
2530	0.0008611060854077279	81	0.0010328291649175677	9	0.0008128920997680988	6	0.0008476028321902418	9	0.0008588361526174537	344	0.0007928459416792726	33	0.0008364765663703273	81	0.0013068998419749009	9	0.0014950581261716277	6	0.0013031743236087492	9	0.000631217181096198	344	0.0007664473881198527	33	0.0006488727677962014	81	0.0007589997337753518	9	0.0005225771449806773	6	0.0005280731177786595	9	0.00043826350646037455	344	0.0004606331386468233	33	0.000773870829694755	81	0.0010912084283094272	9	0.0005019545010521046	6	0.00040328320295035633	9	0.0006957574913567281	344	0.0011210012391911094	33
2540	0.0008697203536359388	81	0.0012677591878428002	9	0.000908274266533519	6	0.0006830269260420904	9	0.0008978341397279548	341	0.0008578066930696557	36	0.0009752001019920519	81	0.0011354287649292666	9	0.001895166996910327	6	0.0012142953594239997	9	0.0007360558984390833	341	0.0006205488634278605	36	0.0005850441378079749	81	0.00042663783755682674	9	0.0005295613711814824	6	0.0007098908683995257	9	0.00043909476681280304	341	0.0004982488425100488	36	0.0006954916403230331	81	0.0009528282832939095	9	0.001252785027228304	6	0.001464611289043213	9	0.0008996101906002305	341	0.0008476098127812941	36
2550	0.000966791903418917	81	0.0015271031205992911	9	0.0011367438035210255	6	0.0008361131823701588	9	0.001071967727639161	344	0.000970031366179462	33	0.0009607405283070855	81	0.0012070433486899282	9	0.0018592322773765665	6	0.0012995305224420709	9	0.0009036428453863563	344	0.0007778804028005241	33	0.0005364893435412957	81	0.0006263785547996596	9	0.0005478938924602907	6	0.0008727854471751456	9	0.00041543248865287975	344	0.0004361726218596837	33	0.000852029608748696	81	0.001207036276532582	9	0.0008648381010445292	6	0.0010991662138368755	9	0.0008568434977966357	344	0.0008886791926055965	33
2560	0.0008411014014186596	81	0.0006901970427578534	9	0.0011410319221339174	6	0.0008598223959057952	9	0.0007484782361000676	336	0.0006199995604520481	41	0.000827713714143252	81	0.0009377640805740295	9	0.001698302595402045	6	0.001028698759251074	9	0.000653741896066082	336	0.0005292718764750335	41	0.0005768126773954517	81	0.00038354690244227663	9	0.00043168665586127255	6	0.0007756140861899843	9	0.0005264001233575105	336	0.000579942859939189	41	0.000882371512179589	81	0.00018427306132876877	9	0.0011209618843902268	6	0.00048712469874090717	9	0.0009114334876520618	336	0.0007114715451824615	41
2570	0.0007020031500618157	81	0.0006704908487401487	9	0.0007873606057171309	6	0.0009325351450148245	9	0.0006985409080929962	335	0.000655948435438801	42	0.0008324545635552753	81	0.0010016261513285925	9	0.0015734799916358939	6	0.0008360418606179429	9	0.0007451707295640791	335	0.0006802071479966459	42	0.0006001700609220022	81	0.0005503755230132028	9	0.0007774839639629344	6	0.0006395452093712893	9	0.0004478090657963676	335	0.0004913392048060743	42	0.001090746294621368	81	0.0007684951619939471	9	0.0012811157091903815	6	0.001151329855009949	9	0.001093799382410561	335	0.001239299601165754	42
2580	0.000854048918627058	81	0.0009850667000415596	9	0.0010890663965828107	6	0.0008835977143615217	9	0.0007764820761194095	341	0.0008245335139236085	36	0.0006140912704253735	81	0.0013374732625694133	9	0.0021643627263669197	6	0.0008599262973018478	9	0.0005764319423137116	341	0.0007202439178387746	36	0.0005565232162778548	81	0.0005774564668178168	9	0.0007026785745571246	6	0.0009560523909176317	9	0.00045749188001286886	341	0.0005373264207003153	36	0.0011108507414447973	81	0.0007694731014327545	9	0.0007484686311209921	6	0.0011383313591263073	9	0.0011465691061753988	341	0.0009802289267949388	36
2590	0.000832172003927071	81	0.0010692987017645256	9	0.0007636040597666698	6	0.0008084786129580333	9	0.0007322505753472372	340	0.0009236273559745216	37	0.0008039201197682269	81	0.0010926653187088558	9	0.0017544341284550663	6	0.0008514126227631559	9	0.0006577313521156746	340	0.0006559948334019096	37	0.0004666410219454684	81	0.00027923338783475367	9	0.00044294671340180833	6	0.0007902580058945035	9	0.0003937178941360002	340	0.0003792159167739238	37	0.0007403428497987675	81	0.0002454044741116574	9	0.0012487517327269008	6	0.0008817375589025366	9	0.0007670192042047753	340	0.0005901754121726996	37
2600	0.0006934943279841205	81	0.0010162173506972278	9	0.0005814082487090985	6	0.000895916055220571	9	0.0006476885026267588	338	0.000767920658195172	39	0.0007577527403773177	81	0.0010295156111295317	9	0.001480937597614987	6	0.0009370909077805207	9	0.0005858825678155869	338	0.0006277214799367675	39	0.00047975266159945985	81	0.000481848493900468	9	0.0006302015239037385	6	0.00038887749325270754	9	0.00043766695457833995	338	0.0006198918386939217	39	0.001123370000853548	81	0.0012109023913548424	9	0.0012673928508613464	6	0.0008381292212690945	9	0.0011356007471959083	338	0.0012295925359991258	39
2610	0.000805506183676546	81	0.0008435811550619102	9	0.0008170414094846269	6	0.0010237925907374918	9	0.0007803374901726894	336	0.0008290688344748035	41	0.0009308846722622727	81	0.0013412232560007444	9	0.0023792360458214494	6	0.0012413856629691319	9	0.0007334128869276623	336	0.000662546341085987	41	0.0005223352736428076	81	0.00036159452564633724	9	0.0005083623547147534	6	0.0006831390521981688	9	0.00040718713436714284	336	0.00042142518619122743	41	0.000654638059748013	81	0.000866011411531128	9	0.0006566077904424586	6	0.0007189181566248022	9	0.0006534406530886848	336	0.0009258588350403867	41
2620	0.0007805751314099978	81	0.0008139552814856441	9	0.0007063842599647503	6	0.0006679010191070453	9	0.0007333015633624289	340	0.0009877135270537042	37	0.0008108056511538898	81	0.0011174319613678184	9	0.0020386488027551368	6	0.0010386519400097463	9	0.0007473185168202321	340	0.0008707555741199065	37	0.0006037002005196019	81	0.0004542963041685358	9	0.000640232398531449	6	0.0003882285781129253	9	0.0004447890019673741	340	0.00046490522079174464	37	0.0008601257006986102	81	0.0007476091515353255	9	0.0008348126590782037	6	0.0012302128631588463	9	0.0010098234478843969	340	0.0019179361282525226	37
2630	0.0008232385162187929	81	0.0008350575335404806	9	0.0008327990840885234	6	0.001025315327927109	9	0.0007591816409965873	338	0.000828758060425537	39	0.0007986823413224638	81	0.0009887647549753431	9	0.0013946566366748734	6	0.0009301910918304348	9	0.0006543563179931439	338	0.0007450350178804374	39	0.0006114226844788971	81	0.0002967930986034614	9	0.0005935655191203354	6	0.0007927909004046984	9	0.00045845844860260317	338	0.0005264591778473591	39	0.0008031041368265659	81	0.0005300790872539428	9	0.0010163517731845994	6	0.000639946590058984	9	0.000780509795682006	338	0.0010350556739011556	39
2640	0.0010301944945065272	81	0.0017875118887644892	9	0.001164153832397999	6	0.0011573551234768994	9	0.0009679853623815591	342	0.0006433324097423944	35	0.0007133157557850981	81	0.001181078498715567	9	0.0013032190872549797	6	0.0018789477180256734	9	0.0005464483562051141	342	0.0006956930518427028	35	0.0005536595268134539	81	0.00033176155014238154	9	0.0006934261740162557	6	0.000534893492283387	9	0.00042805089565063327	342	0.0004014299314764175	35	0.0006700435768049746	81	0.000636189813671414	9	0.0011951825136014577	6	0.0004904231774719617	9	0.000778929589811839	342	0.0012203073916827443	35
2650	0.0007996857265354327	81	0.0007400749361225416	9	0.0008865464183878832	6	0.0010579526011988347	9	0.0008096100789998768	340	0.0008677746201086844	37	0.0007673820978884222	81	0.0009786513881673768	9	0.001436080839141085	6	0.0009808067726750135	9	0.0007039985096477793	340	0.0006080330896609989	37	0.0006898187953217074	81	0.0005353616214406745	9	0.0008578060832470112	6	0.0005312801826244479	9	0.0004931797404580046	340	0.0005861146271497936	37	0.0006128169961288192	81	0.0005101667808087172	9	0.0017753353145539706	6	0.0009314096468323571	9	0.0007145955145829767	340	0.000872391304777348	37
2660	0.0008625468642434479	81	0.0008840556918135994	9	0.0008982335886643916	6	0.0009565147381733752	9	0.0008732759809112669	337	0.000739772886303851	40	0.0006801569270306244	81	0.0009244315708247072	9	0.0014213545346549196	6	0.0009466550850705861	9	0.000611885323693132	337	0.0007166714470064048	40	0.0006154105098738044	81	0.0006724016478226074	9	0.0008185772852112042	6	0.0007331782246177321	9	0.00047887326627905246	337	0.0005173520569694434	40	0.0008877981144255974	81	0.0004486641859276856	9	0.0009734372090662432	6	0.0012033008334013553	9	0.0010477229216967164	337	0.0009392473347163779	40
2670	0.0009946964942737489	81	0.0010234640668860472	9	0.0010671217518462052	6	0.0012996491136087198	9	0.0008763489580344557	343	0.0009949844047052745	34	0.0006199781336536805	81	0.001427359511393694	9	0.0014772347960696746	6	0.0008377414634349797	9	0.0005451330399918979	343	0.0006360722573971091	34	0.0005075779519680699	81	0.0005447072270874638	9	0.00038718501042434814	6	0.0004665066229303514	9	0.0004002929424913337	343	0.00042354541271056613	34	0.0007607286426144856	81	0.0007981075592744209	9	0.000977554358700198	6	0.0005442382875792946	9	0.0008074133776982867	343	0.001090786520919702	34
2680	0.0008108593309621817	81	0.0007981715205345471	9	0.0009907966977154208	6	0.0008626718413666535	9	0.0008115795000041163	341	0.0008625103461640124	36	0.0007705999348167696	81	0.0010760837881945771	9	0.001576110178017784	6	0.0008290555865992773	9	0.0005869587924787503	341	0.0007426327330806374	36	0.0007746271016885508	81	0.00039151973305823906	9	0.000829651439773137	6	0.0008245341206363762	9	0.0004364134335409238	341	0.00037314874727314604	36	0.0006841733661327338	81	0.0003830356890556058	9	0.000896842889866478	6	0.0007709447917589653	9	0.0007346905122697493	341	0.0009659612251683468	36
2690	0.0009742750807130122	81	0.0008052548835420989	9	0.000596697069391938	6	0.0011754785748427374	9	0.000749960310207441	342	0.0009281878049982551	35	0.0008300763054726076	81	0.0011208651788567137	9	0.00181220033140692	6	0.0012857652087021265	9	0.0005382775345718623	342	0.0006958109733234917	35	0.0005704658421933397	81	0.00039785286798054207	9	0.0008480704484878877	6	0.0005398274485681712	9	0.00041515853323540787	342	0.00048781983497880866	35	0.0006865314757285023	81	0.001084389672603767	9	0.0007102300108220339	6	0.0006875921662605188	9	0.000749176526573718	342	0.0007086714746417337	35
2700	0.0008709677682789034	81	0.0007061349407065446	9	0.0011431148660112876	6	0.0010495663192050609	9	0.0007609746440541173	339	0.0006819102831058511	38	0.0008027257257721379	81	0.0011892232622369907	9	0.0019219406666843547	6	0.0011920593698252749	9	0.0006772776155680454	339	0.000890070946789745	38	0.0006039257451008454	81	0.00046085375356320056	9	0.0006681561325219244	6	0.000607684229233821	9	0.000509315578566746	339	0.0005590457992671417	38	0.0009781244321929279	81	0.000931526680760505	9	0.0014754677959093476	6	0.0008072524503781988	9	0.0010260662394890022	339	0.0011528921065339884	38
2710	0.0009560399149586448	81	0.0008870095029740237	9	0.0009382393775677938	6	0.0007186309194412333	9	0.0007812666807835145	337	0.0007060951664427162	40	0.0007867102896586226	81	0.0008557655207282823	9	0.0015365095188415833	6	0.0009615441163089605	9	0.0006966254524446619	337	0.0007358242889662067	40	0.0006264880779808351	81	0.0004057727920080133	9	0.0006286253233122272	6	0.0006296603946296421	9	0.00049183673478742	337	0.00046519691368118716	40	0.0009033986050708075	81	0.0006296903674211879	9	0.0006785347605462703	6	0.001152313823553547	9	0.0009255484014687432	337	0.000819304146659254	40
2720	0.0009235591440423868	81	0.001000379759983786	9	0.0006461330319068764	6	0.0009828212519661615	9	0.0007995210187428551	332	0.0007333978897189385	45	0.0007704453441746942	81	0.0011323872908354298	9	0.0021381166630159245	6	0.0013591254030669653	9	0.000556653301064475	332	0.0005501493571420135	45	0.0005442831532148476	81	0.00034844155589175906	9	0.00039164271699625657	6	0.0005233895519765881	9	0.00043569952669582476	332	0.0003643704110735851	45	0.0009094511064761317	81	0.0014742672652045914	9	0.0010120561779946842	6	0.0012375700540212932	9	0.0009842131212220858	332	0.001084833912868139	45
2730	0.0008079947559065788	81	0.000981201533683362	9	0.0008875017237292902	6	0.0009395454282355613	9	0.0008316293470818433	341	0.0007611198825253902	36	0.0008065136345332514	81	0.0011896932392542767	9	0.001651907761420831	6	0.0011756716985623467	9	0.0007321229256230784	341	0.0007328457837869563	36	0.0006752601437836634	81	0.0005465605421036956	9	0.0009212106099421973	6	0.0007437991189414024	9	0.0004886862440890026	341	0.0004553205798421649	36	0.0006094930564630935	81	0.000824341462356059	9	0.0009431380534899821	6	0.0007426123385949187	9	0.0008023284791528028	341	0.0009384872203557913	36
2740	0.0008667748458812296	81	0.0012495436746669385	9	0.0004700194333607974	6	0.0013774397623706935	9	0.0008114233466486536	340	0.0009382738099742433	37	0.0007415217399567043	81	0.0012754295332054596	9	0.0018898603309811318	6	0.0010861276079088206	9	0.0006150059728377244	340	0.0006285130067860418	37	0.0005751030456996575	81	0.0009368720707442805	9	0.0007486505448607601	6	0.0006402660261314632	9	0.0004014786220133504	340	0.00033012094094122716	37	0.0007602978218133825	81	0.0006489831432097121	9	0.0007418074731269424	6	0.0010336624264171135	9	0.0007903358179748812	340	0.0008516348128466445	37
2750	0.0008913033984746072	81	0.0011545990693440568	9	0.0010291160255919867	6	0.00066706286516395	9	0.000733426677846226	344	0.0008618963882000351	33	0.0007830969838124517	81	0.0012465837663411068	9	0.0015316356196722178	6	0.0009622303609529929	9	0.0005956325433080304	344	0.0006947288775518185	33	0.0006011824395727268	81	0.0006608114868863358	9	0.0010266901474395194	6	0.0006476744897025882	9	0.0005010396003773395	344	0.0003810806347631719	33	0.0007864567220886999	81	0.0008347707918981953	9	0.0007141209392134341	6	0.000845311367511148	9	0.0009189705759178972	344	0.0010939279130219679	33
2760	0.0009708666900818909	81	0.0008371012422664191	9	0.0015097265240780772	6	0.0010726174137940226	9	0.0009927391355137663	340	0.0009013679238132974	37	0.0007155404317740692	81	0.0008198488784107018	9	0.0015703765535659481	6	0.0011061053651747156	9	0.0005774130217148022	340	0.0008213330916985865	37	0.0005524487755734788	81	0.0005653007347964859	9	0.0004889788995150293	6	0.000517762512310228	9	0.0005539306044507679	340	0.00046760166107100886	37	0.0011253635746096078	81	0.0009843731055156715	9	0.0009086900202238606	6	0.0015495634518642117	9	0.0012097089166808485	340	0.001221521183663329	37
2770	0.0010636338739245144	81	0.0011013798155694353	9	0.0011675490697258524	6	0.001150491920977156	9	0.0009331771458227721	341	0.0009971208204697273	36	0.0008971320590382615	81	0.001471382691494336	9	0.0013643727219122667	6	0.0010354200500934517	9	0.0007606771250867135	341	0.0007058709526290618	36	0.0005198478764962501	81	0.00039596005664750396	9	0.0003240100717031362	6	0.00037757897616173434	9	0.0004100430184438564	341	0.00041039514197550604	36	0.000839324435689972	81	0.0004770979997609807	9	0.0010420113527634762	6	0.0005058551018712457	9	0.000931722076973551	341	0.0014543712220610626	36
2780	0.0008820558679358816	81	0.0009931388019524033	9	0.0012383846543019138	6	0.0009373368039740494	9	0.0007839506050021334	335	0.0007252667842227271	42	0.0009420405410104173	81	0.0010918287341820996	9	0.0016961374687354605	6	0.0009183406711395855	9	0.0007135299642140171	335	0.0007565000117228881	42	0.0004914818285503983	81	0.0003377819491469058	9	0.0005324197249339752	6	0.0003782555955412735	9	0.00045557043654344064	335	0.0004300289228920441	42	0.001151115413667433	81	0.0008733680525322058	9	0.0014165786836264002	6	0.0012109784621493766	9	0.0011385531498341163	335	0.0013148194443842643	42
2790	0.0007534432707982936	81	0.0006404529818580585	9	0.0007983353065715145	6	0.0006606143815149269	9	0.0007046375826677464	345	0.000527489783956976	32	0.0007744454611805509	81	0.0016061574736059422	9	0.0011700385832294111	6	0.0008455875381384813	9	0.0006200832864686305	345	0.0006001713852674656	32	0.0005362666315397429	81	0.00044731091510786944	9	0.0007446537450715825	6	0.0005559652988845256	9	0.0004859251933861139	345	0.0005406307007427072	32	0.0007034331049135367	81	0.0005777156229231144	9	0.0009598715982602058	6	0.0003795312535914781	9	0.0009452578523149309	345	0.000555687597813479	32
2800	0.0008374598886953179	81	0.0012537152970580302	9	0.0013164151670833322	6	0.0011510575071219517	9	0.0008334205170541339	340	0.000996685629883929	37	0.0008339683505579463	81	0.0012249589433527988	9	0.0012150344363789792	6	0.0011615987563258637	9	0.0005730647460648252	340	0.0007595652098938899	37	0.0005327456254577351	81	0.00047511770395248175	9	0.0009342262053824026	6	0.0007374822981498846	9	0.0004364901637172681	340	0.0004658364628661295	37	0.001019652484415756	81	0.0007285700370514713	9	0.000612254255533425	6	0.0011762486254865319	9	0.001117084611439185	340	0.0007115794190661354	37
2810	0.000928576492629233	81	0.00079979879662923	9	0.0006934918836162328	6	0.0014229369427696025	9	0.0008941790916300081	341	0.0008667057151975189	36	0.0009698719863160676	81	0.0009092183189876692	9	0.0013984469043791233	6	0.0010529356828981094	9	0.0007962357116678555	341	0.0008988728530907185	36	0.0006700714225434437	81	0.00037420895645735104	9	0.0005931294408549462	6	0.0006151142174420205	9	0.0005276969436371654	341	0.0005696800647134059	36	0.0009612551285462022	81	0.0004737492529013985	9	0.0010184501120043198	6	0.0015738138710825115	9	0.0011355923016042905	341	0.0009664150085725417	36
2820	0.0008713620117254828	81	0.0008175154324809678	9	0.0010137038038351312	6	0.0011524939710236184	9	0.0008153069527613034	339	0.0007202406966728036	38	0.000748368030782324	81	0.0016126223846055542	9	0.0011219890075404415	6	0.0010233908406019586	9	0.0006101711173793592	339	0.00047315093045312447	38	0.0005987583005717239	81	0.0008094312287973698	9	0.0008982926359207137	6	0.0006913841938798264	9	0.00045563676967009907	339	0.00041946133820506133	38	0.0005157117396963456	81	0.00039270453206888826	9	0.0010408309612233671	6	0.0006163474830025746	9	0.0008092002975136203	339	0.0005216440111117288	38
2830	0.0010908449716664455	81	0.0012935142574078396	9	0.0006663959414835117	6	0.0013149105510312838	9	0.0009688843267776053	339	0.0013187459883742259	38	0.0008831810840749285	81	0.0012781834962428465	9	0.00164806738205102	6	0.0011679360465807608	9	0.0006132313550478918	339	0.0005390863296286655	38	0.0005709943735738008	81	0.0004905117630198134	9	0.0008621854200138985	6	0.0007467561695640938	9	0.0004367102526888413	339	0.000453008110932494	38	0.0003828845053141703	81	0.0005395325936931265	9	0.003463229090113803	6	0.0011357946913523962	9	0.000753549531194438	339	0.00047759246123260153	38
2840	0.0007826378812397349	81	0.0008866235272939442	9	0.0006951329280498936	6	0.0012537704668009752	9	0.0006296979137776903	341	0.0005720479974720882	36	0.0007528543692274827	81	0.0010538524796062563	9	0.002191817417064404	6	0.0013535395122937352	9	0.0006872298690682844	341	0.0005548453905178108	36	0.0005673350409919664	81	0.00044968337084495244	9	0.00040286046557281847	6	0.0005901038855486986	9	0.00040697230158503545	341	0.00040154845051176635	36	0.0007704212028496064	81	0.0005038707232726816	9	0.0004493355019473033	6	0.0007419722082834001	9	0.0008561367923601757	341	0.001425083783345238	36
2850	0.0008395320582133241	81	0.0011042838682471974	9	0.0008458451163947328	6	0.0012083198692179266	9	0.0008229518681928803	346	0.0008501271904142062	31	0.0007933672192986243	81	0.0010601050176542162	9	0.0013696921703100946	6	0.0010792206907444407	9	0.0006250162930996307	346	0.0006416394757073021	31	0.0005503465506465301	81	0.0006103520247516423	9	0.0006772119747320804	6	0.0004983194341065584	9	0.00044806733766896675	346	0.0005706308394699428	31	0.0006565276443864315	81	0.0004626561647547524	9	0.0006968610903694727	6	0.0014677978548763044	9	0.0007898299791476147	346	0.0006589742856333167	31
2860	0.0007181370664659822	81	0.00133995754350769	9	0.0011125646697378781	6	0.0007084020379447216	9	0.0007813248627102806	343	0.0007496490712486577	34	0.0009387842006854896	81	0.001212504978926381	9	0.001685646238123868	6	0.0009493561429399666	9	0.0007033311702934947	343	0.000583552559411016	34	0.000471599977924515	81	0.00035045291211056417	9	0.0006714457803599964	6	0.0006659175137060182	9	0.0004184290107365772	343	0.0004613869606454872	34	0.0006110249321627411	81	0.000546525131509027	9	0.0017744971787877785	6	0.0008365867284762816	9	0.0008804589902354203	343	0.0007228816834682426	34
2870	0.0009424031244588546	81	0.0010927232945622588	9	0.0010028393751036699	6	0.0013013392412493793	9	0.0008445919931230429	341	0.0008831002195841642	36	0.0009818211551297909	81	0.0010404775447267532	9	0.0015539122801438872	6	0.001156953034774023	9	0.0006480844225267418	341	0.0006662000523891884	36	0.0007391365639696485	81	0.000837696200168919	9	0.0005774567314503505	6	0.0007828940051402875	9	0.0006256067167501456	341	0.000695368720857988	36	0.0011280982880390827	81	0.0008847014603793699	9	0.0008251389359663122	6	0.0013190657634990883	9	0.0009662900345440875	341	0.0008154979903084701	36
2880	0.000665633402594025	81	0.000852113941732556	9	0.0011203439759343568	6	0.0016505817292662903	9	0.000729112933902304	344	0.0009563712852261382	33	0.0007827134874225204	81	0.0014076152852463741	9	0.0011456574174108624	6	0.0011261653957182842	9	0.0006140389039045183	344	0.0007943503829957375	33	0.0005339877768256514	81	0.0003649719906131954	9	0.0005947475506877059	6	0.0006333559947827518	9	0.0005019137737526723	344	0.00041377688666547485	33	0.0008426507864191399	81	0.000968530329930994	9	0.000775917653232329	6	0.000861822342848143	9	0.0008321625975585995	344	0.0007225628857495559	33
2890	0.0007362272425969055	81	0.0011659757191116232	9	0.0010296584313436896	6	0.0017938574552126864	9	0.0007562439747337458	345	0.0006294545953334316	32	0.0008600326805100245	81	0.0011815042449930407	9	0.0015533922510967346	6	0.0011512283716250916	9	0.0006725850996635478	345	0.0006046786252227724	32	0.0006194829860400368	81	0.0004609958872584826	9	0.0007950102099389773	6	0.00044761601838717434	9	0.0004514232614202686	345	0.00041314005934004394	32	0.0009389290723224913	81	0.00034889281034768826	9	0.0017999235669621987	6	0.0010993206882993582	9	0.0008044330767074912	345	0.0006177975118502554	32
2900	0.001102271213695806	81	0.0016414849611718564	9	0.0008012161825524684	6	0.0013793794530636064	9	0.001002690378324381	341	0.0009606923463527259	36	0.0009003663031168147	81	0.0012171369748211792	9	0.00169977569245464	6	0.0011437358604630163	9	0.000661817775221411	341	0.0007324748035980048	36	0.000517473153490853	81	0.0004416134269332121	9	0.0005340742728490816	6	0.0005288736862893348	9	0.00044448431813682166	341	0.0003947012083207117	36	0.0005593374706579465	81	0.0011479285107128768	9	0.0006726748576461813	6	0.001503688274562017	9	0.0007538632711646115	341	0.0007406747814399828	36
2910	0.0009480960680516236	81	0.0008083950861599328	9	0.0007215284948426442	6	0.0007317109575764042	9	0.0008914874708620492	341	0.0009694164219703842	36	0.0008698237330775033	81	0.0009711474501206303	9	0.0015953077437152593	6	0.0010963327412559106	9	0.0007556742974864492	341	0.0009250705956578795	36	0.0006329372234000799	81	0.000680792082326652	9	0.0004457217630749408	6	0.0004984253559691508	9	0.00043874413254504593	341	0.0004187978598921821	36	0.0013999697621037144	81	0.0019360392778809603	9	0.0006172033978904296	6	0.0016506875349069161	9	0.0010065424990963264	341	0.0009314139821206074	36
2920	0.0008624716925691542	81	0.0009996217632223517	9	0.000909835311859647	6	0.0028083625456660237	9	0.0007625674059264042	347	0.000725907224223891	30	0.0007400316895833908	81	0.0009985250374199657	9	0.0009658078045864824	6	0.0015898130001524968	9	0.0006171825229110182	347	0.0007036644174331781	30	0.0005791163372301979	81	0.0003243711321406206	9	0.0005997163040869428	6	0.0005562472026833491	9	0.000393517085436993	347	0.0003464514344613414	30	0.0009819254761785224	81	0.0004411811708040283	9	0.0005441926065941757	6	0.0006668718049612559	9	0.0010720479534878447	347	0.0025221491829701776	30
2930	0.0007946072648051598	81	0.0013933850753479798	9	0.001184833741346198	6	0.0006780815839118324	9	0.0008661403930253781	340	0.0009050553428167639	37	0.00074020974052652	81	0.0010024007882759563	9	0.0015046433708073405	6	0.0014242061615488434	9	0.0005726563954737104	340	0.0006490293606136882	37	0.0004303204320671611	81	0.000434560958777102	9	0.0006072863227983473	6	0.0006018504383955215	9	0.0004117080059123494	340	0.0004239866118998769	37	0.0006282588843267849	81	0.0005752052459591961	9	0.000750329324029425	6	0.0006228137807608651	9	0.000667679294254226	340	0.0007198874941387612	37
2940	0.000835312942352736	81	0.0009225306035843437	9	0.0009066676751613194	6	0.0007415939528508374	9	0.0008521562522682724	340	0.0008395514242224123	37	0.0006025982883294621	81	0.0008996347582143587	9	0.001475742389558562	6	0.001514620064405667	9	0.0004885807729983213	340	0.0005012017758486138	37	0.0005871964914251062	81	0.00045724915203601953	9	0.0008654260114865654	6	0.0008178367297478484	9	0.00042712168091687066	340	0.0004413877858289892	37	0.0003771856779549391	81	0.000491871854578433	9	0.0005607080359917301	6	0.0007433717214621187	9	0.0005735157143192686	340	0.0004318374014309569	37
2950	0.0008632418351408454	81	0.0008004944613717258	9	0.0013654919293052098	6	0.0009938096820400499	9	0.000847932810025976	342	0.0007935952533571265	35	0.0006828446363436484	81	0.0011501253632248943	9	0.0014836436987220056	6	0.0009846289714734923	9	0.0006057542434310458	342	0.0005047827887075851	35	0.00043089361498042656	81	0.000301128544291053	9	0.0004368767039143975	6	0.00043008788379401476	9	0.0003371512000265587	342	0.00029228949248539106	35	0.00079313877507124	81	0.0006099259551192088	9	0.001093072350709624	6	0.0009852312023072326	9	0.0008220977887062546	342	0.0009324415296742774	35
2960	0.0009696332217838926	81	0.0012898742898877673	9	0.0010343839699650307	6	0.0009885826920362684	9	0.0007942898992572758	343	0.0006356625872999383	34	0.0007368464920510529	81	0.0011335288015964398	9	0.0015993693579215496	6	0.0008307875541194005	9	0.0005746531284111814	343	0.0006487457811606152	34	0.0007411869382705429	81	0.000760822667124988	9	0.0007955220254001745	6	0.0005168474495863165	9	0.0005489372687689201	343	0.0004361600737918748	34	0.0006434641134245468	81	0.0008833673743143654	9	0.0013665386297851705	6	0.0012738278957049305	9	0.0008031311343720907	343	0.0005692880867937452	34
2970	0.001002200644363243	81	0.0012372780876378027	9	0.0008113340367533972	6	0.001528009769623285	9	0.0008368953085813244	336	0.0008174380708118133	41	0.0007943307909055535	81	0.0016022456163760663	9	0.0013951265907727465	6	0.0011373615264572766	9	0.0006236974864951378	336	0.0005729163767466767	41	0.0005335842739722616	81	0.00044069445727754633	9	0.0008135117158599961	6	0.0005197930954718491	9	0.00029714967096374	336	0.00035201084430280897	41	0.0007898753639756019	81	0.00043080974276752797	9	0.0007562532398602313	6	0.0008483387164633491	9	0.0008489605817126352	336	0.0009151944020604036	41
2980	0.0009289176621537958	81	0.0017464360316085138	9	0.0009198705909601569	6	0.0010089338548565261	9	0.0007271925252479466	350	0.00046356855773579156	27	0.0007304217827202526	81	0.0009014851921667371	9	0.0015227248581126676	6	0.0010557564718641859	9	0.0006390606905763874	350	0.0008102932909665724	27	0.0006987243272391379	81	0.0005285949331960124	9	0.0009207067446123852	6	0.000951005173327246	9	0.0005163265835832425	350	0.0003616673338916338	27	0.0011234016280946067	81	0.001209690990923647	9	0.0012551579225785565	6	0.0007782394872711671	9	0.000980555401778029	350	0.0008105020795343096	27
2990	0.0008600978847107604	80	0.0006691292100486239	9	0.0007186816361454923	6	0.0008018885430373024	9	0.000714689368319145	346	0.0007654539457774268	32	0.0007825396702860615	80	0.0009550095843116913	9	0.001038351944449712	6	0.001146407859891921	9	0.000643653679599861	346	0.0006435382680253681	32	0.0005454924758093374	80	0.00039131573453577453	9	0.0005825095329218684	6	0.00046305541631896745	9	0.0004216645461361401	346	0.0006028663242640907	32	0.0010454772891745853	80	0.001075769917640139	9	0.0014230735831720458	6	0.0009126234059830097	9	0.0009761362839651496	346	0.0008130015462313675	32
3000	0.0009351788440215514	81	0.0011002472396985416	9	0.0011600941476535332	6	0.0011252229819614	9	0.0007763945591957472	339	0.0007495604808962969	38	0.0008811509963771733	81	0.0011509031601787398	9	0.0011514168909257216	6	0.0009609677322478242	9	0.000619019439614572	339	0.0006342111868272285	38	0.0004913930341350323	81	0.0006738534830788496	9	0.0006426678779091979	6	0.00048435728073031696	9	0.00044211555885716864	339	0.00043052042264690916	38	0.0007653487934432173	81	0.0003839853984189844	9	0.0001924173185008105	6	0.0008661429041174454	9	0.0007345958920015309	339	0.0005226512931748266	38
3010	0.0010096501466622316	81	0.0009244610929263196	9	0.0010709269280053915	6	0.001227029307150859	9	0.0010088286590167357	340	0.0008960634289235758	37	0.0007582511647543959	81	0.0011686589005487262	9	0.0013771300621782557	6	0.0009790986983103365	9	0.000683663183059114	340	0.0009057541081627558	37	0.000567795281600767	81	0.0004196843075402911	9	0.0005007037546187256	6	0.0006826147354212845	9	0.0003994266748709402	340	0.0003409709799243233	37	0.0007138011389115252	81	0.0005794667946049363	9	0.0007328756120939502	6	0.001031185045110297	9	0.0008400904119121944	340	0.0008559983099490179	37
3020	0.0005676746679101075	80	0.0006265123646109894	9	0.0008339324012535933	6	0.0010193264717541983	9	0.0005851719150533822	345	0.0007722575897492909	33	0.0006938957246646289	80	0.0009719585742849541	9	0.0014156786279432244	6	0.0009564210549944789	9	0.0005796080152314731	345	0.0005535823260066561	33	0.0005091164300211415	80	0.0007974448512147278	9	0.0004537886632886777	6	0.0005338185251883515	9	0.000395811410842536	345	0.0005685423611800345	33	0.0011085843337399356	80	0.0009031511520307551	9	0.0010608912985851028	6	0.0006257457670441694	9	0.0009034962308773188	345	0.001103094385956519	33
3030	0.0010242629594412144	81	0.0012577406492742488	9	0.0009584159527587698	6	0.0010291755057385476	9	0.0008372400721673285	342	0.00078170221976287	35	0.0007608945851349372	81	0.0014195571742462738	9	0.002570259142926163	6	0.0010006879953910039	9	0.0006565217240563941	342	0.0006544089786385791	35	0.0007527617674689408	81	0.0006559679358068848	9	0.0005937622044143832	6	0.0003985610272053982	9	0.00042918837474937514	342	0.00042252872553685084	35	0.0006823054880748849	81	0.0008014484167762238	9	0.0010076323463052248	6	0.0005706351450920648	9	0.0006427975878610854	342	0.0008107741263211148	35
3040	0.0007670581100735649	81	0.0009422841443657297	9	0.0005227587506863872	6	0.000725758281246542	9	0.0006333482304094802	348	0.0005646962022583376	29	0.0007528190019466916	81	0.0013758304546690875	9	0.0019518295740445562	6	0.0007528461357240632	9	0.0005896248329437233	348	0.00047941249187575635	29	0.0004468843908525617	81	0.00040679115465584	9	0.0006248408856212255	6	0.0003604746186660577	9	0.00038561520707094553	348	0.0004068835395497706	29	0.0007013793197824862	81	0.0013158974259248632	9	0.0008354981884412371	6	0.0005814739805054147	9	0.0007384688936592347	348	0.000740117917986175	29
3050	0.0009092945419697113	81	0.0011230625056600479	9	0.0011412145848929817	6	0.0012969226052646184	9	0.0010189316588934	337	0.0010347131523088017	40	0.0007599590187411026	81	0.0009089260870563102	9	0.0024846810855843043	6	0.0010010042200319048	9	0.0005892960891038539	337	0.0005515675479620984	40	0.0005429846056595153	81	0.00039283580678466345	9	0.0005256271375437756	6	0.00047056583046382015	9	0.0003971931953317765	337	0.000365936647638208	40	0.0008131597742454098	81	0.0010195053623256267	9	0.0006652002497100507	6	0.0009076213542815548	9	0.0008794178153635336	337	0.0007950807750497516	40
3060	0.0008407125959404599	80	0.0013954534566418557	9	0.0013257753315841674	6	0.0008817067623582946	9	0.0007577677204431519	340	0.00064266471854286	38	0.0008279998101003629	80	0.0012335580201976374	9	0.0023111927821312466	6	0.0011055399987794452	9	0.0005854127780671838	340	0.0007387609354909717	38	0.000513326896572484	80	0.00035056032983946534	9	0.0006097732135547948	6	0.0005131683398643815	9	0.00040276841955488326	340	0.00038233741419302456	38	0.0007258286264908923	80	0.00047827347306549106	9	0.0008253183915117947	6	0.0007805698373908262	9	0.0008656260239992003	340	0.0008321229508504561	38
3070	0.0006698870213254405	81	0.0013256208732308472	9	0.0010147040825173026	6	0.0010311165118627897	9	0.0007031143538557896	340	0.0005180167115403132	37	0.0006595192052616907	81	0.0010680627081602636	9	0.00213053555685093	6	0.0009038906062005916	9	0.000577475017944705	340	0.0005521041120159217	37	0.0005182126101322805	81	0.00026829999746288616	9	0.000545080495652537	6	0.0003664556712389171	9	0.00037983138279030647	340	0.0004303803107511989	37	0.0007031941546481798	81	0.00047826026338020127	9	0.0007723287991287797	6	0.0008749802949265253	9	0.0008014696981239154	340	0.0006744654009973587	37
3080	0.0008060163909215636	81	0.0006155363169092038	9	0.0008637868361907381	6	0.0011551510634180348	9	0.0006359783403454934	338	0.0007432297300474962	39	0.0007689476256293774	81	0.0011023513583736655	9	0.0017439082173543036	6	0.0009996044492341675	9	0.0005742561550922455	338	0.0005695786043033183	39	0.00046207163501572413	81	0.0004170375627325838	9	0.000583441100033878	6	0.00045200701520370926	9	0.0003115936769395944	338	0.0003556878186203016	39	0.0006622134760212442	81	0.0005197693154848245	9	0.0010422492352195212	6	0.0009967827722277976	9	0.0009242572302472987	338	0.0013013661076661572	39
3090	0.0008785537951522723	81	0.0008470946198435746	9	0.0009319326278941562	6	0.0009899229055201166	9	0.0007457847885390005	343	0.0009330222580487268	34	0.0008958051234203636	81	0.0012034383121097031	9	0.0028012582297695164	6	0.0009688419171306203	9	0.0005348884576469586	343	0.0005680457806450436	34	0.0004934155560010854	81	0.0003680808955046182	9	0.0005469703667240635	6	0.00043885874186479657	9	0.00032974939627120926	343	0.00042125959438722623	34	0.0007689773169276349	81	0.0008266643598742673	9	0.0008101197710623374	6	0.0007820215077316261	9	0.000694417092039297	343	0.0007131713424917583	34
3100	0.0008183330137241833	81	0.0009123794314421165	9	0.000981801937631344	6	0.0010788411482471755	9	0.0007390576520043331	334	0.0007429307079269533	43	0.0009283687164644357	81	0.0008552311087804272	9	0.001952717992295007	6	0.0012153300642419073	9	0.0007228991352843347	334	0.0007316062024568982	43	0.0006801124994632558	81	0.0007641717414647799	9	0.0006911495047861355	6	0.0008322613159392179	9	0.00047127410566579885	334	0.0006322544062538889	43	0.0006891040384849712	81	0.0005515534388371001	9	0.0009531143817704443	6	0.0004970908116904872	9	0.0008809273844877742	334	0.000638638448703118	43
3110	0.0009145526748942385	81	0.0014995652737322268	9	0.0010858896297676055	6	0.001252487655869747	9	0.0008464242611326237	339	0.0009281376332948728	38	0.00087716388670526	81	0.0011263548629863835	9	0.0019661918745388493	6	0.0011717116739225204	9	0.0005879640312357248	339	0.0006299767753324739	38	0.0006626614161293222	81	0.0003769473540548851	9	0.0015593560545160456	6	0.000658731866561037	9	0.00041971826890159215	339	0.00040775672128531533	38	0.0005944925755412141	81	0.00034563160735645967	9	0.001979692344042886	6	0.0007835726886365769	9	0.0006835486094006128	339	0.0011968463894754333	38
3120	0.0009644644987978233	81	0.0009686400886830568	9	0.001006727338624908	6	0.000991408570811588	9	0.0009805024097422558	340	0.0009755323500538587	37	0.0008137976353455522	81	0.001186869238660573	9	0.002181388813072246	6	0.0011873400648291712	9	0.0007196906154678203	340	0.0006882227539996621	37	0.0005889280777245954	81	0.0006030441458139914	9	0.0005712328630798255	6	0.0006511360097090361	9	0.0004646907531539026	340	0.00037995322207890836	37	0.0005131993913597659	81	0.0007173802322921704	9	0.0009933054062506812	6	0.0011842272890677935	9	0.0008693656982121698	340	0.0009037778169167934	37
3130	0.0009875273335196663	81	0.0006388672434953264	9	0.0005631870688350668	6	0.001232264411193029	9	0.0009115203595410708	338	0.0008686377031529311	39	0.0008429979473499611	81	0.0010568682207167633	9	0.0021501227518590416	6	0.0010505598695608191	9	0.0007344274018500689	338	0.0006373911368923059	39	0.0005221474064818469	81	0.0009176234790704097	9	0.0006231802096034178	6	0.0005064133013719574	9	0.00038083416080149195	338	0.0003385152223337019	39	0.0008261154730649423	81	0.0006821440447431419	9	0.0011791463180905821	6	0.0004768543485921994	9	0.0006795629641703542	338	0.0007525404800500014	39
3140	0.0008820178239614269	81	0.0008755552419550233	9	0.0019178306261246226	6	0.001341636545855488	9	0.0008714181068915125	346	0.0008557445674162701	31	0.0008708225653230281	81	0.0011900270505386112	9	0.0016837981004790877	6	0.001001707870606544	9	0.0007355511285883673	346	0.0007548259287480402	31	0.0006404474074872781	81	0.0005514781770143352	9	0.0007135082229303022	6	0.0006535245810206525	9	0.0005285114099770466	346	0.0005829246873308524	31	0.0006972257801275186	81	0.0002845032325123228	9	0.0008213471129553104	6	0.0011111465492862323	9	0.0009623360356119842	346	0.000648317416427544	31
3150	0.0008722300628734737	81	0.0012312555124454373	9	0.0010713901575556991	6	0.0012331006540974325	9	0.0008468890409042431	338	0.0007537523637451938	39	0.0008971684024141683	81	0.0014306007025258066	9	0.0021776803430626655	6	0.0008217394687393168	9	0.0006938020690293774	338	0.0005000993443456984	39	0.000634794795242101	81	0.0006227847451582109	9	0.0005359285418985145	6	0.0005962239296958052	9	0.0005306629137448989	338	0.0006425499319113832	39	0.0007713970928094844	81	0.000381029095065648	9	0.0007466233967848242	6	0.002291543176089057	9	0.0008081001777843447	338	0.0008968327253818867	39
3160	0.001142076721921074	81	0.0013344644490631745	9	0.0009463288101013611	6	0.0010528937090896774	9	0.0008741017677333391	343	0.0010731112350220132	34	0.0008992889640702083	81	0.0015751179519766234	9	0.0017378083430971251	6	0.0009994601542263836	9	0.0007086296515151841	343	0.0005619482999026433	34	0.000709629104169494	81	0.0004086409937500239	9	0.0010552974279435488	6	0.0010447806068974318	9	0.00046567793624321767	343	0.0006391945343218926	34	0.001492834893617143	81	0.0006179576134299474	9	0.0006761956838496514	6	0.0007834442203649663	9	0.000821263420697176	343	0.000975387721968228	34
3170	0.0008795630988737299	80	0.0008593410619328315	9	0.0010571165042436307	6	0.0008577844226223703	9	0.0007942745558378951	342	0.0008109014507204982	36	0.0008748961246316707	80	0.0009454803183382167	9	0.001606967164184023	6	0.0012199307566056379	9	0.000673159827789934	342	0.0006729929339640227	36	0.0006760457811015539	80	0.0004982340405380596	9	0.0010646046365387599	6	0.0007177689979557185	9	0.0004724472316085288	342	0.00048220726058498215	36	0.0010144231121140175	80	0.0011580753026794656	9	0.0016150378966614369	6	0.0013215940087292306	9	0.0010349720847026434	342	0.000987983648532314	36
3180	0.0009695308011624474	81	0.0012927212998794884	9	0.0010091432996472518	6	0.0010593676180065204	9	0.0009342441645496799	339	0.0010240237352206237	38	0.000906647705136255	81	0.0011365030438134523	9	0.0015173444093140778	6	0.0011623746091376762	9	0.0007191568299592513	339	0.0007481294678897187	38	0.0006116850028402861	81	0.0005326758630313227	9	0.0006129580205592036	6	0.0005381914651289423	9	0.0004978079229027528	339	0.0005855578588662762	38	0.0011819188794769818	81	0.0009429978652957326	9	0.0013479485232535974	6	0.0006197750762392586	9	0.0011453362180432333	339	0.0014387867221738679	38
3190	0.0009338618511101579	81	0.0008952291505156336	9	0.0008972148251431399	6	0.0009321833048525119	9	0.00093553521097594	338	0.0010436718251053644	39	0.0009700468281447284	81	0.0011733539826912743	9	0.0016212489657691325	6	0.0012787388677533075	9	0.0007566683708539481	338	0.0006781260575615525	39	0.0005274930080613149	81	0.00044954814921971186	9	0.0005037612803765167	6	0.0005650987512634136	9	0.0004612598186339398	338	0.0005173992825499347	39	0.0007809453488481076	81	0.0004599958999761503	9	0.000814930095569553	6	0.0005070648871890604	9	0.0010765163484289441	338	0.0008108665929725636	39
3200	0.0008047625024803908	81	0.0009015837614204841	9	0.0006350120197476272	6	0.0008634432787590536	9	0.0008434304669752183	349	0.0010122779804817954	28	0.0008164012830768422	81	0.0009460460756844078	9	0.0013104282758202197	6	0.0009402993032178041	9	0.0006787781727516574	349	0.0007714508550204065	28	0.0006121772918016549	81	0.00029268991742532446	9	0.0011110211762360219	6	0.00042009411829078904	9	0.0005101430714512901	349	0.0005158953724539662	28	0.000651632860989199	81	0.0003843435354429667	9	0.001219087956199505	6	0.0005763457253592928	9	0.000668205652795336	349	0.0010719874881498792	28
3210	0.0009217142660767631	81	0.0008144473882313795	9	0.0008576439671844337	6	0.0009433196060877615	9	0.0008589718058864356	344	0.000911197395756101	33	0.0008997748726322219	81	0.000828029804422591	9	0.001543795914774749	6	0.0012771577304360815	9	0.0008119863395804934	344	0.0008473746913733156	33	0.0006591748468932517	81	0.0005084294571061688	9	0.0009347394448600835	6	0.0006516785422140735	9	0.0005593372060499175	344	0.0005238599404061151	33	0.0007832579759602615	81	0.00034287902848347007	9	0.0005306251343590823	6	0.0005262474534432121	9	0.0011847441917813436	344	0.0011649135685768495	33
3220	0.0008252823745572149	81	0.0009232607465799235	9	0.0009599427218279786	6	0.0009425539904721153	9	0.0008768013115181075	344	0.0008603855496227181	33	0.0007123323478392927	81	0.0010859651614298586	9	0.0010555349288899972	6	0.0012999905720760194	9	0.0006391304249434354	344	0.0009616539624053034	33	0.000708218154386594	81	0.0006798199171693152	9	0.0008067333374183564	6	0.0005705689640713348	9	0.0005320092585287396	344	0.0006766802078651706	33	0.0008239054781152339	81	0.0005471544538872952	9	0.0010268025464340103	6	0.0004326539448533315	9	0.0009395982368184126	344	0.0013532690866048102	33
3230	0.0008539259388096453	81	0.0014828572690631391	9	0.0009670925461485497	6	0.0008467128081207152	9	0.0007904261375141911	338	0.0005560607768545339	39	0.0008712553148501027	81	0.0012806026106030788	9	0.001356531950929315	6	0.0009908106075446211	9	0.0006765530090611887	338	0.0008669449372729338	39	0.00048148646505651494	81	0.0004938523125503284	9	0.0003289913463789928	6	0.00033210783618702294	9	0.00038676555812811535	338	0.00041039276969121895	39	0.0008122051210520407	81	0.0008245336789315132	9	0.0011487099947906142	6	0.0008391483893219538	9	0.0009373128043274783	338	0.000934011944114964	39
3240	0.0009163515859457277	81	0.0012645022714286103	9	0.0011045708208982446	6	0.0009771127223118406	9	0.0008337658945904228	346	0.0008543114233567761	31	0.0008624177678521805	81	0.0012608273397101096	9	0.0014240970163542541	6	0.0010755132375211752	9	0.0006165146306198229	346	0.0006945447969463281	31	0.0005317282195836933	81	0.0005013293119060737	9	0.0006192290617706369	6	0.0006212665987159719	9	0.00039157729521963796	346	0.00046588042679345074	31	0.000967451741500564	81	0.0006400303046194028	9	0.0013745774255116607	6	0.0008618769283608814	9	0.0008981108456074922	346	0.0012169109956382935	31
3250	0.0009051676354218923	81	0.001627307032287269	9	0.0018165062659017284	6	0.0010368349776460454	9	0.0009392519113705139	342	0.001129737300349301	35	0.0008313481020346488	81	0.001108452086829417	9	0.0012985862252315426	6	0.0010454168721271877	9	0.000654229881284643	342	0.0008226734732082239	35	0.0005009017898554191	81	0.0007275610945522256	9	0.0005738956661528689	6	0.0005694111684403841	9	0.00042338563858798997	342	0.0005268896602722889	35	0.0008237959397578406	81	0.0007929790928953235	9	0.0008278435473667544	6	0.0015584518480087578	9	0.0008586943980134944	342	0.0008519429894887369	35
3260	0.0007533898153582625	81	0.001540309639333652	9	0.0007314061433764675	6	0.0009167027664114287	9	0.0007258829180306428	341	0.000883820667396579	36	0.0008014634938033725	81	0.0012418548721586944	9	0.0014390000142975366	6	0.0009628906097018401	9	0.0007658227746574209	341	0.000782647032871574	36	0.0005218258507153386	81	0.0003250383050491742	9	0.0004342547172196318	6	0.0006471339289699278	9	0.00039081092470141956	341	0.0004999382201668526	36	0.0009133691323760422	81	0.0004309176056370727	9	0.0010996237438626914	6	0.0009063377856540226	9	0.0011302713046366201	341	0.0007361636949930869	36
3270	0.000833969373567272	81	0.0009087451562505755	9	0.0014833829274658956	6	0.0010287557735181758	9	0.0007253307590775981	340	0.0010372501904504622	37	0.0008691483634073685	81	0.001025101283803087	9	0.0010405501710208608	6	0.001001259458673684	9	0.0007273076878769215	340	0.0006974009863822772	37	0.0006054992526038496	81	0.0004454647669591017	9	0.00045156404885848475	6	0.0005354262591459213	9	0.0004073593291224314	340	0.0003292333353834343	37	0.000589404286838881	81	0.0007082118532902957	9	0.001536557532217019	6	0.0008420969564496351	9	0.0008174551721536256	340	0.000833855200279967	37
3280	0.0008316170588528345	81	0.0012606922863289355	9	0.001166384083182704	6	0.0011505872855024646	9	0.0007643334760890116	341	0.0007490141716800942	36	0.0009549489529180523	81	0.0012761921843225902	9	0.0013807619283973582	6	0.0011351816203522054	9	0.0007590638463890239	341	0.0006386700770074353	36	0.0007204057118957556	81	0.000507623651002746	9	0.0005111778518667862	6	0.000902536659801903	9	0.000525968189909454	341	0.00044390229569045013	36	0.0007386397632261603	81	0.0005175097673345606	9	0.0009580871106530591	6	0.0009049885835790085	9	0.0006912875569300287	341	0.000627504170136201	36
3290	0.0008642330261330658	81	0.000979144161749913	9	0.001630491916388772	6	0.0008976429334243659	9	0.0008138370265996685	339	0.001176577987021668	38	0.0008466318926980294	81	0.0011769491282494092	9	0.0022175718671081624	6	0.0011348279558105105	9	0.0007577286654357761	339	0.0007546884201563179	38	0.0004900151186403255	81	0.000690769005813675	9	0.0005335039983743603	6	0.0006475165146475429	9	0.0004644671667431606	339	0.00039460106011090677	38	0.0008235063216005321	81	0.0013403765755258985	9	0.0007266719790345622	6	0.0009213220574527826	9	0.0008965683217916501	339	0.0009855587646868797	38
3300	0.0008086480456967297	81	0.0012404524529760605	9	0.0007932777742498913	6	0.000998212954111153	9	0.0007766925740148094	344	0.0007457580705823592	33	0.0010102562750219498	81	0.0012665277444034507	9	0.001964382961735214	6	0.001162781839254571	9	0.0006904445888479203	344	0.0007066976922604929	33	0.0005252646046429918	81	0.0005546061449366382	9	0.0003982317556106188	6	0.0004403569596337948	9	0.0003952427165855039	344	0.0004228142450030557	33	0.0010037045204012423	81	0.000526332203581701	9	0.0010022120337507105	6	0.0006228786066864085	9	0.0010873915546576237	344	0.0011957077553247267	33
3310	0.0010789691704331367	81	0.0014762415745551455	9	0.0016282549083097002	6	0.001374931030318255	9	0.0010582839164055657	343	0.001000422978232654	34	0.0008126518915975461	81	0.0010608330261059266	9	0.00151285283545477	6	0.0012425241140514233	9	0.0007881678306109243	343	0.0008151337152849716	34	0.0005046755416504974	81	0.0004513373218463652	9	0.0005203310409476032	6	0.0007407391786481895	9	0.0004402548546102648	343	0.0004484451795928604	34	0.0012460563124798555	81	0.00046282156546829164	9	0.0007144512418579826	6	0.0009424077403807845	9	0.001305530329272808	343	0.0010244684767536775	34
3320	0.0010315105322006796	81	0.0011469205855277808	9	0.001054407562754687	6	0.0012049102586961789	9	0.0009753481180730693	335	0.0009835543199106602	42	0.0009603884551053587	81	0.0009094921134859253	9	0.0018252330856559605	6	0.0014398909303760916	9	0.0008223984349413822	335	0.0007612223952385642	42	0.000610852005975725	81	0.0003453188018485168	9	0.0005005816974332318	6	0.0006453006537087059	9	0.00048358080886725963	335	0.0005506897323089681	42	0.0008629549075186518	81	0.00042717795283171944	9	0.000323277532667659	6	0.0008716619265669405	9	0.0009536635186541984	335	0.0006231868523278294	42
3330	0.0007607610335318762	81	0.0010687098636534254	9	0.0009088448368856867	6	0.0010996406582086675	9	0.0006693134626121905	343	0.000832548061671033	34	0.0007332408089619941	81	0.0008286111266598513	9	0.001417726300770363	6	0.00099557770881358	9	0.0006054024652330125	343	0.0006390399195761846	34	0.0004736479267367188	81	0.0009648667866489645	9	0.0010362781402832595	6	0.0010496136598794103	9	0.0004189498941250348	343	0.00040033143971447634	34	0.0006645295701155157	81	0.0005739419051470453	9	0.0005629701825698634	6	0.0005652809593813915	9	0.0006462213783622736	343	0.0006368439673502139	34
3340	0.0007487688178603373	81	0.0010959163356839654	9	0.0006723955114440364	6	0.0010408284623811435	9	0.000687467925197625	344	0.0006149252671240119	33	0.0007192458949927287	81	0.0011870193232314625	9	0.001238268305009526	6	0.0011556986388271751	9	0.0006526587345638781	344	0.0005977245665447337	33	0.0004883895682119348	81	0.0002994639479742312	9	0.0004260283291837227	6	0.0005740663724393306	9	0.0003492210500223218	344	0.0003022933262248017	33	0.001144096071190757	81	0.0009244800757993879	9	0.0009940357249351368	6	0.0011314567364843547	9	0.0010883940042325387	344	0.0013972404775522687	33
3350	0.0008427144594116536	81	0.0007855115373131376	9	0.0012233139943190836	6	0.001146978452955782	9	0.0007247933797278644	338	0.0008538206779556393	39	0.0007027288835297512	81	0.0011258911213031459	9	0.0012463771123624454	6	0.0010111852376583858	9	0.0005865075574589461	338	0.0007517618846096504	39	0.0006454250426696841	81	0.000592396449630983	9	0.0008329728393085782	6	0.0006935824814432166	9	0.0004639776036956149	338	0.0004954874357612217	39	0.0009508365419390806	81	0.0008843465755932057	9	0.0008815780011177239	6	0.0008023835159979234	9	0.0009500116448394532	338	0.000684132247378526	39
3360	0.000660117897224678	81	0.0008095687800014301	9	0.0008666346408052419	6	0.0006969129697789622	9	0.0006278032289391503	344	0.0005592238695434189	33	0.0007628884168400028	81	0.0010882322207550893	9	0.0010866025740414757	6	0.0009645944035548029	9	0.000621754368961686	344	0.0009497305412122747	33	0.0005187922466755507	81	0.0004740906505425394	9	0.00047585259422085977	6	0.0004345534652890989	9	0.0003595333698698843	344	0.0003562983564497652	33	0.0009388785394192538	81	0.0011165189183994378	9	0.0005563678844484138	6	0.003316233739954615	9	0.0006308097231657095	344	0.0006255801291719364	33
3370	0.0007833265549491259	81	0.0009328304129789474	9	0.0010110351714336132	6	0.0007542278079345631	9	0.0008050586024750027	344	0.0007883326970295533	33	0.0008342482768436882	81	0.0014960317137622783	9	0.0012118704127745878	6	0.0007620282805194012	9	0.0005823909442430465	344	0.0005642332286050456	33	0.00048004494284108635	81	0.0004314139551937339	9	0.0005810690031790466	6	0.00047213055548389415	9	0.0003151599592714046	344	0.0002688340336366983	33	0.0007571586675533458	81	0.000879798434232871	9	0.001112396692979535	6	0.001033813895201159	9	0.000815783877364302	344	0.0008343403675031412	33
3380	0.0006951399667203839	81	0.001048331249445574	9	0.0007215808963724878	6	0.0009167645884306538	9	0.0007382619717068018	341	0.0006188915281557716	36	0.0007907377650455595	81	0.001410049311496076	9	0.0011614110577182687	6	0.0009267200992872584	9	0.0006155232695020997	341	0.0007702166417124719	36	0.000537708054117826	81	0.0006793441708926833	9	0.0006391214259204398	6	0.0007037986491645718	9	0.00045682710427816773	341	0.00046487809210097594	36	0.0012025966290640198	81	0.0006776517562161837	9	0.0012842231209645846	6	0.000538869397086261	9	0.001074045712674945	341	0.0018078321217501886	36
3390	0.0008489737280162052	81	0.0009738737106371356	9	0.0011237089914138147	6	0.0016435439853799375	9	0.0007701137921715393	341	0.0009458829538197941	36	0.0008220598019986874	81	0.0014585958825950182	9	0.0009871171099450852	6	0.0009628251069326731	9	0.0005977746462432652	341	0.0006817884821727164	36	0.0007146342268924058	81	0.00039569627672944075	9	0.0006840174582285071	6	0.0008315300336597813	9	0.00043367159555077797	341	0.00039015577478244246	36	0.0013483804473673677	81	0.0022973108330809813	9	0.0007616032678628726	6	0.0010360708699125197	9	0.0009608938817270179	341	0.0011478464713977324	36
3400	0.0009389050416236781	81	0.001217045829516877	9	0.0011473488669920204	6	0.0010213299951163308	9	0.0008043706893015636	344	0.0008224258994170284	33	0.0007826295276874939	81	0.0010548003572429124	9	0.001548279236473725	6	0.0010075264598007959	9	0.00073093471147003	344	0.0007317697411925997	33	0.000510457702496859	81	0.0005199514962273241	9	0.00045053886952814594	6	0.0006233865702222138	9	0.0003998643697230489	344	0.0003693847099822513	33	0.0009309451809780277	81	0.0006274872202351283	9	0.0012567421253028932	6	0.000478165788053847	9	0.001018581370065772	344	0.0017986363645286975	33
3410	0.0008561753808987216	81	0.0013993844963489262	9	0.0009999874172145165	6	0.0011178938010527417	9	0.0008339886872519875	334	0.0009557811551862297	43	0.0007505104871082453	81	0.0011747079056997065	9	0.0018251482957528972	6	0.0010005327261646878	9	0.0006825187437930415	334	0.000671692624782932	43	0.0006189131409373834	81	0.001071558980761993	9	0.0008867178549535564	6	0.0006394310804546228	9	0.000440294709916886	334	0.0005167498085255096	43	0.0011893264195674117	81	0.0010898226763274997	9	0.0010291577191095028	6	0.0003308462561220115	9	0.0007696372719393543	334	0.0005838942690777935	43
3420	0.0007692696913451493	81	0.0006519935490467649	9	0.0005771320530425097	6	0.000779446567176313	9	0.0007712685148693423	342	0.0007054032149063038	35	0.0007763019542396508	81	0.0010068441673510278	9	0.001680357291449064	6	0.0015358014166035896	9	0.0006730801279715783	342	0.000632412540227914	35	0.0005392101755419047	81	0.00039147196241377466	9	0.0006281485369202034	6	0.0006261133393881886	9	0.00039572323809692543	342	0.0005660776069382817	35	0.0006979696029017924	81	0.00042826228337970815	9	0.0008698319348545747	6	0.0011223855684520082	9	0.0007518591168044822	342	0.0013833625210919638	35
3430	0.0009342495347698061	81	0.00124981614757582	9	0.0013048984958512668	6	0.001192631530620577	9	0.0008396300084040736	341	0.0006906454704724491	36	0.000692820666281286	81	0.0009048128667665924	9	0.001370635942048588	6	0.0010304181001719909	9	0.0006026464683014641	341	0.0006120483543371559	36	0.0007261475999004702	81	0.0005726389664204181	9	0.0008547369167959322	6	0.0005351678448581975	9	0.0005174753696056559	341	0.0005239540958122786	36	0.0004785504827982484	81	0.0006878167648125219	9	0.0004442783734564472	6	0.0006456407910980182	9	0.0005533469305204053	341	0.0006723094919039749	36
3440	0.0008600992614236075	81	0.0007849752053347213	9	0.0009697945510021367	6	0.0010999477383380211	9	0.0007635526224847738	343	0.0007880544254075516	34	0.0007796806572122085	81	0.0012119551305994636	9	0.0012321703408429187	6	0.0009925494134132647	9	0.0006758556746537492	343	0.0008647410760940068	34	0.000608710002986934	81	0.0005203840255677866	9	0.0007704175045715085	6	0.0003170154875364874	9	0.00045529739853868677	343	0.0003938734312554467	34	0.0006688343457537635	81	0.0005239729929360667	9	0.0013697143931295289	6	0.0005699727671651862	9	0.0007208630263118129	343	0.001017811474778778	34
3450	0.0006794278948941248	81	0.0007797396286122596	9	0.0006935684957317073	6	0.0009220260636631548	9	0.0006946199180334997	343	0.0007242559235894631	34	0.0009752233079925941	81	0.0012367424737364005	9	0.0012194869431597004	6	0.0008959136923878686	9	0.0007433997917816959	343	0.0007874605007319963	34	0.0005206609890571815	81	0.0007089214613356401	9	0.0008087020982030396	6	0.0005056254226134139	9	0.00042908673792403884	343	0.00041058379869533476	34	0.0009016268553259849	81	0.0007089138833411664	9	0.0010172409298758477	6	0.0008192165903638873	9	0.0007660002425830363	343	0.0008124443864036555	34
3460	0.0012004320782461851	81	0.0010179320687832968	9	0.0009372709315279912	6	0.001452351821577639	9	0.001048525197454366	339	0.0011366311942709016	38	0.0009267551180694153	81	0.0010543400087724567	9	0.0013475837643082108	6	0.0014099782781083418	9	0.0007089737534687229	339	0.0007125087098255198	38	0.0006102685087820563	81	0.0004943541958686443	9	0.0007355176329450581	6	0.0006769841570104456	9	0.00046390353735992386	339	0.0004466248406434314	38	0.001046108901694004	81	0.000860367857465294	9	0.0005659741736047171	6	0.0006918240853775098	9	0.0010661607796231267	339	0.0008651928774086924	38
3470	0.0010803310779394937	81	0.0009378270354495664	9	0.0007234553958634618	6	0.001188356347601717	9	0.0009830541231064301	343	0.0008334152059843691	34	0.0008381141719377643	81	0.0015309346173246177	9	0.0015173267818449302	6	0.000956559184489448	9	0.0007411539028618746	343	0.0009020632194905624	34	0.0007134906686334886	81	0.0006811642111897891	9	0.0005747707905008635	6	0.0008343384177589579	9	0.0005021972976007965	343	0.0005267602817645477	34	0.0007752947854269267	81	0.001118035408265335	9	0.00043236493491467516	6	0.00033796665613256645	9	0.0006363982717984319	343	0.0012894322547834193	34
3480	0.0008193290541911614	81	0.0008095399693911074	9	0.0007581676052308466	6	0.0018399640183348455	9	0.0008372805681405086	344	0.0008360788294692722	33	0.0007797155591962885	81	0.0009722015179212368	9	0.0014180978880811983	6	0.0009150486356031618	9	0.0006780135172574543	344	0.0007214413175062825	33	0.0007925535502942454	81	0.0006341074132157383	9	0.0006010344451757774	6	0.0007468035721978347	9	0.0005660500904215996	344	0.0007512962912533022	33	0.0008003817640028029	81	0.0011047096346889476	9	0.0017958955112921126	6	0.0005562495678396308	9	0.0007893831419608359	344	0.0013027683159025781	33
3490	0.001295337456768674	81	0.0016592901342218993	9	0.001126177633923426	6	0.0012073402444059177	9	0.0007956101189839639	337	0.0009894221255421355	40	0.0007447138359355063	81	0.0010888929327259509	9	0.0013623804969873762	6	0.001238972727829704	9	0.0007113323528461178	337	0.0007664496136983852	40	0.0007892170936426278	81	0.0004928846790596543	9	0.0005046955604192878	6	0.0005492525416469074	9	0.0006001773122135904	337	0.0006279595299848107	40	0.000707257594946242	81	0.0004860066196064081	9	0.0005884952435232534	6	0.0008294855357058057	9	0.0006525641644313507	337	0.0007193327210221281	40
3500	0.0008406085272490406	81	0.0007465402956240985	9	0.0008012661440411785	6	0.0008620048455201335	9	0.0007515847395611773	338	0.0007363597121243078	39	0.0008315775439490894	81	0.0006877592954284892	9	0.0014876613592679849	6	0.0012420771755686146	9	0.0006014700359488065	338	0.0006581142311931064	39	0.0005858207710866963	81	0.00039807526389920084	9	0.0008421139848695264	6	0.0006747738228153118	9	0.0004608631832529827	338	0.0005152081739900752	39	0.0007015667558324259	81	0.0006877962738210479	9	0.0005094125033960421	6	0.0006384240674913128	9	0.0009367614704103944	338	0.0010244987728640173	39
3510	0.0009505751987161226	81	0.001355722797764232	9	0.0007819870683755601	6	0.0012830012707232895	9	0.0008159362310349487	347	0.0007787990917519572	30	0.0007338466988153022	81	0.0011796013075555892	9	0.0012238646799388024	6	0.0009728039918595167	9	0.000700291136402517	347	0.0006479072379019837	30	0.0008380366898155162	81	0.0005263967292713984	9	0.0005465268467374893	6	0.00045226964285052524	9	0.0005118179222388583	347	0.00043875418957669974	30	0.0007220076393515371	81	0.0007433548855351234	9	0.0012255513789332052	6	0.0008563616453432786	9	0.0007547672189518596	347	0.0009021551946688621	30
3520	0.0009788225382670087	81	0.0012024374505875109	9	0.0009090567211931444	6	0.0010841783810055842	9	0.0008427252208187653	344	0.0007246122133385635	33	0.0008644427118778741	81	0.0009222717235507298	9	0.0011536506334271345	6	0.0007954753097879468	9	0.0006244490849824717	344	0.0006706241317731503	33	0.0007913202347955416	81	0.0004335398297830784	9	0.0006849690943932298	6	0.0007412707943866584	9	0.0005915993281454612	344	0.0007117139547899662	33	0.0010615356107406945	81	0.0004527949370332944	9	0.0015273451375475533	6	0.0007410662552566434	9	0.000766446353118783	344	0.00142194780378834	33
3530	0.0007682609731495491	81	0.0014282516738990912	9	0.0009122211079459283	6	0.0008355252258261768	9	0.000721201942844695	339	0.0009671129266453294	38	0.0007848866563846977	81	0.0010499931980289536	9	0.0010780326161193728	6	0.0009931436543649799	9	0.0006714867339696815	339	0.0006600554292776414	38	0.0006096272347149475	81	0.0005553273796216801	9	0.00030989454134770094	6	0.0005678670768939539	9	0.00042080030264377396	339	0.0005380256954283741	38	0.0005505795946341875	81	0.0002535600576148967	9	0.000691587786316275	6	0.0004244748801626784	9	0.0006345239903718707	339	0.000909745179656775	38
3540	0.0011120348933776974	81	0.0015319471731796422	9	0.0011458949023282542	6	0.0013620697393316459	9	0.0009309091447747011	344	0.001053292927599498	33	0.000736630641118227	81	0.0012719177463483252	9	0.0012448591182490157	6	0.0008618848971148703	9	0.0005460347998397406	344	0.0006613066120370444	33	0.0006374138516482249	81	0.0004465224549603605	9	0.0005457614936248455	6	0.00043012872134787835	9	0.000453406901122161	344	0.0003078302295995592	33	0.0008244605441890617	81	0.0006465105746812855	9	0.00020127604309391344	6	0.0009085644996039583	9	0.000751683299085887	344	0.0010863594977819436	33
3550	0.0008817570053861642	81	0.0007328312280617008	9	0.0009195165244984854	6	0.0012749942202276183	9	0.0009142034753250491	341	0.0008747179453016252	36	0.0009861658948001712	81	0.001255651786728846	9	0.0015064306969507725	6	0.001059896240797332	9	0.0006583895070793472	341	0.000661265466464864	36	0.0005002047425962286	81	0.0005916186358510903	9	0.0007335407763497935	6	0.0006848026960686344	9	0.00041260112451089987	341	0.0004511937058754759	36	0.0011435053970113701	81	0.0003217095560359072	9	0.0014661630303513245	6	0.0012356695818927792	9	0.0009847698272357557	341	0.0018589440512745915	36
3560	0.0007358309827919063	81	0.0008333402836203231	9	0.0009768468570782807	6	0.0007136033529001304	9	0.0007011201836501803	343	0.0007760210661192828	34	0.0008667080621925023	81	0.001081325043556441	9	0.0016431916115048307	6	0.0010610042907758703	9	0.0006787959578751065	343	0.0007398869216348975	34	0.0004779863002086565	81	0.0005876989495223076	9	0.0005832482776671404	6	0.0005724361513851513	9	0.00046264098859929287	343	0.00045917048672306757	34	0.0006527505418409654	81	0.0006540682452623331	9	0.0011879556199154396	6	0.0010961182936503491	9	0.0006722185600499879	343	0.0009423369605320774	34
3570	0.0006974027074225237	81	0.0005681365214572976	9	0.0008302702532619368	6	0.000656032532489738	9	0.0007021806282371887	342	0.0008109534746974106	35	0.0008069082114882879	81	0.0016023586225908442	9	0.0019715870365221728	6	0.0010549539036020248	9	0.0007268454858445842	342	0.0007769229629934214	35	0.0004942009141887579	81	0.0004442490549607054	9	0.0005985853073138043	6	0.0006702628146764216	9	0.0004187501405394989	342	0.0006243078451902207	35	0.0006520591577133974	81	0.0006116810543968893	9	0.0011000533252526878	6	0.00044730847634046625	9	0.0007092003835584473	342	0.0009171408674631113	35
3580	0.0009136433062038917	81	0.0009732151463199269	9	0.001108852895943492	6	0.0011344173723699148	9	0.0009126669503787453	338	0.0012111570015371673	39	0.0007506834901698917	81	0.0010906077604536275	9	0.0015493994316346717	6	0.001067346902395147	9	0.0005958872898995963	338	0.0007444536334956027	39	0.000494759781106114	81	0.0003848572061862386	9	0.0005404250146953722	6	0.0006299654883037996	9	0.0004629985596239158	338	0.00045322758201793493	39	0.0008285968352821629	81	0.001002682412771619	9	0.0012413888424640657	6	0.00097951659499526	9	0.0007991407819504038	338	0.0007699397922019564	39
3590	0.0007416088258914521	81	0.000820142384882792	9	0.0008869093624910156	6	0.0009561698038266607	9	0.0007864182564536923	346	0.0007037563377131158	31	0.0008203391352082488	81	0.0008529054174369428	9	0.001444586608973684	6	0.0012856731813342473	9	0.0005931865300857924	346	0.0006511575485239485	31	0.0005664918060845916	81	0.0006845871587446124	9	0.0006110559494144957	6	0.0004949073635582156	9	0.0004707881619843918	346	0.0004363191041150094	31	0.0009451283288879481	81	0.0006945335949148701	9	0.000998260180977764	6	0.0006541418808190977	9	0.0008956615481864361	346	0.0010292846936440546	31
3600	0.0010412700900169515	81	0.0011598484927201065	9	0.0008723781921652277	6	0.0011748151874084293	9	0.001025704100554421	342	0.00101488132739072	35	0.0008875201675058039	81	0.0011699795076905413	9	0.0007959414506007375	6	0.0010181214997639467	9	0.0006866732752161852	342	0.0007378387685718675	35	0.0005615787229184131	81	0.0005538280453760721	9	0.0007063155843817945	6	0.0005314738816722172	9	0.0003927033711234119	342	0.00042681271298385527	35	0.000765904785453156	81	0.0005548859522823918	9	0.0010949657182351496	6	0.0008881511993629218	9	0.0008503088968067403	342	0.0010457452214811635	35
3610	0.0008608377247456276	81	0.001444889869559273	9	0.0008208289196273759	6	0.0008354302786998569	9	0.0007643901458631427	343	0.0006502674037847725	34	0.0009143545803245092	81	0.0012519852090870423	9	0.0011505450226805926	6	0.0009119702190773719	9	0.0006686478889154573	343	0.0007836507402132664	34	0.0004116883686629807	81	0.00040679711843955306	9	0.0003877307169194969	6	0.0005809315726581682	9	0.00035124512756573134	343	0.0004845310266121774	34	0.000833305639502843	81	0.0006547303995680072	9	0.0008514930736532667	6	0.0008629419045931367	9	0.0009295017344179732	343	0.0011356138759740693	34
3620	0.0009020308790998652	81	0.000962807089695341	9	0.001088985017660933	6	0.001018407297830853	9	0.0009502650211178298	342	0.00099948178659912	35	0.0009519128389315534	81	0.0008065583107461771	9	0.0013361780919439097	6	0.0010012499270657894	9	0.0006499162583666828	342	0.0007278399006835929	35	0.00044629483960493627	81	0.0004472953287775041	9	0.0005838057266410996	6	0.0005967304750523812	9	0.00037877240341322235	342	0.0004625732198193756	35	0.0007532641341618818	81	0.0005456005602590251	9	0.0008510577093341331	6	0.0008577900811706485	9	0.0008867352587872141	342	0.0012769585208845565	35
3630	0.0008639551973975551	80	0.0009681307817420841	9	0.001244327209668652	6	0.001160806119177639	9	0.0008664077714755029	343	0.0010559911043118652	35	0.0006916957650812278	80	0.0009870931399141968	9	0.001572074652813069	6	0.000935007958157308	9	0.0006223728414888124	343	0.0006733149491708352	35	0.0005963048036280446	80	0.0005537761907049962	9	0.0004352155916159613	6	0.0005891325029185932	9	0.0003954898887865669	343	0.000374946920792146	35	0.0011378056500080367	80	0.0009810606525781221	9	0.0007717959138866698	6	0.001014454377720744	9	0.0012157758698368628	343	0.0014532691056196895	35
3640	0.0009444430532105199	81	0.000866709705127425	9	0.001184632445476901	6	0.001063041441015645	9	0.0008292320797973454	349	0.0007122779559201556	28	0.0007964832665313762	81	0.0014377247618166825	9	0.0015303737890633442	6	0.001259095087139001	9	0.0006516999681322515	349	0.0008705017541361037	28	0.0006275917182160942	81	0.0008228318338902121	9	0.0006699392199736831	6	0.0005782154652206856	9	0.0005144910000659487	349	0.0006534778880602089	28	0.0014977284455691983	81	0.0010789883059779796	9	0.0015934709662829615	6	0.001058874863321533	9	0.0010631282301675593	349	0.0014226161801835593	28
3650	0.0008658708440589418	81	0.001086268759666911	9	0.0010781693112761053	6	0.0015686696811848043	9	0.0008127193811176595	340	0.0008886789117819352	37	0.0008191444038081052	81	0.0011744155520728194	9	0.0012036760785959306	6	0.001158666391717353	9	0.00065226474060697	340	0.0006388566147566455	37	0.0005365892138534105	81	0.00048785785370085877	9	0.00041855187200659174	6	0.0005594346943446362	9	0.00040637897616296653	340	0.0003810524966468979	37	0.0009434752158271674	81	0.0012025026260133634	9	0.0018642228696542978	6	0.0003722073052103566	9	0.0007599861541571101	340	0.0008229830326194978	37
3660	0.0007821591748955146	81	0.0012906128422325667	9	0.0014429403501541671	6	0.0016573563616601894	9	0.0006204162033161021	343	0.0005494675330633735	34	0.0007598191181147623	81	0.0014022361565758934	9	0.0016810290991526155	6	0.0013367318549130352	9	0.0006779878596346585	343	0.000734998205424781	34	0.0005906902792577987	81	0.0005289781899810096	9	0.00035957962808782286	6	0.0005780967117175177	9	0.000422821298278989	343	0.0006040904681271974	34	0.0008494281455572937	81	0.000604934455760956	9	0.0010832213819308484	6	0.0007252493086135251	9	0.0010026350734450027	343	0.0011598428949820788	34
3670	0.0007353026793940416	81	0.0008823908543217989	9	0.000956643644079797	6	0.001017076041259562	9	0.0007183233706138475	341	0.0005623473093927463	36	0.0008037709391569233	81	0.0009959698410265316	9	0.0014919538692694807	6	0.0010841333815928983	9	0.0007218924953628704	341	0.000697934689651338	36	0.0006462138598220627	81	0.00043359400520552165	9	0.0004628839098107773	6	0.0005931740287274794	9	0.0005036370645263967	341	0.0005606508727704004	36	0.0010705640000087256	81	0.0006839270745828599	9	0.0020137046224637982	6	0.000509756361346298	9	0.0006859796707144535	341	0.0010579181059557565	36
3680	0.0007067438105666746	81	0.0007263739595114216	9	0.0014394766165044027	6	0.0010060154123160126	9	0.000708535294156078	339	0.0008449835243442005	38	0.0008097629162582367	81	0.0011280097673289661	9	0.0011230333000232216	6	0.0008939250177815932	9	0.0007029613089666045	339	0.0007861784677797068	38	0.0005400334418663997	81	0.0006178879985179819	9	0.00044377194666289166	6	0.0004846260272424966	9	0.00042138927246692363	339	0.0005114022203557984	38	0.0011667361071582946	81	0.0004278843066910353	9	0.0010156664841491786	6	0.0005892649763031578	9	0.001017407226346552	339	0.0008935272256702072	38
3690	0.0011036995327796662	81	0.0014527313714275782	9	0.0010253361600847401	6	0.0009147187714727432	9	0.001049147154621902	340	0.001121790231519726	37	0.0007991784849391372	81	0.0014566094480053771	9	0.0012689947209034253	6	0.0011264336984169662	9	0.0008164267975663491	340	0.0007995966729853461	37	0.0004775110165197643	81	0.0005273204647788762	9	0.0005781771754200306	6	0.0007782492790984715	9	0.0003978191822314552	340	0.0005474312806731515	37	0.00115720207248744	81	0.0010787042848135998	9	0.0010070749581275334	6	0.0006284323739738824	9	0.0014005898812015595	340	0.0014030947660737716	37
3700	0.0009032150779557772	81	0.001123259646036475	9	0.0006883929569337314	6	0.0009401610479726136	9	0.0008869643103069508	340	0.0008533158676877026	37	0.0007570887982816076	81	0.0012698346257015197	9	0.0009616378962965961	6	0.0007284108702086572	9	0.0007070670809173557	340	0.0007592078892865101	37	0.0005689942704139969	81	0.00030190496872752764	9	0.0005844637141157973	6	0.000491060015338851	9	0.0004521727633909164	340	0.0004612363869205855	37	0.0008281950770967268	81	0.00051587732564533	9	0.00029897766293440504	6	0.0007889094624756255	9	0.0008209292919619193	340	0.0007669515223945198	37
3710	0.0008401573807783521	81	0.0008755945471054043	9	0.0007377444588573342	6	0.0009674253376591001	9	0.0008100141543419768	343	0.0006668155138233847	34	0.0007890415903200031	81	0.0012744893051951716	9	0.001306673986412729	6	0.0011222531113378007	9	0.0006568822645074236	343	0.00080861086172699	34	0.00042198768687289306	81	0.0004848548781431959	9	0.0006330501994198347	6	0.00060651971708344	9	0.00039188148394654794	343	0.00041848975896108996	34	0.000922327047421614	81	0.00028039865357931535	9	0.0005270420563156603	6	0.0011751969285004463	9	0.001056278016479184	343	0.0011034910349236083	34
3720	0.0008651343323658266	81	0.0008040732102645138	9	0.0008116544640763999	6	0.0009020649528591516	9	0.0008135038355870191	340	0.0008722717300608293	37	0.000715541786600296	81	0.0008287367600918965	9	0.0010285583372777283	6	0.0013500644178305505	9	0.0005867231266427784	340	0.000543373261584841	37	0.000449147727870401	81	0.00046758699739855636	9	0.000686207908490524	6	0.0007167432102825603	9	0.0003651816102925604	340	0.00037692965619809166	37	0.001295245114924356	81	0.0005568185072345213	9	0.002583091621160664	6	0.0016628849288205906	9	0.0010451952533444078	340	0.0015171588551056027	37
3730	0.0007678633407417379	81	0.0007652751711512228	9	0.0009026020921904422	6	0.0010451618227397634	9	0.000722719286883387	342	0.0007935353647934082	35	0.0007592164340001115	81	0.0008456983992962577	9	0.001136761041933511	6	0.0008620045202954095	9	0.0006290094704322496	342	0.0007432230198237462	35	0.0005591084523233768	81	0.0004865441343209772	9	0.0007805077360730664	6	0.0004821413129699339	9	0.00045417810167586284	342	0.00039574394422734697	35	0.0010203438194251063	81	0.0004352593230552487	9	0.0006725754104672391	6	0.0006562828171745908	9	0.0009757125592812182	342	0.0009007075772114191	35
3740	0.0009732147755873024	81	0.0012010496419399463	9	0.0011259784717563956	6	0.0009624525418566439	9	0.0009697715869759713	345	0.0008971667739080373	32	0.0009107430961120523	81	0.0011049379466214837	9	0.0011211859267465849	6	0.0010998606519209125	9	0.0007588179565546559	345	0.000879226718278308	32	0.00045632982669169443	81	0.00042938477472932734	9	0.0006932630150304534	6	0.0009125389674691318	9	0.0003846911569934384	345	0.0004988850212292071	32	0.0007602560124658698	81	0.002023502799818297	9	0.00031927434306274865	6	0.0033568901477161717	9	0.0007373961981009405	345	0.000526889175592949	32
3750	0.0007166188601238993	81	0.0007988028402261553	9	0.0007923887844113363	6	0.0010500182481506671	9	0.0006740108538546433	347	0.0008039313089102804	30	0.0008026559303370317	81	0.0010721660849268852	9	0.001079850130912932	6	0.0010230212624066726	9	0.0005859111981184962	347	0.0005510895678552793	30	0.0004273013233949849	81	0.0004714944054898788	9	0.0006749277268174469	6	0.0005503624680465809	9	0.00037664296270692097	347	0.000402601307040846	30	0.0011257784430495396	81	0.0012684746870396837	9	0.0010797806507075384	6	0.0016050343311486018	9	0.0014133696590629854	347	0.0008722368559444295	30
3760	0.0008840148139637697	81	0.001138231687840678	9	0.0010941939914688962	6	0.0013900615365379182	9	0.0007822329753734431	342	0.000707497437460916	35	0.0007668068833313129	81	0.0013747538416131553	9	0.0011957208098104999	6	0.0010065653901160866	9	0.0006597712754476475	342	0.0006055274191040413	35	0.0004782162277932528	81	0.000364954499991232	9	0.0009391842191738909	6	0.0009829792586319923	9	0.0004154883563023258	342	0.0003585728042619859	35	0.0005607761535096359	81	0.00029904970060462305	9	0.00042210260344052963	6	0.0008524070264849749	9	0.0005313087761851983	342	0.0005672833803468978	35
3770	0.0006629653882784025	81	0.0008749808909039988	9	0.0010533894440487653	6	0.0008380716886159911	9	0.000627996366141958	346	0.0006111646647217272	31	0.0007008963624809723	81	0.0009877578851355021	9	0.0014110121486328767	6	0.0010078432113121059	9	0.0005629402193146075	346	0.0005960011889729406	31	0.0005503307290216917	81	0.0005382324925691117	9	0.0008486468170368205	6	0.0005707595294802154	9	0.0004464082604802654	346	0.0005134461190532819	31	0.000808019829493773	81	0.0007916897304172619	9	0.0008686865249303054	6	0.0009298169951812023	9	0.0008496711309587106	346	0.0006158502419961889	31
3780	0.0007174529355809748	81	0.001125781969157678	9	0.001117360653437622	6	0.0008395073337096048	9	0.0007550107141984631	340	0.0006837159355233486	37	0.0007135822236455808	81	0.0010800596042243576	9	0.0015407665808194698	6	0.0009764424448667362	9	0.0005248667545076	340	0.0005285641706863354	37	0.0006376893598780874	81	0.0005715708980236422	9	0.000905860856959003	6	0.0005988156932760445	9	0.00041159981479956876	340	0.0004233721272473421	37	0.0005979561288870436	81	0.000373560835887227	9	0.000616594428738114	6	0.000993535716102149	9	0.0006283018335784357	340	0.0005363436116780405	37
3790	0.0007992477986181567	81	0.000993196815950466	9	0.001154905023259368	6	0.0007651067753725609	9	0.0007905350056171964	340	0.0007696621514924985	37	0.0008063176250293869	81	0.0008828466282267052	9	0.0012602007628718084	6	0.0007592427547015149	9	0.000640490498884742	340	0.0004411673462433622	37	0.00048428365512563317	81	0.0007418713849457732	9	0.00037860510979611297	6	0.0005541981055263175	9	0.0003874337892506377	340	0.00037888409553709875	37	0.0007296817590645847	81	0.0008293677229275022	9	0.0012176403849556686	6	0.0005116382641759086	9	0.0008210953671734849	340	0.0005123172748841062	37
3800	0.0008663144462541844	81	0.0010291174037454598	9	0.0007392662079556191	6	0.000997148967254392	9	0.0007530991753886206	341	0.0005180837343773692	36	0.0009500502319086889	81	0.001236595296570441	9	0.0013438978265989333	6	0.0012326242812402987	9	0.0007011366132844295	341	0.0008110865496554678	36	0.0006376025356428615	81	0.0004414642124127303	9	0.0008186907590417384	6	0.00035407532745088246	9	0.00048425922297461123	341	0.0006017726227715299	36	0.0007513343534280498	81	0.0007264111675000905	9	0.0008938514429993769	6	0.0008765360657589768	9	0.0008150705358185692	341	0.0007415716891804181	36
3810	0.0008515026696368889	81	0.00096202732566342	9	0.00140930822441716	6	0.0008835915308660634	9	0.0008139454458111706	340	0.000833291391202089	37	0.0007920292138425311	81	0.0011819920861036314	9	0.0012288395585149095	6	0.001178273746443836	9	0.0006464449998802095	340	0.0005679764093540217	37	0.0006165763774983072	81	0.000617199313858499	9	0.0006227958047356599	6	0.0007228288654486062	9	0.00045231119246834774	340	0.00043375707584616615	37	0.001070717190362235	81	0.00019942596123089765	9	0.001553068306001465	6	0.0008241615864771471	9	0.0008794369682391877	340	0.0009963835578228628	37
3820	0.0007425496485912154	81	0.0011202886641355095	9	0.0009486156229267135	6	0.0008514519993812031	9	0.0007488548167098077	340	0.0006483554025229123	37	0.0008091331102417682	81	0.0008997076360947479	9	0.001400249916587015	6	0.0007033581709692733	9	0.000732190143147665	340	0.0005888109659839517	37	0.000604166875760056	81	0.00039235777968397393	9	0.0005925195503202279	6	0.0005479737755661185	9	0.0004455048844053389	340	0.00038808666087265635	37	0.0007876497152219025	81	0.0012873982593787263	9	0.0008965498896516726	6	0.002769017997495412	9	0.000889886099916385	340	0.0010858265631482605	37
3830	0.0006298207835845918	81	0.0010496871758698353	9	0.0008342267583605996	6	0.0009256455677347768	9	0.0007509459366264183	343	0.0007088134613911227	34	0.0008432767822283837	81	0.0011296589084512673	9	0.001100551501130156	6	0.0009004911340995272	9	0.0006399559145034937	343	0.0005399974000940014	34	0.0005745720210217449	81	0.0003313806146394255	9	0.0007041635187079999	6	0.0005297029010037572	9	0.0004442600830642764	343	0.0004715249977779824	34	0.0006192122661010018	81	0.000596677753353031	9	0.0006705384009718791	6	0.0008839083682884558	9	0.0008158427898379646	343	0.0016057610419917742	34
3840	0.0008454869433423492	81	0.001086636945552812	9	0.0012911006174243555	6	0.0007462817474943572	9	0.0007601260270601241	344	0.0006509744839077008	33	0.0010299587483517992	81	0.0012019019515970345	9	0.001213549720193334	6	0.0011228037696105477	9	0.0007728339608542911	344	0.0011070679754475996	33	0.0004956222063078253	81	0.0008246830905813212	9	0.00043081594824150217	6	0.00041172627743359455	9	0.000404213212105078	344	0.0003669401675846299	33	0.0007883350798422034	81	0.0005582369395944043	9	0.0011327217756266228	6	0.0005780093914567726	9	0.0008282691507431873	344	0.001044154627696523	33
3850	0.0009980489401311989	81	0.001272859425291631	9	0.0010793678322768314	6	0.0015059918115806926	9	0.0009393166639484701	347	0.0009631353517659302	30	0.0008202952422730806	81	0.0012881817924222157	9	0.0010427086503387748	6	0.0010748076702226266	9	0.0006106869670492929	347	0.0005901321796045945	30	0.0005788621867149201	81	0.0004703653505907153	9	0.0005590135687911815	6	0.00050858808253233	9	0.0005425575579342035	347	0.0005079156830552538	30	0.0007430312132048292	81	0.00013327785426907963	9	0.000916674876111291	6	0.0009731145910519619	9	0.0005564642593385182	347	0.0014161496280208556	30
3860	0.0011547540735603128	81	0.001118987503459664	9	0.0007674443548363158	6	0.0010872008641927336	9	0.0010748086872904496	343	0.0011333680048794797	34	0.000954322546409551	81	0.0012517405110760709	9	0.0015652375807008068	6	0.0010766788457429101	9	0.0007674715281175932	343	0.0006673902923645678	34	0.0004857499025396265	81	0.000419571129082719	9	0.0006190487583474318	6	0.00046193054058567994	9	0.0004388103247920201	343	0.000452938666636302	34	0.000960303071727483	81	0.0009543390858929995	9	0.001064283333193813	6	0.001024786757491001	9	0.0009771593479897518	343	0.0010693116183906348	34
3870	0.0009506519000635358	81	0.0015427358643823777	9	0.0007726787813038027	6	0.0012257895135833507	9	0.0008538223196717888	345	0.000686153398193082	32	0.0009222512559085104	81	0.0010034507477465553	9	0.0013025844180981217	6	0.001206420618986414	9	0.0007062658027157045	345	0.0007307126943299974	32	0.000536517737894602	81	0.0007829631527030052	9	0.0007877305975223089	6	0.0006177834412315327	9	0.000492212007643923	345	0.0005085199805706947	32	0.0007012225411770916	81	0.0004980328583900129	9	0.0006813440161131575	6	0.0005944874571120374	9	0.0005712486472246074	345	0.0009431737042619909	32
3880	0.0010276596936594524	81	0.001054784992919193	9	0.0006784902832347978	6	0.0010456930000123615	9	0.0007858771497799991	342	0.0008356298549330029	35	0.0010026076012953741	81	0.0011788669562068303	9	0.002120231283757125	6	0.0012112640516121086	9	0.0006616741056063406	342	0.0009352536830985489	35	0.0006577042387267193	81	0.0004217550667015487	9	0.000931518771245583	6	0.0008016256157640571	9	0.00041900491000235396	342	0.0003988862879512267	35	0.0009375877868630083	81	0.0007301964357285829	9	0.0014734482994494572	6	0.0012513381776087283	9	0.0008257136493683162	342	0.0010466112791505488	35
3890	0.0010057591885128966	81	0.0009825814333262219	9	0.0012554638089306248	6	0.0009310063927792837	9	0.0010413769543785986	341	0.001223676490344865	36	0.000688180720418561	81	0.0012510568413425529	9	0.0008688510117362197	6	0.0010314736317540577	9	0.00047299730671875246	341	0.0007613315329104747	36	0.0005646744426088776	81	0.0005383306915894554	9	0.000787799076074425	6	0.0006889929833070572	9	0.00047668261092921984	341	0.00045946858506206004	36	0.0008274114535628457	81	0.0008970233475921185	9	0.0008880775051741899	6	0.001038937040050565	9	0.0010495064487304453	341	0.001113627141293236	36
3900	0.0009665574202036391	81	0.0009103950310157942	9	0.0010253590745402004	6	0.0009829529008464903	9	0.0009028946569943631	345	0.0009416632654419046	32	0.0008919309906771836	81	0.0009985037378978977	9	0.0010898336563292818	6	0.001256143390470481	9	0.0006627714027395661	345	0.0008599013921579383	32	0.0006779201756292701	81	0.0005910924723076607	9	0.0006448359708779438	6	0.0004814247391167833	9	0.0004961932872695758	345	0.000442803014758685	32	0.0007732519175457999	81	0.0009459437692498282	9	0.0009879017938800954	6	0.0009185646336720895	9	0.000797954419526745	345	0.0009461432938751779	32
3910	0.0010672192182193253	81	0.0008772633166311766	9	0.0008287992415725434	6	0.0009230763538520909	9	0.0009219656849771756	349	0.0008415366288260387	28	0.0008078315049200743	81	0.0012307937159770185	9	0.001511683510822054	6	0.001008217524037931	9	0.0007315790449919739	349	0.0007927312068542516	28	0.000727409015619597	81	0.0007273289097170763	9	0.0005340714885854531	6	0.0005566733847960884	9	0.0005801314355895279	349	0.00043459297830892625	28	0.000746553750168232	81	0.0007048924776245212	9	0.0011368834043751772	6	0.0010576804387533159	9	0.0008066742892844237	349	0.0008432796074480167	28
3920	0.0010112255952147747	81	0.00096915737259424	9	0.0007976656313031529	6	0.000985430457903686	9	0.0009927400792837065	341	0.0010309388612917874	36	0.0009153555242372733	81	0.0011958991464339334	9	0.0015199311041575092	6	0.0010654399924177643	9	0.0007816457112458014	341	0.0008397059660095837	36	0.0006996751834769003	81	0.0005887400317489405	9	0.0010494728267923879	6	0.0006685659395874337	9	0.0004962968962940579	341	0.00041036360635444535	36	0.000884631852240186	81	0.0002519632765698869	9	0.0011882806370064798	6	0.0006352984324853226	9	0.0016080142751204866	341	0.0009195842762286536	36
3930	0.0010133490937391009	81	0.0009747049314561869	9	0.0009668580677579239	6	0.0010510993764556685	9	0.0009408328832796593	344	0.0009942747880524324	33	0.000804023217342721	81	0.0007987570013422336	9	0.0012588590174617612	6	0.0009594293508909396	9	0.000632377539717207	344	0.000806670004859531	33	0.0006034586426897989	81	0.0005887036851031938	9	0.0007218851211588919	6	0.0006149824984670055	9	0.000484924244241226	344	0.0005736371818569806	33	0.0011564166643854886	81	0.0012213677868193672	9	0.0021603099565451456	6	0.0011154206675367706	9	0.0013711844819305251	344	0.0011540295334929395	33
3940	0.000970643847595669	81	0.0017535834413175044	9	0.0008051535082249485	6	0.001206572542246983	9	0.0009704073600446521	346	0.0008857488173592958	31	0.000818974716092615	81	0.0014629682981451356	9	0.0015757396366951303	6	0.0010076570689104242	9	0.0006694578669323063	346	0.0007999097621903687	31	0.000550254488195141	81	0.0005915952404659334	9	0.00056898370383997	6	0.0006018249582730493	9	0.0004004428539963383	346	0.00045082140250226856	31	0.0013338874743929943	81	0.00062009068646212	9	0.0022617448336282194	6	0.0008809695424956286	9	0.0009306014222925969	346	0.001098078273734092	31
3950	0.0012689940898329474	81	0.0017918803696532987	9	0.0010672524038431933	6	0.0011720697667344051	9	0.000917871283464358	342	0.0012314786654197287	35	0.0008231241595500004	81	0.0012289914822457115	9	0.0013246716865238702	6	0.001227945326901104	9	0.0007646641464196122	342	0.000843883056982858	35	0.0005399324826249036	81	0.0005392057935012586	9	0.0009916522456078591	6	0.0007110990509457008	9	0.0004513388758040832	342	0.0004159855587691227	35	0.0007779684336270072	81	0.0007183898188752474	9	0.0018625524650069845	6	0.0005004220238677915	9	0.0006820891015153055	342	0.0011190206177681282	35
3960	0.0008451885884887205	81	0.0009823319374116421	9	0.0004385701730240655	6	0.0012299967270499846	9	0.0007551947710815126	337	0.0007413184580044106	40	0.000739155814459237	81	0.0012075512001202494	9	0.001124847254087971	6	0.0014746798136292703	9	0.0006647887572600431	337	0.0005819761138911113	40	0.0007095877061407491	81	0.0006600470187486737	9	0.0005115494333130579	6	0.0004568790568825398	9	0.0004675342220865948	337	0.00040652254032798145	40	0.0008892499667632042	81	0.0006052127396163865	9	0.0012398971368507	6	0.00139780102864144	9	0.0010573395182089072	337	0.0010704169004018957	40
3970	0.0007643687542476039	81	0.0010346254197718388	9	0.0010716192011178346	6	0.0013502716386999739	9	0.0008443823515043408	348	0.0007501994505071937	29	0.0007507388549862608	81	0.0007972057790859915	9	0.001182186168127303	6	0.0013842355369776346	9	0.0007528460669518303	348	0.0007651101557196973	29	0.0007342589453501883	81	0.0006056673048525195	9	0.0006546201473530965	6	0.000832545326025653	9	0.0005415320176624692	348	0.00037602295319157656	29	0.0012701890578272852	81	0.0013586847629044963	9	0.0007232572113743807	6	0.001030750093791544	9	0.001312988762628149	348	0.0019485819686443993	29
3980	0.0006888256865346148	81	0.000880142352329674	9	0.0008027964196854089	6	0.0008247321492878602	9	0.0007123882326395002	336	0.0008071427656027169	41	0.0008278419619783767	81	0.001667436886173196	9	0.0011825509747171697	6	0.0007310869946011416	9	0.0006693033060765348	336	0.0007044185786829562	41	0.000735689360988063	81	0.0004906555504760399	9	0.0005769735677748092	6	0.0006595373931833826	9	0.0004892068213970065	336	0.0004920721559733532	41	0.0007227532234660637	81	0.00046521300678380493	9	0.0009054076260968557	6	0.0005003809042220662	9	0.0007119226189794372	336	0.0006648536177919501	41
3990	0.00085692167281549	81	0.0009865066186348073	9	0.0014362189631613182	6	0.001269696576267016	9	0.0008277503595356929	347	0.0007214334880440637	30	0.0006680549594454011	81	0.0011040843007570165	9	0.001283202326380251	6	0.0009755597139620535	9	0.000585642515481663	347	0.0009598844773895538	30	0.00045676868584191904	81	0.0004059344309246961	9	0.0010587633561638644	6	0.0004467955745618955	9	0.00039341665097821676	347	0.0005151661512705856	30	0.0010132208118332677	81	0.001326091328666737	9	0.002136742831859533	6	0.0003616368920167068	9	0.0008869859792230558	347	0.0006086220909642375	30
4000	0.0006771007943744752	81	0.0009756121981327666	9	0.0008241789715098353	6	0.0009058661388051462	9	0.0007288517605303111	340	0.0006038357487959233	37	0.0007006821845714226	81	0.0013186457130433154	9	0.0011282060129037925	6	0.0008264721915537215	9	0.0005875226711259196	340	0.0006041352399268906	37	0.00048277869819891747	81	0.0004619873050048707	9	0.00041802451862233466	6	0.0005827991213376862	9	0.0003963071621682961	340	0.0003673293131908527	37	0.0011517115329651411	81	0.0007401509790627328	9	0.001756388772999061	6	0.0013046222048747858	9	0.0010686040344475495	340	0.0009273362438481197	37
4010	0.0007990617966015269	81	0.0007803848618012113	9	0.0008110937322401804	6	0.0006923173281692075	9	0.0007355641655899644	344	0.0008157179567695859	33	0.000848279851776007	81	0.001518393670416643	9	0.00160679412716496	6	0.001139650920179533	9	0.0006529532524309158	344	0.0008663362029138167	33	0.0005074593720344743	81	0.0005063397893130495	9	0.000694358206644962	6	0.0006667608650156008	9	0.0004431209596142648	344	0.00044348081953365145	33	0.0010850571703463641	81	0.00026048245769864307	9	0.0006636991947134137	6	0.0005832834567522988	9	0.0012179802462393614	344	0.001126663350683187	33
4020	0.0009113192845842064	81	0.001193763618227954	9	0.001140842931249341	6	0.000938517684042364	9	0.0008603142244026144	344	0.0008209418663138738	33	0.0008325859736065331	81	0.0012049447635936786	9	0.0012463136231014645	6	0.0010423583907257022	9	0.0006071496067598803	344	0.0008337398053501546	33	0.0004946958904706037	81	0.00038908971285319766	9	0.001378988366415891	6	0.0008028088786343161	9	0.0005201962046788144	344	0.000435543377983147	33	0.0010271566441820627	81	0.0007394605062674281	9	0.0008813237815232744	6	0.0009684382209006626	9	0.0011804859006042867	344	0.0014157483373822767	33
4030	0.000772206888970448	81	0.001023269500352213	9	0.000626938700208478	6	0.0007235845335566719	9	0.0008421042445692447	345	0.0008469183645969983	32	0.0008863246668451341	81	0.0015552000835849494	9	0.001483516039714171	6	0.0008579816897170461	9	0.0006800035413519057	345	0.000801738365616998	32	0.000645792761781471	81	0.0009907746482664588	9	0.0009619848283989639	6	0.0004811525584760968	9	0.0004274324886181867	345	0.0005932192807544855	32	0.0007224303987144704	81	0.0005964351656232386	9	0.001630449239372665	6	0.0009029872982653127	9	0.0010062930590294748	345	0.0009878729260685468	32
4040	0.0007884847825032842	81	0.0009491582166927929	9	0.0006995148481742982	6	0.0008033259100828379	9	0.0007883695151947292	348	0.0006897765753597506	29	0.0008485592807019037	81	0.001475065875373133	9	0.001355733097493931	6	0.0008863651618517312	9	0.0007036220960372988	348	0.0007614987806851165	29	0.0004937511511645042	81	0.0005045148537025582	9	0.0005817045614773127	6	0.0007116592265292333	9	0.00038887804193005226	348	0.00030812564391786924	29	0.0011447805775943302	81	0.0008393000220626445	9	0.0011169394493013116	6	0.001191131963463589	9	0.0010167350996568385	348	0.0009956706107048768	29
4050	0.0007147010677534683	81	0.0008519950226569443	9	0.000877076570792239	6	0.0007540834632881839	9	0.0006334027847099172	341	0.0006710143213202401	36	0.0008267504049108275	81	0.001201746502789616	9	0.0017970364391648825	6	0.001131161807313045	9	0.0005473665678346665	341	0.0008755435360228234	36	0.0005726661956782376	81	0.0005927104408534391	9	0.00038729478737847036	6	0.0005312464444643256	9	0.000391805977517942	341	0.00049002127278694	36	0.00048341535917585475	81	0.0005771306977283807	9	0.0005069614958443457	6	0.0005188026944359409	9	0.0004811794791296048	341	0.0005365044408498324	36
4060	0.0007875527026817942	81	0.0013109985434587039	9	0.0008137937051036127	6	0.0012099608741508523	9	0.0007160987545767448	342	0.0007406576117568087	35	0.000842388784747613	81	0.0009685705516554289	9	0.0012691351072530584	6	0.0009624391842104613	9	0.0006761584185275539	342	0.0006344509889579008	35	0.0005412087845719508	81	0.0006035761643376811	9	0.0007824870612789372	6	0.0005440456683701738	9	0.00039982890546382883	342	0.0005006097147596504	35	0.0009540107075403231	81	0.001229349400860892	9	0.001144149690474101	6	0.0007760454810204717	9	0.0009276620865919379	342	0.0007981291422358202	35
4070	0.0008423662524512178	81	0.0008481142656969684	9	0.0005905233743676507	6	0.0011195873625287711	9	0.000814206275162293	352	0.0010160223040951554	25	0.0007502855501278193	81	0.001273012146354054	9	0.0011312663163394012	6	0.0015340630272381848	9	0.0006154463128491421	352	0.0006370668676294799	25	0.0005056868704278937	81	0.0004776443201589868	9	0.0007065900453887375	6	0.0006875446133195969	9	0.0004518300362339311	352	0.00038620776327000504	25	0.0007193587926457132	81	0.000747116634150157	9	0.0007831058024273212	6	0.0006597304672228406	9	0.0007108216928379904	352	0.0005848735982449355	25
4080	0.0007619730171142137	81	0.000924361495929318	9	0.0005122503559203651	6	0.000788481675668978	9	0.0006862878205573376	344	0.0007837154776229936	33	0.0007849541107317547	81	0.0013841317714014159	9	0.001966348667036819	6	0.0014341380781232507	9	0.0005992786383952678	344	0.0007367682413204539	33	0.0004654241070815222	81	0.0005730991110020402	9	0.00032218366035509724	6	0.0005168121522296733	9	0.0003714993689502579	344	0.00046891794212082613	33	0.0007350610788217969	81	0.0007173839347678104	9	0.0008940698820688585	6	0.0007292692353383181	9	0.0008261528933280458	344	0.0008913687829756356	33
4090	0.0010462854621998555	81	0.001474335976740679	9	0.0010095395745833196	6	0.001126630002211011	9	0.000900050439900466	345	0.0008396331885252002	32	0.0008666340050239624	81	0.0013581146343576783	9	0.0020853586419749518	6	0.0009540461360566935	9	0.0006696838446295144	345	0.0007104050584449445	32	0.0005320732908356614	81	0.000719419825389582	9	0.0008138345148012748	6	0.0005784446902125172	9	0.00045746961691034644	345	0.00045887652503743013	32	0.001086777201661101	81	0.0008352150354899114	9	0.001448958423206854	6	0.0008463591817457563	9	0.0009241609737112413	345	0.0010200574556402543	32
4100	0.000978008734766243	81	0.0006713693832151628	9	0.0008680450238199381	6	0.0017724849643525444	9	0.0007576271379066453	343	0.0007808845502822324	34	0.0009115164946007202	81	0.001189706665213143	9	0.001727737987914317	6	0.001521621823155421	9	0.0007188605548344551	343	0.0007596524094890003	34	0.0005239964248753662	81	0.0004121561155263287	9	0.0006733333563734164	6	0.0004700024177986952	9	0.00046578914396280173	343	0.00032803094488262835	34	0.000840263913056197	81	0.0005409188080822023	9	0.0009033868211216384	6	0.0005648300371427154	9	0.0009579682572076373	343	0.0010381945145990178	34
4110	0.0009629808246196989	81	0.0012822693626511454	9	0.0008321345743713997	6	0.0012881400804867957	9	0.0009729103248450702	342	0.0008971332168536621	35	0.0007263422512517202	81	0.0012127754748950939	9	0.0018126410733951175	6	0.0010565041614098221	9	0.0006147067542125586	342	0.0008143793270257698	35	0.0006613419604872225	81	0.0005439505813560668	9	0.0006219212977087189	6	0.0006729218761995776	9	0.0005460833485677023	342	0.0005821059627454095	35	0.0010907324343309873	81	0.0013211060051829446	9	0.00233173714400697	6	0.0007086911545545155	9	0.0012717160061621019	342	0.001542829621727748	35
4120	0.0008522231985640517	81	0.0005756410973196433	9	0.0007830632205923683	6	0.0011597924654351657	9	0.0007476496354656514	339	0.0008374925024957459	38	0.000737734717464611	81	0.0009136156693308872	9	0.0014921246251138982	6	0.00124901255155129	9	0.0006197125342094461	339	0.0007719068540704732	38	0.0005477230199970008	81	0.0003826354139031677	9	0.0007048416218063958	6	0.0005496220367939616	9	0.00046606149516687596	339	0.0003753285674419818	38	0.0010681640869100897	81	0.0004756014719740801	9	0.0006493567943471743	6	0.0007540051356398219	9	0.0008770435156648718	339	0.0008315354487121975	38
4130	0.0008304387122694555	81	0.0012058120822998682	9	0.0014307254075549627	6	0.0008209454017469721	9	0.0008601765419415546	346	0.0007133981969542899	31	0.0009544223435725572	81	0.001212168881250121	9	0.00100976968763129	6	0.0009621797412749775	9	0.0006599737647522051	346	0.0008447530447695008	31	0.0006604466638693375	81	0.0005824253321612869	9	0.000836146428775084	6	0.0006545543817367772	9	0.0004918330400924107	346	0.0005661278047599673	31	0.0005898803603398071	81	0.0015548445838718655	9	0.0008050275400999584	6	0.0004643886637795235	9	0.000851737933160362	346	0.0010882613098348404	31
4140	0.0006324634518613784	81	0.0009288865782596235	9	0.0009150461076664764	6	0.0005699331667353975	9	0.000656452680738985	337	0.0006202461412521678	40	0.0007503324625319453	81	0.0011067584652757073	9	0.0012924056544828435	6	0.0009424382374187807	9	0.0005969761822494379	337	0.0007007585905006397	40	0.0005344487665721131	81	0.0004362871265582524	9	0.00040431734807050814	6	0.0005581276065230662	9	0.0004774282982536529	337	0.0004035023567389655	40	0.0006969107149093512	81	0.00018751106236253635	9	0.0007292180125070582	6	0.0005633957005083452	9	0.000704943650334569	337	0.00040814641712722097	40
4150	0.0008804855822244109	81	0.0012703416069564434	9	0.00036624173324903154	6	0.0013865096731112503	9	0.0007178450805198948	339	0.0008073101289583955	38	0.0008256298298091746	81	0.001272550661501226	9	0.001859254133848775	6	0.0007833459175656985	9	0.0006211062235039683	339	0.0006250732527984741	38	0.0005418398704819933	81	0.00046497659573483297	9	0.0005291106322897585	6	0.00036780835329738973	9	0.00047082554725864337	339	0.0005359765443551589	38	0.0011740467641038889	81	0.0012664779832744439	9	0.0005981199052285357	6	0.0005464409379544376	9	0.0009269946692938803	339	0.0016986613189641194	38
4160	0.0010938581574448229	81	0.0016104498157805908	9	0.0013452557348415898	6	0.0010351400954265381	9	0.0007644751759882735	338	0.0007993905592186473	39	0.0007599955682678931	81	0.0011047404418175347	9	0.0014759346268083476	6	0.0010007582727030921	9	0.0007433055399067036	338	0.0009013399309263378	39	0.0005416448003206365	81	0.00044512880442099047	9	0.0009272901922659241	6	0.00042553870550776163	9	0.0004485287713114068	338	0.00039706184502124437	39	0.0008672248275375268	81	0.00048314421841523107	9	0.0006820220474452457	6	0.000653833077013739	9	0.0007966911038722076	338	0.0012923309585283808	39
4170	0.0010546169483599858	81	0.0009244493504915728	9	0.001994139908865365	6	0.001411842466896852	9	0.0009400480587507766	339	0.0010868279163862116	38	0.0009768990617527015	81	0.0012413102045567173	9	0.0010819495418549323	6	0.0013919930365551337	9	0.000753315827377821	339	0.0008641051909051655	38	0.0005540773191592038	81	0.0003863462714439729	9	0.0006081865352607763	6	0.0006680399181382564	9	0.00040348933131816636	339	0.00046262046238677325	38	0.0007764477862732375	81	0.0007639661789781986	9	0.0008572283038327926	6	0.0005326622112042827	9	0.0008194096727336312	339	0.0007770631252948726	38
4180	0.0010247586571410722	81	0.0010961640702606072	9	0.0012196863927499864	6	0.001286203676558155	9	0.0009538531843099235	343	0.001001538258957318	34	0.0009332899148492025	81	0.0012738734168686212	9	0.0021660317482038584	6	0.0009192221595028531	9	0.0008106616125313145	343	0.0005188901670749407	34	0.00048146773926022987	81	0.00030191476233370617	9	0.00035241790257551465	6	0.00041367679830397054	9	0.00032804669729281113	343	0.0003793117872466314	34	0.001353207153541781	81	0.0008418942081373043	9	0.0004184710701036344	6	0.0005647918227103306	9	0.0009940127373497334	343	0.0014387259719062175	34
4190	0.0009599747118752726	81	0.0014037362948782868	9	0.0006207233821018463	6	0.0010843731082477203	9	0.0008897307809259809	349	0.0009877112636529385	28	0.000897130884068714	81	0.001910968425754447	9	0.0011204997202909478	6	0.0010367489704773817	9	0.0006774312754941831	349	0.0007278329703978356	28	0.0005806947134223663	81	0.0004379915347696012	9	0.0006007038189329595	6	0.0005988490432609186	9	0.0004448756935392293	349	0.00043023766406274396	28	0.000709503730841256	81	0.0002917179929103084	9	0.0010099947447852872	6	0.0005173394055880674	9	0.0007502791377444766	349	0.0007182027011568646	28
4200	0.0008379318116025219	81	0.0007320616360194788	9	0.0006787467492310982	6	0.0009323861937022153	9	0.000687331375443995	347	0.0005189570817505294	30	0.0008089956155890188	81	0.0011252057885306813	9	0.0011952526207185956	6	0.000890783248396808	9	0.0006652855621436649	347	0.0007139929853372639	30	0.000600563943375746	81	0.0005416490845278789	9	0.0009173053238307714	6	0.0006039452890493479	9	0.00044798239622033105	347	0.0003848119473558781	30	0.0010518616572621957	81	0.0010498409088416157	9	0.0009632957590568984	6	0.0011093638326143138	9	0.0010604025257785422	347	0.00108284887799035	30
4210	0.0008309258077726789	81	0.0010591218337941616	9	0.0006101720862076806	6	0.0010653119397003711	9	0.0007381496085464013	343	0.0008622220470583964	34	0.0010181399318625144	81	0.0013564098560502225	9	0.0013171496687796852	6	0.0010559808095227405	9	0.000608553285706752	343	0.0006765095967519891	34	0.0006033568699443597	81	0.00036697382354139847	9	0.00040532994726231547	6	0.0005655054022377274	9	0.0003496465984420526	343	0.00042041450299559703	34	0.0009732960800014003	81	0.0005535114609736508	9	0.0013689002645961724	6	0.001030574349975385	9	0.0009071207315873504	343	0.0006729344481924638	34
4220	0.0008004800788794538	81	0.001031469453696751	9	0.001422402098976026	6	0.0010553949406411287	9	0.0007845157008195357	346	0.0008003638093537986	31	0.000782960143816219	81	0.0012070297917740039	9	0.0010139275718233523	6	0.0009680673282025532	9	0.000590293917039598	346	0.0006257783556366111	31	0.0005465464113473513	81	0.0004656738332855673	9	0.0006098068628340234	6	0.0007369198461353673	9	0.00036052019282503504	346	0.00035030510096731093	31	0.0008929095336598409	81	0.001003521314800928	9	0.0008973746584825287	6	0.0007663185030826659	9	0.0008454671435200741	346	0.0008631978543622509	31
4230	0.0006469049324304983	81	0.0009249321510180669	9	0.0008574882756757998	6	0.0009265949368307554	9	0.0006974325320693272	349	0.0005241787891118865	28	0.0008012787868331552	81	0.0009625800779364475	9	0.0015114087206749402	6	0.0011968000778495897	9	0.0005675865199600082	349	0.0007819732925674071	28	0.0006644977233282147	81	0.0006157598617244348	9	0.0005674060010696064	6	0.0004112775678676153	9	0.0004167877018364537	349	0.0003457644704267684	28	0.0011230515688923997	81	0.0008960644247885748	9	0.0010961766935028126	6	0.0013954740638093424	9	0.0011919708784415225	349	0.0007380005591852518	28
4240	0.0008391268215454641	81	0.0012224723320901423	9	0.00048202575123002764	6	0.0008241329605604248	9	0.0008085872201868914	340	0.000861690851436893	37	0.0007431863028265998	81	0.0008516668399672997	9	0.001424200164541977	6	0.0013101984481549648	9	0.0006045681358242592	340	0.0005582258910816348	37	0.000661854564138877	81	0.0003090708032258278	9	0.0006747745525308566	6	0.0007370875307194999	9	0.0003587477116403871	340	0.0003492703831807413	37	0.0008008739124180301	81	0.00042008950179834713	9	0.00040249263920031183	6	0.000629254218474879	9	0.0008971452093806549	340	0.0009190948658252019	37
4250	0.0008583623701352412	80	0.0007034121800425365	9	0.0008541845873937305	6	0.0008457081850928277	9	0.0007913340658463685	340	0.0007750847862217584	38	0.0008072082580812947	80	0.0012950590359817663	9	0.0015251096961546697	6	0.001077200088109734	9	0.0006088560208119838	340	0.0007272503261012185	38	0.0005924102227934221	80	0.00045223239715882997	9	0.00037949849195728457	6	0.0006980391182785639	9	0.0004488357770274839	340	0.00045268028712094443	38	0.0007559834750243112	80	0.0009244265960516389	9	0.0008270375571650126	6	0.0004510066673600017	9	0.0007696801063324548	340	0.0006968448469417782	38
4260	0.0007443736357834109	81	0.0008622063918431463	9	0.0007538017080775922	6	0.0008073690617087223	9	0.0006601300091606671	344	0.0007483612987108377	33	0.0007956958599186256	81	0.0009602159986010105	9	0.0017589826763812968	6	0.0010496043941022547	9	0.0006143710084798995	344	0.0009526473225601171	33	0.000622909956353369	81	0.0006432634698495699	9	0.00046258791212086563	6	0.0005324676274828142	9	0.0004194805540703992	344	0.00037663685019451843	33	0.000893719559731079	81	0.000908023766983295	9	0.0005166176936269945	6	0.0010527058512726248	9	0.0008439007857360212	344	0.0009079299937700976	33
4270	0.0008932600574912615	81	0.0008600656509341307	9	0.0007499179198298972	6	0.0009393881039221014	9	0.0009159631366684891	341	0.0007516497591698491	36	0.0007388681539543866	81	0.0009600474312408408	9	0.0017855284184297262	6	0.0010355545896715383	9	0.0006233243163639721	341	0.0006328723994245003	36	0.0007132544004352308	81	0.00039305257800243657	9	0.0007282333860780896	6	0.0004714702128895407	9	0.00045315912690323024	341	0.0005437833013835392	36	0.0005071133540635079	81	0.00011175938296871849	9	0.000893071382886431	6	0.001147912523860486	9	0.0008682867098636897	341	0.00042724819999781613	36
4280	0.0006753155959158111	81	0.000489653427381245	9	0.0007057711160837681	6	0.0007686825797074711	9	0.0006723759978923299	342	0.0006299348746460065	35	0.0007652255284939676	81	0.0009701626659392411	9	0.0017102625117151528	6	0.0010534331965297594	9	0.0006297006579534252	342	0.0006044293804825843	35	0.0006479212836381078	81	0.00043321521820887315	9	0.0007161753834371642	6	0.0005171111671040749	9	0.00046253647182487837	342	0.0005782881809181392	35	0.0011514395469456346	81	0.0006569908677939967	9	0.0007740961319803098	6	0.001210951864961757	9	0.0009819231298917174	342	0.0010421694207485498	35
4290	0.0008525145819870318	81	0.000954159119866074	9	0.0006208158572260978	6	0.0009592527463781254	9	0.0006899346540036522	346	0.0007416285945275176	31	0.0007798509815160441	81	0.0010978254874675528	9	0.0010357327295850197	6	0.0011836219500660449	9	0.0007430835453423036	346	0.0007013009152491975	31	0.0007011201398147632	81	0.0009030259283566611	9	0.0007547229207279715	6	0.0005984166561533496	9	0.0004950268330020845	346	0.00046182946165448604	31	0.0007333779049974047	81	0.000720146418423258	9	0.0004938005470218806	6	0.0007181693424655781	9	0.001060731949230963	346	0.0008220069371408852	31
4300	0.0010038110576715547	81	0.001133079681858903	9	0.0009348136244147358	6	0.0007529387458101069	9	0.000834440144122357	344	0.0009654952021686811	33	0.0008298274825212987	81	0.0012468048538002172	9	0.0017537240321571657	6	0.0009948024391340734	9	0.0007101694074225553	344	0.0008550458493102396	33	0.0006442793611467109	81	0.00070455246698467	9	0.0009181267009116045	6	0.000556216682257108	9	0.0005210897580567597	344	0.0004896304439740853	33	0.0012999623961850305	81	0.0005867256773240606	9	0.00040064513464816847	6	0.0013550610417529718	9	0.0011786984654244615	344	0.0013866574506602616	33
4310	0.0007474368638734802	81	0.0008980422851057254	9	0.001181180426761244	6	0.0009415943808191678	9	0.0009039106634826514	340	0.0008047688693923104	37	0.000836417147242903	81	0.001113935188147065	9	0.0010488070095860502	6	0.0011316051167422612	9	0.0006437278050241346	340	0.0007452014150430622	37	0.000729539025804421	81	0.0006609604222002875	9	0.0006469195687372826	6	0.0006848742187582213	9	0.0004914231045053167	340	0.0004294139927436688	37	0.0006298420542553391	81	0.00037628390539401225	9	0.001319094099569774	6	0.0005046286511626757	9	0.000651326655492961	340	0.0008291179413284336	37
4320	0.000883017566110156	81	0.0012002147345597412	9	0.0009556284485244089	6	0.001232720926939009	9	0.0009058766305103414	338	0.0007552135133397684	39	0.0009322607718869994	81	0.0009212117225352046	9	0.0012476151327499329	6	0.0010772029903206378	9	0.0007141808508440861	338	0.0007213687296084334	39	0.0006089300077638769	81	0.0004201074403487551	9	0.0007139968329763616	6	0.0006286690385867126	9	0.0004576308616771709	338	0.0005184025308740586	39	0.0010436532236027826	81	0.0004619942117588626	9	0.0005693766138946801	6	0.0004637605218508265	9	0.0008816972322979792	338	0.0012323316509906524	39
4330	0.0007473209628502362	81	0.0007650444456394453	9	0.0013314363327444222	6	0.0007944405077659052	9	0.0007247934191401046	343	0.000943288959355527	34	0.0007155859660034103	81	0.0008307104213931741	9	0.001402714185400075	6	0.0008945498836238451	9	0.0005822858610596754	343	0.0006545608792358885	34	0.0006530612416075812	81	0.0005907523276429208	9	0.0009901217970559617	6	0.0007111428870691902	9	0.0005132697775497181	343	0.0005908649100833768	34	0.0007336408277391572	81	0.0009153729457434175	9	0.0009070661706009588	6	0.0007212431609539328	9	0.0006414588252662073	343	0.0008004107016147744	34
4340	0.0009836625647143236	81	0.0011385514648270371	9	0.0008368822080847832	6	0.0008799866969183923	9	0.0008219951509297607	340	0.0008509778822339216	37	0.0009619710735016356	81	0.0014499056512164903	9	0.0013039313227782643	6	0.0011188227989694193	9	0.0007317589364270082	340	0.0006553639627154013	37	0.0007169172701308847	81	0.0007638113133434477	9	0.0007980098597468416	6	0.0009225920756018974	9	0.0004572353161140953	340	0.0005409660367047994	37	0.0006454370644105156	81	0.00024482577208174565	9	0.0010335956035492707	6	0.00044546069968967356	9	0.0007047161635297249	340	0.0008271189610829152	37
4350	0.0009904450051159152	81	0.001177538133513828	9	0.0012410540818808926	6	0.0008291883770177142	9	0.0009171778690942855	341	0.0011698801405558709	36	0.0008506714810475257	81	0.0009127515322948883	9	0.0012935427856521436	6	0.000897501729658392	9	0.0008399444420674424	341	0.0007718948754062846	36	0.0007159420609953591	81	0.00042357858049377303	9	0.00032348741713251913	6	0.0008018156354701546	9	0.0005216940869730142	341	0.0005940662692846475	36	0.0013041565942799184	81	0.0006672974656992014	9	0.000673408339310462	6	0.0011217422464069142	9	0.0011616254563820022	341	0.0014528060935323826	36
4360	0.0008548038142141524	81	0.0009561127109503654	9	0.0009462086004587907	6	0.0015555303640662913	9	0.0008142958599989587	345	0.0007040362499935865	32	0.0008698587125968621	81	0.001220726542810135	9	0.0011341502799279276	6	0.0011252559914309785	9	0.0008042637691389529	345	0.0008301872767225106	32	0.0006857089288425404	81	0.0006195847119523894	9	0.0004587566675966507	6	0.0006206979405641762	9	0.0004914443494378397	345	0.0008691674146349423	32	0.0007847369957059085	81	0.0010907091628644416	9	0.0009300197214903537	6	0.0004478617755385844	9	0.0007173780027982697	345	0.0008365437835260612	32
4370	0.0009325750364832173	81	0.0009097902742056873	9	0.0007261759518126078	6	0.0011005652525963336	9	0.000845091599018206	344	0.000726977812240166	33	0.0009363377338002125	81	0.0012555176965628042	9	0.0010594489996597187	6	0.0012025013399030039	9	0.0006592187311614975	344	0.0006891714154264127	33	0.0006180107509233056	81	0.000493973853502823	9	0.0005283109785604144	6	0.0009319556314087859	9	0.0005092436532541799	344	0.0004559938972451343	33	0.0006857633166042472	81	0.0005490156011697261	9	0.0016628861605012147	6	0.0008890481564745252	9	0.0007838143878568861	344	0.0010120150806427728	33
4380	0.0007839425281306222	81	0.0008830365978776172	9	0.0008057942987944629	6	0.0010199288860380414	9	0.0008126033710481902	338	0.0008340266409430258	39	0.0008430850718173206	81	0.0011726479100946728	9	0.0012932689769675333	6	0.0011615976632723165	9	0.0006428958880071458	338	0.0008681588472690382	39	0.0004223692398105008	81	0.0004415436146516661	9	0.00042789558537786816	6	0.0005200035703598746	9	0.0003603799793036277	338	0.00044532670848361293	39	0.000901470137123193	81	0.0007376070895316066	9	0.001172761941793213	6	0.0005543380862511085	9	0.0010484925876128042	338	0.0016911005379612555	39
4390	0.0008688898312312682	81	0.0017289304609564163	9	0.0010752182528336349	6	0.0009138640808043502	9	0.0007859991724224088	346	0.0011318643065782548	31	0.0008188460454321776	81	0.0019197028236666153	9	0.001122052167662358	6	0.0010697464440793346	9	0.0006758383917830184	346	0.0007217153390465173	31	0.0005281159579165251	81	0.000568095674840223	9	0.0008633517356565471	6	0.0005804907720060813	9	0.0004945489035744446	346	0.0003989714749403878	31	0.000714415386142541	81	0.0008253324809377535	9	0.0010184959585147547	6	0.0006617725577211611	9	0.0007402529439600201	346	0.001380483045619041	31
4400	0.0006875186544618788	81	0.0009089622780974246	9	0.0006206356353264179	6	0.002088394281127682	9	0.0006475741545238547	342	0.0007780661034403289	35	0.0008000500484115872	81	0.0011929912998968554	9	0.0017631029609201522	6	0.0010161775747000678	9	0.0005042614149453537	342	0.0005174846553943275	35	0.0005661936484121453	81	0.0004717968491568909	9	0.0005776711975871311	6	0.0006465996188392202	9	0.00036952477289891656	342	0.0004318834470848204	35	0.0004939679448512976	81	0.0005064379080804573	9	0.000751188722935123	6	0.0007114416672733516	9	0.0006127942938819506	342	0.0006673619503603243	35
4410	0.0008590329723213188	81	0.0008221251932859144	9	0.0008195033066754906	6	0.0011063982444875675	9	0.0008095992121752406	338	0.0007908988851880608	39	0.0007720358118075918	81	0.0014375893626806377	9	0.0010360410407764982	6	0.0012947995985061482	9	0.0006803338149535383	338	0.0005717062285982021	39	0.0005497320834573201	81	0.0004628695351081036	9	0.00044935941641880165	6	0.000621233199063249	9	0.0004949840681505018	338	0.0004487549278584785	39	0.0007441315621743098	81	0.000742449717090203	9	0.0007297692081527726	6	0.0009411321781163751	9	0.0006860238076145323	338	0.0011118841616679165	39
4420	0.0008349781925728566	81	0.0009594517099950291	9	0.0008490498246095912	6	0.0008747802476924861	9	0.000736326647121442	340	0.0007417548874193344	37	0.0007682573018717136	81	0.0008983140566565166	9	0.001379449123790531	6	0.001037205759129425	9	0.0006295555728884342	340	0.0005706302402237801	37	0.0007205657489997519	81	0.00033178165451068286	9	0.0005411618940925029	6	0.0007660022443822882	9	0.00040429584289693014	340	0.0004402035594527421	37	0.00044519048283653143	81	0.0004951545122200014	9	0.0009111394032155757	6	0.0003966742715433611	9	0.0007558031159121897	340	0.0007747337134009262	37
4430	0.0009989278055199714	81	0.0010699686752706267	9	0.0010034482198781561	6	0.0009199223006265485	9	0.001004165777798679	339	0.0009812633946798726	38	0.0009089962886621066	81	0.0015744337662279462	9	0.0019410361337333837	6	0.0010246691953977078	9	0.0006252358321296217	339	0.0006600766030287647	38	0.0005961739318500564	81	0.0007117015048972395	9	0.0003907025703598093	6	0.0005100422089912603	9	0.0004334324759901248	339	0.0004926243010040202	38	0.0008906669373000058	81	0.0003771503936049515	9	0.0015552544999784398	6	0.0009223911340219734	9	0.0009477098661825183	339	0.0009496860571895974	38
4440	0.0009118188440743011	81	0.0009183442122610929	9	0.0009114446652098221	6	0.0010376059026368427	9	0.0009488579894551412	340	0.0009050057081778675	37	0.0007487542318316397	81	0.0007755112776748982	9	0.0012414282576935205	6	0.0008042028754378925	9	0.0006217486637563177	340	0.0006826610003981334	37	0.0005493238497424336	81	0.0003433835786060557	9	0.0004741878589150667	6	0.000575166574323182	9	0.0004436837223967014	340	0.0004722631432188541	37	0.0006396599749316691	81	0.0008910173619381864	9	0.0018947382785774443	6	0.0008733841348588045	9	0.0009116964152065526	340	0.0008107031619237492	37
4450	0.0008720335781400157	81	0.0009487758014246337	9	0.0009311303697151326	6	0.0011535103021477514	9	0.0008444178320263487	344	0.0007786859963372355	33	0.0008103076897063232	81	0.0017445492407458028	9	0.001625512698916763	6	0.0012014824792878204	9	0.0007453507851802189	344	0.000984902764488103	33	0.0005437247456573569	81	0.00045544198084671164	9	0.00030125095309996714	6	0.0005770429453405672	9	0.000378039029442201	344	0.00021541215582901842	33	0.0006787679908101114	81	0.0008523901702217105	9	0.0005314624522195457	6	0.0008575488049369669	9	0.0008432268651156754	344	0.0005442218342692869	33
4460	0.0006189088559529016	81	0.0006567101742948056	9	0.0006509064738387007	6	0.0008576958264685566	9	0.0006615858760346475	343	0.000585813379095353	34	0.0009462244691690141	81	0.001494764503718859	9	0.0015134018344435994	6	0.0010757025507474906	9	0.0006868347113092794	343	0.0008233713718420173	34	0.0005244760718299397	81	0.00046529955702781744	9	0.0006653209424323782	6	0.0007701322068005258	9	0.0004626070649053198	343	0.0005207134474715026	34	0.0010260223804758337	81	0.0009053991550545636	9	0.0007903850009327479	6	0.0015774302326816586	9	0.0011703591454856382	343	0.0014885364370434723	34
4470	0.0009045068119618519	80	0.0011894461672454113	9	0.0008795405645589407	6	0.0009191369666278391	9	0.0008794945212629736	338	0.0009340962926786527	40	0.000683750972952381	80	0.0011074367336369453	9	0.0012712586195397942	6	0.0011838200768381447	9	0.0006379892798104832	338	0.0006170905928122696	40	0.0006143762854918682	80	0.000511622696507307	9	0.00047854442002387746	6	0.0005592705648829644	9	0.00047043985638297014	338	0.0004635924328764511	40	0.0009237814811119983	80	0.0008087055321204747	9	0.0016286963657759	6	0.0006985860304375303	9	0.0009803183729447246	338	0.0009185040958417604	40
4480	0.0009985842691050382	81	0.001010812265652246	9	0.0007465113225012821	6	0.001039259837353655	9	0.0009112129237087554	337	0.000897236904746197	40	0.0007757400325867223	81	0.0012546519783149103	9	0.001136386273510026	6	0.0008230381337958476	9	0.0006424791172084032	337	0.0005829550468437244	40	0.0006371981520342659	81	0.00040080662194887215	9	0.0004791399510481674	6	0.0006390307056859412	9	0.00047548997868951176	337	0.00048415257262219354	40	0.0012938998944805526	81	0.0010911063811112568	9	0.0009546626981305197	6	0.0010680134775426261	9	0.001134886789086674	337	0.0010954717800777808	40
4490	0.0008616600861427894	81	0.0009227951035479686	9	0.0009170983718735109	6	0.0009849060771589125	9	0.0007764869710154471	345	0.0007404086496947781	32	0.0009844431967996887	81	0.0010060247730392098	9	0.0013705009213665336	6	0.0011901705877644616	9	0.00071896278586067	345	0.0007227679361204377	32	0.0005918405402685578	81	0.0006284146019293008	9	0.0005884891120274436	6	0.0007212920298693072	9	0.0004941990062839789	345	0.0004952796901144915	32	0.0008233232938788618	81	0.0010361615707165225	9	0.0005290480156031828	6	0.0008811602462251136	9	0.00089624474014485	345	0.0009222285119783658	32
4500	0.000783465454508766	81	0.0007183384109760827	9	0.0008349132470197602	6	0.0015380074449145755	9	0.0008101941232223696	342	0.0008375334920581048	35	0.0009571459860231995	81	0.0009574529114900031	9	0.0011967290067946147	6	0.0008385758165642937	9	0.0006904014542102935	342	0.0009651693030439812	35	0.0005165067597461163	81	0.0004529025291414304	9	0.0008078191691957948	6	0.0006739788421871462	9	0.00043968526819348244	342	0.0003957918431092612	35	0.0010589162185848265	81	0.00029141579248010677	9	0.001304055646557118	6	0.0009680278687824649	9	0.0011561128327197596	342	0.0015805658800559705	35
4510	0.0008246219899226376	81	0.001219662851957037	9	0.0010845929946771053	6	0.0011432932141930965	9	0.0008545432069507877	343	0.0009771603781622165	34	0.0008293323698006597	81	0.0010120492752582208	9	0.0012451146608921397	6	0.0009155787684361037	9	0.0006274535670033924	343	0.0008449572323995733	34	0.0004988376471453436	81	0.0003751627731461922	9	0.0006827499815313293	6	0.0005348259247772503	9	0.0004317722746403493	343	0.0003769309038886373	34	0.0009584991644727838	81	0.00042701547384884004	9	0.0008985976475195649	6	0.0004681188797042565	9	0.0009514284061530764	343	0.001052908638705849	34
4520	0.0008797558664212418	81	0.0010298017644342192	9	0.001298179561718969	6	0.0012388471656377433	9	0.0008888800778601789	346	0.0008084161990952114	31	0.001010018844317003	81	0.000902533736351855	9	0.0014057988043827336	6	0.0010334903599116228	9	0.0007069368444598138	346	0.0007248631387010574	31	0.0006111139995738594	81	0.0005447946326128304	9	0.0006329789159813764	6	0.0006480241245344511	9	0.00044473117633940534	346	0.00043180976334661174	31	0.0009674411339064843	81	0.0007935027173193964	9	0.0007735438638844499	6	0.0010259183264807689	9	0.0010018122656654067	346	0.0012153124855799234	31
4530	0.0008235522323101331	81	0.0007732268442788507	9	0.0009594829688858718	6	0.0009838776141840179	9	0.0007493706598187559	338	0.0008297723444219902	39	0.0009947609293922924	81	0.0011103238717349545	9	0.001023726086405805	6	0.0011843657800718714	9	0.0006628432200698751	338	0.0007025820554605735	39	0.0005087685672574421	81	0.0005199125050806275	9	0.00047045509731309887	6	0.0004705732782791848	9	0.0004125491111004134	338	0.0004579725170324549	39	0.0009031540858922124	81	0.0008352745392602544	9	0.001011723039371171	6	0.0008908371460800946	9	0.000802428261111088	338	0.0011184424768873934	39
4540	0.0006776535468303222	81	0.0008897020448420721	9	0.0006277150228026651	6	0.0007612851984046483	9	0.0005675195607784114	338	0.0006025846708460512	39	0.0007521014128305764	81	0.0014678250587392087	9	0.0012828594577022417	6	0.0008575545376934968	9	0.0006270871813932691	338	0.0005801909243230236	39	0.0005778198480253608	81	0.0005512275181693375	9	0.00030382070801753783	6	0.0005492984033410836	9	0.0004131952966602396	338	0.00048454899285072395	39	0.0012397996394717633	81	0.0009704727642579501	9	0.007966148984098111	6	0.00042735442423450626	9	0.0011373155392386078	338	0.0012505571520471227	39
4550	0.0007973239490860632	81	0.0012045903379946884	9	0.0008464122719614057	6	0.0007890688175124123	9	0.0007431500437588682	341	0.0007718847595952297	36	0.0009249100336957109	81	0.0009572870743892055	9	0.0014223838649097108	6	0.0014013979163169186	9	0.0007817785079491373	341	0.0008644473800423499	36	0.0007040566427738236	81	0.00068204020633204	9	0.0005046078425531561	6	0.0004317765962468232	9	0.00045059331010929154	341	0.00046648528327005335	36	0.0016875462674307354	81	0.0009422123027742973	9	0.0015050165069302277	6	0.0012266076688815298	9	0.0014977225371579418	341	0.00208182620941373	36
4560	0.0010495696333811667	81	0.0016163738757800793	9	0.0007293681800305618	6	0.001320184802639901	9	0.0008537059503112433	339	0.0007863525381332992	38	0.0009343676770779113	81	0.001137787324143152	9	0.0018174153785595053	6	0.0009053090424269655	9	0.0007196221833143519	339	0.0008321731428561477	38	0.0005913774643313198	81	0.0005293278018360409	9	0.0006805360003821519	6	0.0007365423823452948	9	0.000410900582857372	339	0.00043194773966128265	38	0.001134453731521404	81	0.0012271927357840047	9	0.0013660140154901307	6	0.0010278761030270314	9	0.0011680211091867232	339	0.0013141775175737867	38
4570	0.0007768048781351945	81	0.0014344358260662633	9	0.0012364034835140355	6	0.0009400171510629686	9	0.0006365237526757377	340	0.0007974517151608082	37	0.0008004355201637861	81	0.0012957180453514604	9	0.0011534366905649389	6	0.0011386489511471204	9	0.0006475719145485599	340	0.0007991558199111927	37	0.000522717073729001	81	0.0007389321480500116	9	0.0006492841402636161	6	0.0005977291210176559	9	0.00043460584935454076	340	0.0004884106326337753	37	0.0009932962116775707	81	0.001072246215825375	9	0.0016967754099348911	6	0.0007942338448418732	9	0.0009895068185954937	340	0.0008943303367178316	37
4580	0.0006384319560103373	81	0.001109649195643019	9	0.0007594830514913945	6	0.00072568226582206	9	0.0006815806518167066	343	0.000633720774342363	34	0.0006743223575340147	81	0.0011203560546832448	9	0.0011802085939951778	6	0.0009601102919334842	9	0.0006665687899569298	343	0.0006750548358973079	34	0.0004923897382012753	81	0.0004497771097237248	9	0.0004409963339939945	6	0.0005867995413883556	9	0.00047043206692381947	343	0.0004642614110093027	34	0.0008818242826067675	81	0.0007391965911479003	9	0.001085300630657222	6	0.001037586327716943	9	0.0009305319015299232	343	0.0011262650592209656	34
4590	0.0008845288436044204	81	0.0009801438881241115	9	0.0011201170938753473	6	0.0009661594580069334	9	0.0008386773876988934	343	0.0008394688079032119	34	0.0008515080455212915	81	0.0007488425881525486	9	0.0010641589581082565	6	0.0008364579388830338	9	0.0006664543435587065	343	0.0006260842351468477	34	0.0005936855106879481	81	0.00037404878467217655	9	0.0007427603950795969	6	0.0005732722447628186	9	0.00045878173681849636	343	0.0004175484791943579	34	0.0010060500247963417	81	0.001167372966076503	9	0.0009021924480375528	6	0.0012670121774194924	9	0.001130361447876347	343	0.0014886450013223032	34
4600	0.0008671795845467638	80	0.0007562582312424139	9	0.0011480504286510496	6	0.0009649925216500938	9	0.0006983350924503229	344	0.0008652289721961344	34	0.0008701496152728706	80	0.0019434967509871122	9	0.001114659545512794	6	0.0009699485849470653	9	0.0006562641995464223	344	0.0007702899332506762	34	0.000449106529723056	80	0.0008949802129467814	9	0.0005491101631080476	6	0.0007675583876933783	9	0.0004754948318788196	344	0.0004582712727961807	34	0.0006648558478173519	80	0.0004305529869066922	9	0.0016003999860647788	6	0.001314958501211531	9	0.0007622673551570321	344	0.0007724911067533538	34
4610	0.0008748826700021144	81	0.0006909813987112345	9	0.0010148401159987103	6	0.0007758494029195277	9	0.0007747910177713253	346	0.0007129244680100735	31	0.0006710388796334338	81	0.0012730871880393564	9	0.001599136479954233	6	0.0007825228419022611	9	0.000645861271594768	346	0.0006076157627798514	31	0.000506617184404625	81	0.00044332836800351085	9	0.000572921522538988	6	0.00048580027873268775	9	0.00047076340828179695	346	0.0005200206456942388	31	0.0009367917464106499	81	0.003560361677476779	9	0.0008169354100672458	6	0.0005708973440214275	9	0.0006374656909803475	346	0.0006163804547058866	31
4620	0.000979847850156552	81	0.0008067483268959534	9	0.0008942615497931588	6	0.0013541177019770639	9	0.0009871884447728977	345	0.0008000360427403267	32	0.0008150641089812333	81	0.0012208866702145811	9	0.002155611025483519	6	0.0012055143481809808	9	0.0006178140819045686	345	0.0006557364421411671	32	0.0006649624561796068	81	0.0009073407190617184	9	0.0006038081345693321	6	0.0005755778508863578	9	0.0004524444399615959	345	0.0004723715831424748	32	0.0006909795413244475	81	0.000743760865152577	9	0.0007035524696922974	6	0.0005539900392010022	9	0.0010828406384997323	345	0.0009588444195340295	32
4630	0.0012154645703193803	81	0.001814183467382312	9	0.0006191002997205623	6	0.0006180787718250951	9	0.0009283485925413693	344	0.0007637761352470479	33	0.0009077012232868117	81	0.0020463238013157404	9	0.0022835661435617956	6	0.0011570335450470377	9	0.0006957655918398741	344	0.0008227721724112909	33	0.0006815075786216887	81	0.000478191218934425	9	0.00065082180660472	6	0.0006189220735814278	9	0.0005003337826139519	344	0.00047950065973468734	33	0.0009735800458346097	81	0.0008505766766524803	9	0.0009581804797603576	6	0.0007938186007054589	9	0.0009932369609684751	344	0.0008730122982150749	33
4640	0.0010184816582292377	81	0.000883629440022663	9	0.0012635420049083885	6	0.001194075119919168	9	0.0009212338402728952	333	0.0008206141357739348	44	0.0008596557500194546	81	0.0009302827496438874	9	0.0023819913521251975	6	0.0009935676195365838	9	0.0007254334722360851	333	0.0009804328436613238	44	0.0008936980784463757	81	0.0005323576688377351	9	0.0008335802773141661	6	0.0006047599205573355	9	0.0007110659372581394	333	0.0006098890400562557	44	0.0008432437816672731	81	0.0006767081058788175	9	0.0008334527578995112	6	0.0004641113702025399	9	0.0007095783804538321	333	0.0008108425460015729	44
4650	0.0010582439208713696	81	0.0007673264045541714	9	0.0008624370379487187	6	0.001084128523536406	9	0.0008826681678692429	340	0.0008366672605050945	37	0.0007644403740861596	81	0.001088766240748207	9	0.0012398476187484141	6	0.0009160509604272859	9	0.0005784611587499272	340	0.0006580913638648952	37	0.0007157096930807701	81	0.0003909188170708415	9	0.0006569100631565952	6	0.0006266901135514378	9	0.0005927899713794093	340	0.0006061521467405904	37	0.0008960790975608225	81	0.001658388068119257	9	0.0011161294080101606	6	0.0010588854374020905	9	0.0015792148660287325	340	0.002068739608287026	37
4660	0.0008084805695229244	81	0.0010594928429455003	9	0.0009288461463107348	6	0.0009289876695835126	9	0.0007992312082118411	343	0.000980970432842585	34	0.0007431356804283634	81	0.0010424993192162798	9	0.0015705276551451581	6	0.0010709304305957289	9	0.0006473160869988242	343	0.000575349388793274	34	0.000634472518004587	81	0.0004844319094840562	9	0.0003708550836425514	6	0.00043021494822126816	9	0.0005370612487636455	343	0.0006881425829946981	34	0.0009156448953981008	81	0.00044643389539585857	9	0.00048073750777569016	6	0.0006850970065285135	9	0.0008773990422126403	343	0.001582951704154236	34
4670	0.0010043305758816008	81	0.001131654596022557	9	0.0013105199016200354	6	0.0011682506759386803	9	0.0008685201780470371	342	0.000997180299358481	35	0.0009541502705579306	81	0.0013420423841260089	9	0.0015170441793061274	6	0.001159902715314187	9	0.0007538094838673221	342	0.0008249793313174651	35	0.0005570298579424376	81	0.000569152113429821	9	0.0006858388518323904	6	0.0005056460503784331	9	0.0004258814642464273	342	0.0005288392515796237	35	0.0009299100590624247	81	0.0009945976054135544	9	0.0010896258207629802	6	0.0006608817498733884	9	0.0011808397316566185	342	0.0008525818992547669	35
4680	0.0008967393228810624	81	0.0007540720421086386	9	0.0008051675089857362	6	0.0013064529749849977	9	0.0007698326934813905	344	0.0006696342192266799	33	0.0008938249659217571	81	0.0011421495826652048	9	0.001181043635293066	6	0.0011353884147390116	9	0.0008477158108951301	344	0.0010220115014361838	33	0.0005713950265177003	81	0.00033366356438572673	9	0.0006400421878443421	6	0.0004485550903802906	9	0.0003982928195761394	344	0.0005171158737687776	33	0.0005471099307485139	81	0.0006905211911083754	9	0.0009553261403778563	6	0.0010754178223629394	9	0.0007944531782508839	344	0.0007171478914645656	33
4690	0.0008503521114750191	81	0.0006331127035074225	9	0.000757170492331428	6	0.001173600852671959	9	0.0008430301221415318	339	0.0007550714691505948	38	0.0008041428926082154	81	0.0012529128355467363	9	0.0013896952560597585	6	0.0014360759378026962	9	0.0006246768932411356	339	0.0006868002241720587	38	0.00041454923919223693	81	0.0003926286109100162	9	0.0006117709104720729	6	0.0003479232306856161	9	0.000348319192435765	339	0.0003151449217278706	38	0.0009004864400921409	81	0.0007276762578200941	9	0.0012081816458582818	6	0.0008142673283323677	9	0.0009151652248544296	339	0.001052282560063503	38
4700	0.0010335363335902954	81	0.0011665119160599508	9	0.0013125763361927292	6	0.0008844328606952616	9	0.001049411791904614	338	0.0008799694359837124	39	0.0008550186495258154	81	0.0011116816879769818	9	0.001665316098813447	6	0.001232444562771411	9	0.0006938666127099588	338	0.0008776183608537839	39	0.0005543203351882417	81	0.0006380855659829911	9	0.0007284423727586336	6	0.0007300637049723376	9	0.00045371533592588985	338	0.0005513937405252606	39	0.0008415740031813861	81	0.0007643808588352686	9	0.0015160358923076824	6	0.0018250701348437928	9	0.0008121768636754225	338	0.001067163373700896	39
4710	0.0007190524278269224	81	0.001082091078105764	9	0.0008324019767424503	6	0.0014009150822552946	9	0.000828671748701079	348	0.0006995971305753786	29	0.0009140510496191176	81	0.0008201753491259138	9	0.001682976314105151	6	0.0010357356339346703	9	0.0006849849138205727	348	0.0008277299635178137	29	0.0006317449971569864	81	0.0003904997623256736	9	0.0006865643983976613	6	0.0008255901268239193	9	0.0005288919053642949	348	0.0004938026773245246	29	0.0006792507990930906	81	0.0004572058633947543	9	0.0009488700408535881	6	0.001015503480463212	9	0.0009292154643995238	348	0.0008916254612634197	29
4720	0.0008450431981508212	81	0.001115442458442985	9	0.0007015132394269701	6	0.0007895939664867894	9	0.0007444551800850003	337	0.0006365965024240765	40	0.0006425785499086399	81	0.0009773030630513134	9	0.001712361705823077	6	0.0009967283914425454	9	0.0006394161185790593	337	0.0006288135661755823	40	0.0004997584311777806	81	0.000548755105377063	9	0.0005942439372532798	6	0.00047283459501434074	9	0.0003824914376425954	337	0.0004926819353555295	40	0.0008426500012334386	81	0.0005324408554074633	9	0.000907697906933951	6	0.0009280625060782225	9	0.0007731476162480257	337	0.0007961580625968058	40
4730	0.0009135702682539345	81	0.0012378368312574415	9	0.000983974640773869	6	0.001108433720147174	9	0.0008572485493799758	338	0.0008482673716627397	39	0.000765627065388585	81	0.001065714353694678	9	0.0009611611512737808	6	0.0012630243269109844	9	0.0006662005925926645	338	0.0005653070644447354	39	0.000551573140536849	81	0.00043108148308805555	9	0.0005268005207701306	6	0.0005125253020962144	9	0.00043462239294344955	338	0.0003378204860416761	39	0.00032667505337984347	81	0.0005232874446481407	9	0.0014606935009108728	6	0.0010929297984793923	9	0.00077528268413833	338	0.0004892829644070543	39
4740	0.0010180238797491386	81	0.001224466625496754	9	0.001340245605870386	6	0.0008028349022827317	9	0.000971037358967194	338	0.0008827132263775802	39	0.0009615926511120065	81	0.0010648188495995519	9	0.0012470368905836843	6	0.001179472422197082	9	0.0007099801637864276	338	0.0007273450753182641	39	0.0005507533185312494	81	0.00041943768516410117	9	0.0005016895560737162	6	0.0006932209262726433	9	0.00046826888460149425	338	0.0005473758286040896	39	0.0005595945646513276	81	0.0003375293124515646	9	0.0009197088610439452	6	0.0013452643102590906	9	0.000845423127171329	338	0.0009754481503720205	39
4750	0.001062925426955007	81	0.0010000686845108425	9	0.0011107414855026916	6	0.0010943522676470719	9	0.0010016779990421859	343	0.000989826378080783	34	0.0008965809665569724	81	0.001068374206638429	9	0.001220728190689413	6	0.0011884183472915704	9	0.0005940527820877436	343	0.0006152793427698182	34	0.0005737938792324045	81	0.0005475070399627847	9	0.0004596313585210052	6	0.000516530377507826	9	0.0004079072373977866	343	0.0003994818417128476	34	0.0010715283855634754	81	0.0013692467691428206	9	0.0006261508858333124	6	0.0010823172933197226	9	0.0009747289668469035	343	0.0013950701449536454	34
4760	0.0008865860657630204	81	0.0011231301948725796	9	0.0006879212592145917	6	0.001850898078886011	9	0.0008122463347536594	343	0.0006093523796001063	34	0.0006760367396089772	81	0.0009714531083288678	9	0.0014778293737574652	6	0.0009268677815515914	9	0.0006008801296994596	343	0.0005718710673278303	34	0.0005664007767261913	81	0.0005944893299318682	9	0.0007151422878829034	6	0.0007441885257375507	9	0.00039397635888234527	343	0.0005282226477153917	34	0.0007670537548092151	81	0.0005172686045870703	9	0.00048668222355775743	6	0.0007141608145212479	9	0.0008073492497138175	343	0.0010880482662134544	34
4770	0.0008027704699120805	81	0.001039455102897643	9	0.0010804978935457998	6	0.0010324161810160112	9	0.0007149050400487776	341	0.0007250122482695785	36	0.0007648622851846336	81	0.001107808068053674	9	0.0010765167056123925	6	0.0012344893531397653	9	0.0005311243689020676	341	0.000566060769867734	36	0.0006052926841628519	81	0.000427679618271988	9	0.0004451589748890627	6	0.0007187521519395995	9	0.0005010609935636716	341	0.0005352154449190483	36	0.0011947402658667374	81	0.0006077876601888697	9	0.0010159200930110394	6	0.0006385426166154294	9	0.0010884005588004586	341	0.0008336848206651986	36
4780	0.0007835515975235648	81	0.0008492723704843038	9	0.0006721278073148347	6	0.0010408048616227681	9	0.000617319174388449	343	0.0005983080600397658	34	0.0008296179840458386	81	0.0010931227245947136	9	0.0019148890586396965	6	0.0007815068652829685	9	0.0006417224707359848	343	0.0006278823060639401	34	0.0006693889147380599	81	0.0005961226474392965	9	0.0005990527484075704	6	0.0006395104415998526	9	0.00048698619568741	343	0.0005985655379163388	34	0.0012654564068495526	81	0.0007886924997089437	9	0.0005550109694972048	6	0.0017931061107927472	9	0.0011410971446175102	343	0.00094996395909051	34
4790	0.0008449578755703197	81	0.0011880922874235008	9	0.0008282902330633851	6	0.0009778820187410972	9	0.0008107642876002709	346	0.0008899878394174873	31	0.0007856846536912724	81	0.0008600015687335425	9	0.0011591757167340095	6	0.0009819981214825727	9	0.0005990743673269001	346	0.0006252706849140769	31	0.000476454868502393	81	0.0004311267294026476	9	0.0004900717404399584	6	0.0005747855084516214	9	0.0004248941981399594	346	0.000454588296553922	31	0.0013209771665164695	81	0.0005222584792891325	9	0.0014896617858516249	6	0.0015413848347434237	9	0.0015639047094999582	346	0.0012869725626809313	31
4800	0.0008637270913024798	81	0.0009775051697731582	9	0.0006412321823748351	6	0.0008677172317402151	9	0.0008901597527420513	340	0.0009248787265840919	37	0.0007662326545899147	81	0.0014382430956359044	9	0.0016841046190485957	6	0.0009767636652068042	9	0.0007771099254732372	340	0.0006504672074842947	37	0.0006800834032991398	81	0.0011402838272303814	9	0.0008969761021379389	6	0.0007602628949510647	9	0.0006345878362724613	340	0.0005759207773213797	37	0.0014092425625613263	81	0.0005349351236367967	9	0.0010471940796064922	6	0.002317611681205321	9	0.0012732474890081492	340	0.0015499245201339175	37
4810	0.0008135568526725993	81	0.0008305234394291701	9	0.0009465260890044136	6	0.0010445392557170245	9	0.0007820224411354965	341	0.0007624343128597479	36	0.0007887776759881226	81	0.001101857277263438	9	0.0013678020165133198	6	0.0011048668807921986	9	0.0008764301848030732	341	0.0007909713025096461	36	0.0005574308005870146	81	0.0003327208782175377	9	0.0005635383880677848	6	0.000974727355883318	9	0.000496583061019362	341	0.0005268241014180765	36	0.0009540187362236783	81	0.0006810317625170716	9	0.0011002923475792506	6	0.0010070256387119702	9	0.0009433539797596268	341	0.0011253142244395256	36
4820	0.001008891498060509	81	0.0008377660478710037	9	0.0011962366644645284	6	0.0015218890994565639	9	0.0008571772484732113	343	0.0006577205836218477	34	0.000743561187727455	81	0.0009632284987622235	9	0.0009756327769264422	6	0.0012945250673012014	9	0.0006099679866564621	343	0.0006763754748930688	34	0.0007478394635603706	81	0.0004063105040459945	9	0.0005594208967931832	6	0.0005758229842041657	9	0.0004964188270235412	343	0.00037866442610993934	34	0.000952952098939973	81	0.00032407648152250245	9	0.0006365085268712757	6	0.0013530514392167512	9	0.0012903329557282265	343	0.0014431139973335196	34
4830	0.000746909397195242	81	0.0007839612516989728	9	0.0007031684275684117	6	0.0007548963402421082	9	0.0007468326842854443	342	0.0007591820445189855	35	0.0008629968147538155	81	0.001052585947295453	9	0.0018481870537568714	6	0.0009471198997906632	9	0.0007180047784656663	342	0.0006765453556756782	35	0.0007433836607485212	81	0.0005268184562087526	9	0.0007805507342012536	6	0.000458094589747315	9	0.0004702890232482897	342	0.0004341490247600902	35	0.0008239593507260094	81	0.0008830038917781458	9	0.0013412801932351588	6	0.0007783262088328822	9	0.0008998678996733895	342	0.0008384766252025342	35
4840	0.0009265058877612227	81	0.0010671326298797561	9	0.0013798819174034532	6	0.0006645894284373822	9	0.0009303717617245729	344	0.0009987159232246207	33	0.0009794440726843413	81	0.0011711926675321898	9	0.0017491351909123029	6	0.0008394446457969556	9	0.0006847442714655259	344	0.0007500320943296557	33	0.0006681620270485874	81	0.00033247498464990667	9	0.0010296468858091814	6	0.0006139824767010231	9	0.00048459345525074266	344	0.0005714999486573621	33	0.0009003012125819829	81	0.0003572559164031604	9	0.0012787708140180089	6	0.0005278907602394517	9	0.0010503625791453608	344	0.0009906998707645094	33
4850	0.0008737046122401958	81	0.0008014701125988764	9	0.0010667534487572253	6	0.000898043229671843	9	0.0007520307336123	344	0.0007413901550923604	33	0.0008119464116285653	81	0.000904960660928724	9	0.0012283608644038093	6	0.001083699670665533	9	0.0007118001196506083	344	0.0009046326480308381	33	0.0006073234029146683	81	0.0006894243729501687	9	0.000662740321712063	6	0.000449442916844407	9	0.0004800572780033022	344	0.000651093389894125	33	0.0009486731327609787	81	0.0005622223562461045	9	0.0016443657587840636	6	0.0011063184368765762	9	0.0010059298883396742	344	0.00067376088457631	33
4860	0.0007525967169352013	81	0.001909674543232712	9	0.001313578263249039	6	0.0009597962436678745	9	0.0007685437948128387	338	0.0005835890404913193	39	0.0008290479418529641	81	0.0010706249692597806	9	0.0016312608289442705	6	0.0012718568376041718	9	0.0007129762194526028	338	0.000502931629041892	39	0.0006390940622511112	81	0.0005251534395059396	9	0.0006665875951034776	6	0.000672918189141204	9	0.0004524569129426873	338	0.0006091940626719131	39	0.0007643326306443527	81	0.0007231639381420078	9	0.001034362246839771	6	0.0028016887200016816	9	0.000893601361241111	338	0.0006474964754390442	39
4870	0.0009883361583385326	81	0.0010906908661672378	9	0.0011141410251289507	6	0.0010387245937667365	9	0.00093330959059575	341	0.0009181419383500205	36	0.0009462479096389636	81	0.0012011548755621643	9	0.0013742582396378171	6	0.0009716574854856066	9	0.0007774611328114338	341	0.0006498386315001873	36	0.0006540004833847888	81	0.0004071174430393994	9	0.0006658294214016555	6	0.0006773858849219686	9	0.000473505675486884	341	0.000487957051114209	36	0.001234185649755266	81	0.0010295930114454005	9	0.002008270962023195	6	0.001929478358803635	9	0.0013658689143380457	341	0.001189754441368462	36
4880	0.0007910148559186074	81	0.0009569979817618696	9	0.0007555559274662424	6	0.0015354064898882892	9	0.0008246006159183134	343	0.0008290214578615137	34	0.0009672740841646368	81	0.0010403924528161919	9	0.0013510482578730366	6	0.0010548227215374955	9	0.0007132443008077361	343	0.0006260697228161183	34	0.0005866213911926263	81	0.00047484862678243714	9	0.0006427748263672035	6	0.000752399697712717	9	0.0004298187483325305	343	0.0004141373817843902	34	0.0011035167114803793	81	0.0007741220391984396	9	0.0010530625219589437	6	0.0008833840819984811	9	0.0009982547954188333	343	0.0011451612922161972	34
4890	0.0008392118286871223	81	0.0011861884699548774	9	0.0010428461535875535	6	0.0009777555691004242	9	0.0008429033365619384	349	0.0008508526165478839	28	0.000901203840362024	81	0.00131954496131435	9	0.002282196402155287	6	0.0010462857296989303	9	0.0008337429732628688	349	0.0008578710796998017	28	0.0006478340639067202	81	0.0005215159149380391	9	0.0007381004691610649	6	0.0006812033521360502	9	0.00041650456795332233	349	0.0004029164775498153	28	0.0011533323887572828	81	0.0004693407105546812	9	0.0009979156326955856	6	0.001100895810353034	9	0.0013018064691576528	349	0.0014273029720963326	28
4900	0.0008452455495426051	81	0.0008584054913384926	9	0.0013472112539052907	6	0.0013281054211081154	9	0.0010053493543779467	343	0.0008795211196065183	34	0.0007862603313470239	81	0.0008874231482963542	9	0.001882650741858717	6	0.0014216933308827007	9	0.0005736172687813146	343	0.0005990637094846304	34	0.0007382024725096111	81	0.0005754198432945562	9	0.0006552907510954548	6	0.0006885226658329594	9	0.00041468067862087906	343	0.0004940456761199158	34	0.0007012478547704262	81	0.00021263062120595633	9	0.0006307753578942976	6	0.0008598883854081073	9	0.000720552010450929	343	0.0008251725347056701	34
4910	0.0009482345311470008	81	0.0013481818755135466	9	0.0010360494783242058	6	0.0011472108263175444	9	0.0009522917938641714	339	0.0009098990793529864	38	0.0009584539044174068	81	0.0012932128302329232	9	0.001235707155609444	6	0.0011816177997424908	9	0.0008098139392774313	339	0.0010218213125980154	38	0.0004565798809790726	81	0.0003797784535381538	9	0.000632253978501856	6	0.00046214895952585217	9	0.0004129298100299382	339	0.00036759619940272825	38	0.0008688300434729901	81	0.0008165667913333658	9	0.0012043174810546073	6	0.0009152353306906729	9	0.0008796740334316288	339	0.000828265531867361	38
4920	0.0009209376286346339	81	0.0012035859224072162	9	0.00098590439733972	6	0.000935493502342675	9	0.0008741275505201395	340	0.000887229716099763	37	0.0008180002307596211	81	0.0010506323934070796	9	0.0012437257516186395	6	0.0010294609733722177	9	0.0006456946192496893	340	0.0006860770049547302	37	0.000599766825707275	81	0.0006052041900141603	9	0.0005686234537905844	6	0.000738645674088574	9	0.0005125893970085062	340	0.0005732072743364734	37	0.0006072577790093847	81	0.0006983269844888817	9	0.0003210849047600617	6	0.0005836247882043741	9	0.0008772754629637055	340	0.0012616327398758116	37
4930	0.000972552989155584	80	0.0015035527547887966	9	0.0009336181404928664	6	0.0009144396626450953	9	0.0008654587530768478	341	0.0010841398154373713	37	0.0006734152759430647	80	0.0009661581568878023	9	0.0013390967021723128	6	0.0008988293598875806	9	0.0006137952213236923	341	0.0006843627693462834	37	0.0007475174690890427	80	0.0006260927031023234	9	0.0005020336879770058	6	0.000844059908988406	9	0.0005234603484167235	341	0.0006193856994092531	37	0.0005338769089815222	80	0.000567018934055199	9	0.0009891400374056791	6	0.00039419993158118207	9	0.0007239062590494984	341	0.0006678175429283812	37
4940	0.0009955128763966144	81	0.0009632888081619845	9	0.0012649961825886564	6	0.0010726321377136244	9	0.0009555279853726835	342	0.0009319736275490541	35	0.0010400525847845898	81	0.0011118223369695525	9	0.001399902649413839	6	0.001078768380979215	9	0.0007690238336955274	342	0.0009940210915005512	35	0.0007583399491155863	81	0.0003533122708934332	9	0.0007387638372477667	6	0.0006548890825586306	9	0.0005063920631036421	342	0.0005892540098990489	35	0.0009491646141718806	81	0.0009577563673765144	9	0.0006182491038149632	6	0.0007638139464563858	9	0.001181253980635442	342	0.001349938929509956	35
4950	0.0008933410227548534	81	0.0011397036612967213	9	0.0007409901995416787	6	0.0013243755406378878	9	0.0010482068219353708	341	0.001062680135353575	36	0.0008559909952091633	81	0.0009337716654439446	9	0.0013604977071819998	6	0.0011126483106079755	9	0.0007372826552995943	341	0.0007376843367017966	36	0.0007123640946160646	81	0.0002857522203023819	9	0.0005533147695319851	6	0.0003993071806114463	9	0.00042861302445483323	341	0.00043256950662006995	36	0.0006828994371675959	81	0.0007613065064364486	9	0.00033514395896386815	6	0.000765089084513859	9	0.0014371893080022387	341	0.0007362172844400744	36
4960	0.0008310322343735659	81	0.0011428555979810444	9	0.0006494726175773914	6	0.0011029058674610894	9	0.0006972947766257378	352	0.0008215448141253339	25	0.0007459941490160977	81	0.0015057603987601131	9	0.0016615195749362004	6	0.0010399612021984267	9	0.000717968146124565	352	0.0006096710698290987	25	0.0005754668982513628	81	0.0006505729120836862	9	0.0007164635198881676	6	0.0004902970816133253	9	0.00042606334408336647	352	0.000475093094193813	25	0.000703475922230791	81	0.0009105935162342429	9	0.0008524459303849704	6	0.002262650664938279	9	0.0011244154137406198	352	0.0019882769278675165	25
4970	0.0009202632066258566	81	0.0007930153593591341	9	0.0009903337046851426	6	0.001174469385525109	9	0.0008054591774454569	345	0.0010113916172923704	32	0.0007218890582555398	81	0.0009416012887514894	9	0.001530544876659396	6	0.00146536533072667	9	0.0005921553381218736	345	0.0004881938313661518	32	0.0005972368076968158	81	0.0006888448483338559	9	0.0006419078407209856	6	0.0003857972155251421	9	0.0004571820769065534	345	0.00037440465545325976	32	0.0007443912320060894	81	0.0001718789971176071	9	0.0008357332975469142	6	0.00042643149045686496	9	0.0005811062625645325	345	0.0006548602356260905	32
4980	0.0009241599113078454	81	0.0009787860551628876	9	0.000674792986608031	6	0.0015218130452954032	9	0.0006600857604305186	339	0.000550280413191832	38	0.0008084443405994575	81	0.0013948152927008197	9	0.0012978916457781298	6	0.0011417292889087834	9	0.0006665412330546012	339	0.0007837040773515331	38	0.0006180962143915244	81	0.0006200351711990636	9	0.0005970727425986174	6	0.0006077470845686416	9	0.0005307465308591322	339	0.00042276105835009186	38	0.0008753904609804126	81	0.0002810008191566982	9	0.0014783915059315932	6	0.001138629708390528	9	0.0008578124257870948	339	0.0009914306426764407	38
4990	0.0007420917171977699	81	0.0007149506010967332	9	0.0006039940356896779	6	0.0007162209306896977	9	0.0006989234913416551	345	0.001129948871002498	32	0.0007981255387706449	81	0.0009862281782232866	9	0.001604896329000709	6	0.0010159928283674196	9	0.0006924541395217463	345	0.0006526385179425538	32	0.0004925389152434371	81	0.00041777594785104863	9	0.0006008190185270507	6	0.0004958485322027413	9	0.00040909126715800177	345	0.0003314453583822467	32	0.0007992155463842015	81	0.0006107723590924968	9	0.0004701198221309006	6	0.0010450908186144159	9	0.0009389965958358986	345	0.0007041208260767844	32
5000	0.0008154031512170877	81	0.0012109396862966697	9	0.0006727923862305715	6	0.0011182103309996454	9	0.0007988576392110561	342	0.0007738637111017737	35	0.0007149685124969151	81	0.0011079825716112806	9	0.0009706256722736001	6	0.0008785174467220193	9	0.0006737579198174381	342	0.0006932157749786047	35	0.0005771611907034745	81	0.0003973819059854723	9	0.0005987769546771427	6	0.0005633885949439559	9	0.0004520109134974964	342	0.0004473377568608372	35	0.0007658772177584807	81	0.00044471785428646494	9	0.0009873455656652364	6	0.0007388849351329254	9	0.0010571687310804818	342	0.0013391719474111475	35
5010	0.0010212836047320789	81	0.0010506531198911525	9	0.0007725069719094131	6	0.0009192815769483768	9	0.0008679965457155324	341	0.0008088334113019212	36	0.0007710477930526413	81	0.001157243271841298	9	0.0011335699287404954	6	0.00125423166161526	9	0.0006844683001929817	341	0.0006957565026473196	36	0.0005881491362822688	81	0.0006787996595730853	9	0.0005737418484492244	6	0.0005083110844299965	9	0.0004980668035984523	341	0.0005659282538484043	36	0.0011784946366330082	81	0.001301425436352965	9	0.0008427488106971153	6	0.0008835895335602616	9	0.0008370669396951411	341	0.0012821041910011444	36
5020	0.0009208565418521338	81	0.0015662948343179058	9	0.0009472094136906	6	0.0015603865591328125	9	0.0010184397413960573	340	0.0008135510812997941	37	0.0008318994733068241	81	0.0010463691405848236	9	0.001832809936950776	6	0.0011976661427267252	9	0.0007152978413782073	340	0.0007575093801863544	37	0.0005094495621989516	81	0.00045508230006525947	9	0.0005388097970460107	6	0.000773055276410024	9	0.0004615864053475097	340	0.0004940324621767666	37	0.0008981905236713166	81	0.0006389035558789793	9	0.00040902079280187104	6	0.0005423207636117009	9	0.0007971554558214813	340	0.0010643837362245498	37
5030	0.000889886175932649	81	0.0009481932084022177	9	0.0008992902168885279	6	0.0008624431474033426	9	0.0008890526898807662	338	0.0009020104177706536	39	0.0006513958059332195	81	0.0011800815569189974	9	0.001329563826643393	6	0.0009883440249873754	9	0.0006172461670175488	338	0.0006734873153832934	39	0.00041936497325888975	81	0.0004278772765118745	9	0.0003117297970956733	6	0.0005047790957483725	9	0.0003374343006269991	338	0.000433853809946371	39	0.0006771722783072643	81	0.0005123043055076275	9	0.001124988092610622	6	0.0005539526979065021	9	0.0008916502892342146	338	0.0009914101866056839	39
5040	0.0008398240525997761	81	0.001169743629722374	9	0.0008789429220816208	6	0.0011415872285435733	9	0.0010301437436087888	339	0.0011429026404677016	38	0.0007424594495557417	81	0.0008495340164890126	9	0.00202587011151455	6	0.0011322967072964342	9	0.0006786592575582951	339	0.0006260870289026087	38	0.0007609668232190508	81	0.00052932493421826	9	0.0005453370080518	6	0.0006042989731376667	9	0.0005785611154476973	339	0.00045027800619644454	38	0.0009052420270432698	81	0.0010484852884401008	9	0.0010925438681313579	6	0.0011714835112480054	9	0.0009794356798691112	339	0.0012729159471877014	38
5050	0.0008331106211177425	81	0.0009037313832773185	9	0.0007598702565972427	6	0.0009692753976102589	9	0.0008264111770393873	339	0.0007854848566088975	38	0.0008073874726935685	81	0.001187120840762979	9	0.0012223558306050642	6	0.0010020380246731951	9	0.0006985049995777483	339	0.0008310360560164593	38	0.0006711174107292592	81	0.0006133165802810255	9	0.000573014708132051	6	0.0004732523778962851	9	0.0005883703189383583	339	0.0005716049754264835	38	0.0008162275533955557	81	0.0007144421376634435	9	0.0010791011888417882	6	0.0009053276528529688	9	0.0008076625895236437	339	0.0013798947027961203	38
5060	0.0007663803811258823	81	0.0008041322220300801	9	0.0006951022934366252	6	0.001228103047155975	9	0.0008142453977216084	342	0.0007695684297272519	35	0.000826483422970568	81	0.0011266064262312355	9	0.0014403032916948317	6	0.0010688295355001794	9	0.0006551244133516275	342	0.0006262074118501259	35	0.0004785493639388782	81	0.0006069441116894473	9	0.0003890397622577433	6	0.0005733545822013508	9	0.00040440537772965505	342	0.0005597973695571768	35	0.0011054328789028007	81	0.0003835383599792874	9	0.0010195421397731043	6	0.0009284662675195105	9	0.0007944582310621696	342	0.0010638670872542822	35
5070	0.0006751465003298622	81	0.0011784571857866091	9	0.0008630263849699796	6	0.0008698693633581219	9	0.0006711198044701711	348	0.0005912855260054313	29	0.0007552589179545135	81	0.0010834889358966814	9	0.0011526365592151278	6	0.0010191331661066469	9	0.0005659953464184608	348	0.0006264256294517964	29	0.0005620327806146369	81	0.0005538977857754064	9	0.0008711081901349339	6	0.0006109253017556283	9	0.0004276384855071455	348	0.00040436375479108936	29	0.0006491681488079025	81	0.0004257150360913488	9	0.0018962900216750844	6	0.0014065695153876738	9	0.0008944877467531607	348	0.0006368576656021876	29
5080	0.0009827222253548573	81	0.0011115781781573448	9	0.0012461438484112541	6	0.001024720773309242	9	0.0009227922377126313	347	0.0007966327438101666	30	0.0008178124037212431	81	0.0012203531953894424	9	0.0010614992739178541	6	0.0010212494324468506	9	0.0008026239960427322	347	0.0007336457352141591	30	0.0005944569958759706	81	0.00044796994321051164	9	0.0008157401298922055	6	0.000545890618324591	9	0.000507692126988411	347	0.0005440830999774423	30	0.001147711365667476	81	0.00028148874540639946	9	0.002724592817830664	6	0.0007709290941617367	9	0.0009772452219752566	347	0.0009292611697304885	30
5090	0.0010096965186164914	81	0.000909998825339986	9	0.0008006227476024829	6	0.001123942237692618	9	0.0009692571095149255	338	0.0011067927955444247	39	0.0009042610394751568	81	0.0012167629207213019	9	0.0013300220574812398	6	0.0017111272053793151	9	0.0007244429771886114	338	0.0006503001589696966	39	0.0006938323596894385	81	0.0006233785483971529	9	0.000674011085829971	6	0.002733141646900695	9	0.0006365803663722678	338	0.000631480087093928	39	0.0010874998330301431	81	0.0008347212817046549	9	0.0012120441861022885	6	0.0008665663332798635	9	0.0011053479704778958	338	0.0011474986846311045	39
5100	0.0007413942035790212	81	0.0007940408510042643	9	0.0005344194139234156	6	0.0009910868671021492	9	0.0006169928575177581	338	0.0005994023032034047	39	0.0007733728213904232	81	0.0009614364265944669	9	0.0009514964112875956	6	0.0011256288994081864	9	0.000493391420691082	338	0.0005734789577005949	39	0.0005909629824294876	81	0.0002736042208124015	9	0.00060241788105106	6	0.0005432413501068828	9	0.00039526524076794996	338	0.0004239488919878272	39	0.0006421283948923535	81	0.0004959490121133397	9	0.0011214509235784945	6	0.0016116968774689193	9	0.0008179196020951689	338	0.0008637964946227982	39
5110	0.000904167593074149	81	0.0008811061760349377	9	0.0009224608210764247	6	0.001055945143140626	9	0.000874820955658342	345	0.0009406390555645159	32	0.0009388193014871309	81	0.0008389126692302669	9	0.0019204297703474885	6	0.0009112182742635924	9	0.0006922377107521807	345	0.0006959952127736047	32	0.0005159551296161106	81	0.0004117882371075569	9	0.0005968079575619205	6	0.0006438602879229675	9	0.00044801141450654736	345	0.00036978397224221474	32	0.0007534942372764386	81	0.0004748166364778702	9	0.0012643452640549357	6	0.000761449742815181	9	0.0007385720537669009	345	0.001044914824803167	32
5120	0.0008442557510362128	81	0.0009603643819013265	9	0.0008911102727767657	6	0.0009387965374439568	9	0.0008199131127597574	345	0.0007876591613271152	32	0.0008439034958528099	81	0.001078151525705868	9	0.0015765448733061314	6	0.0010445529944802532	9	0.0006624952251761534	345	0.0007189000635234075	32	0.0006698985678316859	81	0.00039796852411312536	9	0.0006883635610773434	6	0.0006464221973102368	9	0.0004981988649777404	345	0.0004898037970998445	32	0.0006872995189931749	81	0.00030029708309860334	9	0.0008552247669190259	6	0.0008311346030991922	9	0.0008958208464652485	345	0.001371703174758633	32
5130	0.0008645241254628417	81	0.001127310170636401	9	0.0008176312788768769	6	0.0008207946659641558	9	0.0008944287640925363	339	0.0009061010700443619	38	0.0009009121225043276	81	0.0013084189413468648	9	0.001420422803985865	6	0.0009840995078578183	9	0.0007311022248640815	339	0.0008066027772914965	38	0.0005540359096734857	81	0.0003977596349566821	9	0.0005641311882283893	6	0.0007101867561649293	9	0.00041666663468751196	339	0.0005386587656413765	38	0.0012261225403642647	81	0.00041503077473673374	9	0.000324252355183303	6	0.001747336431072021	9	0.0009370879816047226	339	0.0014593613713113137	38
5140	0.0010043562791646208	81	0.0006906777961425021	9	0.0008157966426884012	6	0.0006900096491653678	9	0.0008190985688122813	338	0.0007263345686943579	39	0.0008295480417115595	81	0.0008405578087112599	9	0.001737097578525453	6	0.0008366718982640578	9	0.0005698305905267271	338	0.0006873604213868557	39	0.0006098094970851879	81	0.000519986823938725	9	0.0007370389322576863	6	0.0007460364772021518	9	0.00045837215484892917	338	0.000559964529678158	39	0.0007308271673329342	81	0.0004439153686106986	9	0.0008955293125744337	6	0.001348755476009934	9	0.0008382819124231678	338	0.0007099963233494746	39
5150	0.0008183400146900164	81	0.0011435964219332468	9	0.0011177755877650611	6	0.001026017049894734	9	0.0007810043186120231	336	0.0007958308273743016	41	0.0008279602400923384	81	0.0011555917330376762	9	0.0009440944640207574	6	0.0013711542502794966	9	0.000731139223599566	336	0.000751388359233462	41	0.0006203146387916547	81	0.00045398691732245256	9	0.0007776934784186196	6	0.0007268592788144813	9	0.00042948908679687673	336	0.0003635492679602654	41	0.0004695513361497452	81	0.00038465227761146195	9	0.001142882063060751	6	0.0003806475727104976	9	0.000652101535389407	336	0.0008179331770055833	41
5160	0.000769039100747119	81	0.0009548331996428022	9	0.0007353548206219602	6	0.000842294463453054	9	0.0007504724822048861	342	0.0007795742722085532	35	0.0008741528032888023	81	0.0011669236390065634	9	0.0015237374276593932	6	0.0011018297435264716	9	0.0006637875144072704	342	0.0006610191717326541	35	0.000877478131181465	81	0.0014496303574644636	9	0.0009142252533111375	6	0.0004522593811267993	9	0.00046772662886243713	342	0.0003869600698196162	35	0.0006574729265655655	81	0.0003056668981251832	9	0.0009572324385445555	6	0.0007425071490991178	9	0.000747909493755967	342	0.0008824688267809275	35
5170	0.0009496543909322006	80	0.0009551632376733241	9	0.000885492071767054	6	0.0015447529000055258	9	0.0009227007191096818	344	0.0008358779025738176	34	0.0006784019910010547	80	0.001143658422223282	9	0.0014213243870531123	6	0.0009255686875408584	9	0.0005616496172739322	344	0.0005347113862113413	34	0.0005392490596961657	80	0.0004821616590376193	9	0.0005661517482805996	6	0.0005639801425048716	9	0.0003799267239727881	344	0.000393120903223001	34	0.0006450411622539035	80	0.00019391025123786858	9	0.0015774551682976397	6	0.0006725425314128594	9	0.0009690436322260399	344	0.0007486400392848837	34
5180	0.000857820503777312	80	0.0008524651221960992	9	0.0010203735300507424	6	0.0011934266477190412	9	0.0007923463213677374	345	0.0007502858609656209	33	0.0006812789039307048	80	0.000970039862129491	9	0.0016560559605282837	6	0.001048791246470277	9	0.0006313431839891623	345	0.0007249835902348306	33	0.0006364842734713396	80	0.0004549952643087457	9	0.000711713094781719	6	0.0006827964983426349	9	0.0005385225678668272	345	0.0005483176223370962	33	0.0005582257840086625	80	0.0003757192838907282	9	0.001315250686835438	6	0.0015850203546165246	9	0.0008078836477001633	345	0.0010112481299052387	33
5190	0.0007733355273328641	81	0.0012660126345403649	9	0.0011143897786841017	6	0.0009474815376488379	9	0.0007257385059431823	340	0.0007188364096400087	37	0.0008698457921562781	81	0.0011480722202586423	9	0.001240599192534948	6	0.0008314856493486206	9	0.0007063084988022426	340	0.0006632296204238935	37	0.0005310262406332246	81	0.0006067146812603182	9	0.0005534668466161678	6	0.0005406223233604373	9	0.000416886945512223	340	0.00037154960821061375	37	0.0006704382598533868	81	0.0003156512169379363	9	0.000848897976590616	6	0.0003773677956391507	9	0.0010099653132748768	340	0.0007142783115185529	37
5200	0.0009095871556744082	81	0.0011045380494314914	9	0.0011219818379506823	6	0.0012100692049415713	9	0.0009372832869655113	345	0.0009051738881047657	32	0.0007075289168793319	81	0.001046119686289099	9	0.0013211662950499096	6	0.0012739326303258588	9	0.0006324626422356727	345	0.0007983279530833159	32	0.00043725291652074066	81	0.0005749529033514367	9	0.0005969438032112087	6	0.0006185712820277234	9	0.00042039221853174924	345	0.00035838382090614264	32	0.001133508368323796	81	0.0007290849863957952	9	0.001474840667700219	6	0.0005776099863897749	9	0.0011928627611717613	345	0.0018271893446817884	32
5210	0.0011404884172574652	81	0.0009892010800583424	9	0.0008736736892870712	6	0.00190199277866083	9	0.0008660708268267677	345	0.0007133085223117082	32	0.0007981723537446707	81	0.0012327262526718125	9	0.0011852812682139277	6	0.0015746823424627563	9	0.000636317288186533	345	0.0006471514553618859	32	0.0006042594117461633	81	0.0004470760457959561	9	0.0005102552955076105	6	0.0006871385003851398	9	0.0004691106436297596	345	0.000387325926403014	32	0.0008869019321565015	81	0.00022343092754614855	9	0.0007251392729780969	6	0.0008859299958629764	9	0.0010247006662237115	345	0.00131939812504082	32
5220	0.0009073472805272653	81	0.0007386458999635403	9	0.0011036395604842816	6	0.0010785448499024167	9	0.0007829781558945123	347	0.0010668526160765726	30	0.0008961707057525934	81	0.0013393843480018332	9	0.0012227081002979562	6	0.0014000792479620277	9	0.0006633872968473454	347	0.0005271639768750993	30	0.00046797479880840567	81	0.0004656042148939645	9	0.0007029158665676859	6	0.0005327824724243486	9	0.0005020026818000419	347	0.0004936228893310348	30	0.0014503120896181007	81	0.0012200943429106798	9	0.0017913727715293502	6	0.0010641730708039713	9	0.0012123658898392546	347	0.0014774020437870836	30
5230	0.0007596284643463042	81	0.0007479229093909998	9	0.0008631007146603667	6	0.0009181859477667668	9	0.0007093430040041789	336	0.0007462355502789961	41	0.0007176010248668469	81	0.00107255113685423	9	0.0011932189681606495	6	0.000888717987177137	9	0.0005736170973932273	336	0.0006191056499822723	41	0.0005154805691309995	81	0.0003402073996174208	9	0.000660769319856364	6	0.0004839680267765514	9	0.00041350705115023647	336	0.0004786591144999913	41	0.0012190677868176344	81	0.00031182264837127974	9	0.0014366596979958728	6	0.0008189945695035809	9	0.0010074304796892674	336	0.0015967690119572796	41
5240	0.0008017934699767731	81	0.000743143665220818	9	0.0007935242035542856	6	0.0008651406250284221	9	0.0008014563101914596	333	0.0007984828836582722	44	0.0007677005794184127	81	0.0008345991586551	9	0.001356161472757715	6	0.0009562195675704197	9	0.0006616166131738378	333	0.0005342750517058216	44	0.0006139560246636878	81	0.0011529939289779893	9	0.0005751119082197347	6	0.00042600582987159296	9	0.0003686673365958775	333	0.0004989679147096416	44	0.0008003108398477283	81	0.0010069092458380767	9	0.0012976245258032617	6	0.0006691000930800018	9	0.0007601823005027041	333	0.0007778276935743244	44
5250	0.0008641094843690955	81	0.0009964904875793947	9	0.0011184449346704802	6	0.0012878826720038147	9	0.0008152884468746045	338	0.0008054431938909468	39	0.0007911325084443802	81	0.001449708318135383	9	0.001671868708923557	6	0.000941004270056134	9	0.0006420050709256332	338	0.0006977313809397505	39	0.0005624095382629433	81	0.00044081393159558103	9	0.0007356840594513241	6	0.0005838929357048567	9	0.000478039957261388	338	0.00048709684678461987	39	0.0011049408936267791	81	0.0008950589964074602	9	0.0009440090851121903	6	0.0007413870262520776	9	0.0010158080832994604	338	0.0010056949242080325	39
5260	0.0008138167218414013	81	0.0009756541180032343	9	0.0008753096360819328	6	0.0008453303390354944	9	0.0008777706111006651	338	0.0009101833991887232	39	0.0007876097105796206	81	0.001061105114737648	9	0.001542909086251752	6	0.0009997642420631074	9	0.0006611014065593218	338	0.0005843545044344724	39	0.0007170921337188936	81	0.00037256321216127733	9	0.0005960674630595911	6	0.0006081888236242094	9	0.0004578912324447788	338	0.0005273408166044513	39	0.0010267186447320098	81	0.0008441313041854707	9	0.001186369593433655	6	0.001445721812477954	9	0.0011187672260577492	338	0.0015064101531032227	39
5270	0.0008076718191929219	81	0.001086005106393476	9	0.0007447647244916376	6	0.000733408689644012	9	0.0006723149012017707	339	0.0007144844209699616	38	0.0007301364735371294	81	0.0013797669752370918	9	0.0012623656559826333	6	0.0008634543737638281	9	0.0006707005732078945	339	0.0006602981901830561	38	0.0006206128554184651	81	0.0005308134316346309	9	0.000363998639359817	6	0.0007328338128152006	9	0.0005072503602134196	339	0.00048469743929450623	38	0.001076183769823994	81	0.0006789425942857293	9	0.0006757744198540311	6	0.0007425609572977124	9	0.0014454250160695506	339	0.0013808358177238966	38
5280	0.0007187871210106198	81	0.000726795808128014	9	0.0007278791004973889	6	0.000763031566797445	9	0.0007159157853938207	342	0.0007300683337915434	35	0.0008310054717276807	81	0.0012159885385777977	9	0.0018283883032136487	6	0.0011064749394418608	9	0.0006561126412839839	342	0.0006378740243109639	35	0.0005152797096801021	81	0.00038839793032030193	9	0.0005842205856372598	6	0.0004182067720300121	9	0.0004018443547366437	342	0.0004098675877777532	35	0.0007682257267659705	81	0.0005466308072064118	9	0.0007463346989088892	6	0.0008078069723971581	9	0.0007053772309995301	342	0.0007618896487753762	35
5290	0.0008928236798667376	81	0.0006900676876453227	9	0.0008037462184222408	6	0.001530286309471153	9	0.0008101510964569528	335	0.0009855131074043154	42	0.0007653443270314111	81	0.001327960727676752	9	0.0012567296360705665	6	0.0009799553098714469	9	0.0006593296823316398	335	0.0008834072002510703	42	0.0005907964199464007	81	0.0004902224799636467	9	0.0006790205367746366	6	0.0007595857587707386	9	0.0004221540178013769	335	0.000491306866249552	42	0.0009158278877582191	81	0.0007439253750595087	9	0.0013089168274783333	6	0.000883364971010842	9	0.000828905170608049	335	0.0008541866136429659	42
5300	0.000805325645596922	81	0.0010575533083304564	9	0.0011998053464387524	6	0.0011277222975215036	9	0.0007731198863884514	338	0.0006438581038258428	39	0.0007809793504892291	81	0.0010212189577316318	9	0.0016420381023346132	6	0.0009508978269090726	9	0.000669656753971102	338	0.0007548457301051239	39	0.0004995521629937648	81	0.00045715225943725933	9	0.0005349542190655941	6	0.0006133690498869671	9	0.0004511880803948616	338	0.00041767327587586916	39	0.0007769952069298425	81	0.0007164701751291572	9	0.0007240343247237606	6	0.0007926923019915085	9	0.0007721505537817933	338	0.0007123960491434466	39
5310	0.00097819862454347	81	0.0011160273067204515	9	0.0011357070101259215	6	0.0008185487049543115	9	0.0010344017167165298	344	0.0010225602781701417	33	0.000826065967137646	81	0.0012892111573639489	9	0.001503249200661744	6	0.0010214961922619436	9	0.0006624007337615625	344	0.0007825014351820675	33	0.00039652115268563545	81	0.00048193135501382905	9	0.0005383510870474847	6	0.0004555791606194945	9	0.00039162049196748674	344	0.0004438293813697717	33	0.000855094943519358	81	0.0006283330613100903	9	0.001419051634678077	6	0.0007470645185694353	9	0.0009219395015466161	344	0.0009538572916401118	33
5320	0.0009338143678409979	81	0.000958663095689498	9	0.0011250120649943483	6	0.0013661167497808747	9	0.0008792688060227105	341	0.0008841837354862366	36	0.0008191150294909543	81	0.0007944920020972262	9	0.0017323285671843654	6	0.0010022065522322413	9	0.0005256948013291113	341	0.000764187924975302	36	0.00037097418158596267	81	0.000453537488902332	9	0.00046144239544099316	6	0.00042368726861856187	9	0.00037535426661219765	341	0.00040344086171903795	36	0.00046577277789442253	81	0.0011179830662384157	9	0.0015318298480600182	6	0.0007764230836085075	9	0.0007519136073032889	341	0.0010517887542389795	36
5330	0.0008990654658197891	81	0.0010832368608932712	9	0.0007119612042256934	6	0.0010334316749848315	9	0.0008162261996706572	344	0.0007416564354597945	33	0.0007857711108848091	81	0.0011391716042921775	9	0.0010838467407146741	6	0.00154237997647135	9	0.0006080398054600723	344	0.0006438057728289788	33	0.0005076812785524072	81	0.000482387859796633	9	0.0005413408703755106	6	0.00048503541663902285	9	0.00037520540016536524	344	0.000350755636058157	33	0.001005683897947598	81	0.00044257001298750494	9	0.0008329000531623073	6	0.0006525757960961757	9	0.0010239518916521052	344	0.0015289691902536776	33
5340	0.0007777066613179866	81	0.0008918318564652632	9	0.001117221858158209	6	0.0013970938713795255	9	0.0007712718616853506	344	0.0008715903330105593	33	0.0007902740210066593	81	0.0010529407859188207	9	0.0011875123112188395	6	0.0010424847654624378	9	0.0006428626795964046	344	0.0008206883248396742	33	0.000665511626801275	81	0.0005442861587972794	9	0.0006871328481236	6	0.0006466349932539696	9	0.000519604917976613	344	0.0005089916776561307	33	0.0010066866318912556	81	0.0008495488699317905	9	0.0012436571177263983	6	0.0013435063325568089	9	0.0010356968092370363	344	0.0007790892180505554	33
5350	0.0008713031500023124	81	0.0009694840720274531	9	0.0013656362366129776	6	0.0007228626141853105	9	0.0008542879797977756	340	0.0013675868277296611	37	0.0007426792996287277	81	0.0011333092022240028	9	0.001096560743832864	6	0.0011818785475457014	9	0.0007198091095809157	340	0.0006835465813886013	37	0.0007009433373008956	81	0.0007034238531255464	9	0.0008692521499056057	6	0.0005646196593843266	9	0.0004966520683964616	340	0.0005982769304514458	37	0.001069280394778591	81	0.0006596131437909797	9	0.0005601594950604737	6	0.0010050591108244611	9	0.0011474221749502582	340	0.0011217880936084724	37
5360	0.0007450787888337458	81	0.0012374496920370221	9	0.0006458691240735992	6	0.0009271279313002046	9	0.0007508480185887545	334	0.0007919241376270371	43	0.0007753324094567939	81	0.0013842227934280828	9	0.0011667166830850529	6	0.0011859008968413852	9	0.0006656232749605998	334	0.0005928928629300345	43	0.0005376263841315604	81	0.0005152474806549868	9	0.00044346184934745985	6	0.0004938149098271996	9	0.0003861999976312651	334	0.00029633837799201957	43	0.0008194230450787638	81	0.000561657116440482	9	0.0008379925834690541	6	0.0007304989977394538	9	0.0007972103457221124	334	0.0006584238068791802	43
5370	0.0008516343483208404	81	0.0009153709890968453	9	0.001472988221094045	6	0.0008529857063117245	9	0.0008586960191915183	342	0.0008231038622362347	35	0.0007464489511791071	81	0.0008949156708347611	9	0.0017119090618831203	6	0.0010531236744241333	9	0.0005457072716193846	342	0.0006229307396675302	35	0.0005308903552444787	81	0.0008106864523671326	9	0.00040771743151796653	6	0.0004103212628309285	9	0.0003451337081617627	342	0.0005212801728172188	35	0.0008165796879432389	81	0.000647666413330093	9	0.0009424392469937921	6	0.0007210577495220053	9	0.0008469814210334158	342	0.0007110910833298275	35
5380	0.0006818173616879886	81	0.000847626039400013	9	0.000794214670120334	6	0.0010089478746854548	9	0.0007477191680863692	343	0.0007651009412077024	34	0.0008473836148210474	81	0.0008404133396096767	9	0.0016865738426705983	6	0.0008947346789054574	9	0.000539013871466912	343	0.0006838681119671942	34	0.0005845780759948716	81	0.0004485451365352858	9	0.0005228152041091827	6	0.0005826134976445052	9	0.0003554372401242809	343	0.0004844797101383299	34	0.0006439436762290386	81	0.0006382251432470234	9	0.0007536665510857399	6	0.0003644200050510879	9	0.0006362304921103795	343	0.0006960430889510109	34
5390	0.0009932050110072496	81	0.0011838354032006246	9	0.0009520830337353237	6	0.0013240189510471477	9	0.0009397722728737154	339	0.0010680435683080832	38	0.0010367164775717422	81	0.0013930938622050745	9	0.0015304268751235174	6	0.001201486857349966	9	0.0006298805181178789	339	0.0006464755567333985	38	0.0005825406945308307	81	0.0005208122937445394	9	0.0005361405281901701	6	0.0006643326660746907	9	0.0004523938172850991	339	0.00047334778209749765	38	0.0006807644363670119	81	0.0007871107017247101	9	0.001318552310938426	6	0.0013064360469061318	9	0.0011393496331155771	339	0.0010945647627271706	38
5400	0.0008733860887612571	81	0.0008970118310418914	9	0.0007930001443122048	6	0.0010725720830529904	9	0.0009201216194200861	340	0.0008028335296420098	37	0.0007784594919631746	81	0.0009573854951906319	9	0.0013752303890580287	6	0.001235590957834206	9	0.0006915750593716817	340	0.000675457393018559	37	0.0007292641401158708	81	0.000694999724621339	9	0.0009194246129793907	6	0.0005076843550141234	9	0.0005287230884367441	340	0.00043936414185157674	37	0.0011821372853450013	81	0.0005398591627867517	9	0.0012617803483786405	6	0.0006093740234366767	9	0.0010061586923060758	340	0.0009737938638819876	37
5410	0.0007004562696296894	81	0.0009080154303276521	9	0.0006662128558806961	6	0.0009048699066017176	9	0.0007627623435841291	339	0.00044773002952126637	38	0.0008729231956650398	81	0.0007605781455163958	9	0.0013271225522054942	6	0.0010302595772501656	9	0.0006189459404761397	339	0.0008447745386369671	38	0.000523411668939615	81	0.0005935772540046569	9	0.000533618039506103	6	0.0005583797060563139	9	0.00043701919644753405	339	0.0004880152125367739	38	0.0010453987550080614	81	0.00028769147714276114	9	0.0018722113567732322	6	0.0015936265414812133	9	0.0009608419713752051	339	0.000896755365576546	38
5420	0.0010922443318094653	81	0.0009173840899791455	9	0.0010624821277679182	6	0.0012682488710332577	9	0.0011264318765079838	341	0.0010981254037741553	36	0.0009006658215452343	81	0.0007451189438194661	9	0.0016580089747569385	6	0.0008423301566964948	9	0.0007170008281518419	341	0.0007300648986570506	36	0.0006640930188501757	81	0.0013149224988602147	9	0.0005699476416646649	6	0.0006465312825584377	9	0.0004570771014953974	341	0.00046425092870931776	36	0.0013218921781937023	81	0.0007418474151291796	9	0.0011689311596251696	6	0.001424609619973706	9	0.000968686030152566	341	0.0009840770106740193	36
5430	0.00089213508157466	81	0.0012688131763304447	9	0.0006800166504711433	6	0.0009926703478116373	9	0.0008029204459254371	349	0.000784465291573869	28	0.0008579139327126877	81	0.0014371721186506074	9	0.001472731984583038	6	0.0010160205695886459	9	0.0005910652987870376	349	0.000721224796199105	28	0.000544069487655151	81	0.0005018270572379668	9	0.0007445179462534055	6	0.0004047178059498529	9	0.0004897928957507921	349	0.0005019382222743096	28	0.0007399954442941255	81	0.0005766326236259664	9	0.0012948962174869647	6	0.0009193775740935265	9	0.0006240127553718318	349	0.0006906613632478977	28
5440	0.0007535807025559582	81	0.0011551406920202684	9	0.0012295600270614507	6	0.0009548189778621956	9	0.0007917599313738176	338	0.0008101407598430724	39	0.0009366743438734107	81	0.001238081895390188	9	0.0017180607792347726	6	0.000980355018954123	9	0.0006862991375410326	338	0.0006780457661839038	39	0.0005277397492086751	81	0.0004317613981507059	9	0.0005634688161033412	6	0.0005740674337429163	9	0.00044082929724287767	338	0.00045016095904592185	39	0.0009272846773074832	81	0.00045037374341615574	9	0.0008962302476140026	6	0.0006502538440557226	9	0.0008582196205010692	338	0.001183973906244056	39
5450	0.0008888046291443003	81	0.001248576660947308	9	0.0009039837160880032	6	0.001191232446064339	9	0.000778283818023304	341	0.0008738184275804149	36	0.0007624035114529335	81	0.0012859453886073001	9	0.0016812774799352035	6	0.0013604246150771496	9	0.000656310983529248	341	0.0006683731787598907	36	0.0005564496824745541	81	0.0006120373910211754	9	0.0006620068359584753	6	0.00046909059736921163	9	0.00040684813309152025	341	0.0004921387144827237	36	0.0010991826197669211	81	0.0007176201736431954	9	0.0013636876401246026	6	0.0009788323955590968	9	0.0010032546723847918	341	0.0014797411494244699	36
5460	0.0008982733168843919	81	0.0008766752562241373	9	0.0009014499849657394	6	0.0011878510772790763	9	0.0006085205028091046	343	0.0006323122517230817	34	0.000730689426076682	81	0.0010744704797137925	9	0.0014693615162544122	6	0.0007630114648796096	9	0.0005261626737423342	343	0.0005789485423646968	34	0.0006574728207607189	81	0.0002398877989730971	9	0.00042288283897830027	6	0.0008012429068268733	9	0.00043310190125785006	343	0.000340358784913549	34	0.0005612058393949658	81	0.0011737990426018213	9	0.0010764221353725143	6	0.0005861024752275358	9	0.001065257813972518	343	0.0005980376787747741	34
5470	0.0009422283443956285	81	0.0009373906001778792	9	0.000800187528224116	6	0.0007606746655686043	9	0.0007788767417626118	337	0.0008091726044545777	40	0.0009110115536463107	81	0.0009736882049234947	9	0.0012792400256248168	6	0.0006832639286929643	9	0.0006796245766384794	337	0.0007652404060779247	40	0.0004694382338119663	81	0.0007410942081672276	9	0.00042420674183524893	6	0.00041673740431631717	9	0.0003961224076064608	337	0.0003861812700949916	40	0.0007591147461707939	81	0.0031893986472166353	9	0.0004118549019080145	6	0.0011263545056032975	9	0.0008002049454260171	337	0.0006369831518820012	40
5480	0.0007526078196595795	81	0.0011333101293793334	9	0.0014553864521265301	6	0.0010593963583721679	9	0.0008455140805111314	339	0.0007647018384092708	38	0.0007554419323620378	81	0.001365962396116685	9	0.0012155912049414586	6	0.001102656416655039	9	0.0006162257001398444	339	0.0007799507092755478	38	0.0006403753312553976	81	0.0004159259537960976	9	0.0009583738322419547	6	0.0006124354330187748	9	0.00044034310695985595	339	0.00037630783257539886	38	0.0011390383698630159	81	0.0009054451560727911	9	0.0010116162684953196	6	0.0007376640279519881	9	0.0009789874348281363	339	0.0010792071425034177	38
5490	0.0006159721596895773	81	0.00044704726362764413	9	0.00040452461187302926	6	0.0011476194823434808	9	0.0007168679001919474	343	0.0007299974235445032	34	0.0008169732648189062	81	0.0011163839055399897	9	0.001355747748217627	6	0.0012923106810977894	9	0.0006953339595870094	343	0.000768673535374141	34	0.0005319591684341248	81	0.0003318243979507367	9	0.0004959352828144826	6	0.0005299613486130429	9	0.0004271666025213226	343	0.00049842585501283	34	0.0008601904333615677	81	0.00046461480884544605	9	0.002504513028697762	6	0.0016240141684228026	9	0.001085504338589476	343	0.000993036431690668	34
5500	0.0008139569467066417	81	0.000825783111668795	9	0.001025055060268573	6	0.0011280830131799608	9	0.0007886255806750398	342	0.0008430026459239524	35	0.0008213590309207816	81	0.0013272805473882943	9	0.0015796443230668318	6	0.0010334806866320921	9	0.0006761415960579396	342	0.0004972666527649024	35	0.0005680780585064308	81	0.0007090507742563436	9	0.0008156379687538649	6	0.0006336126412036824	9	0.0005414763550622068	342	0.0004797184360513836	35	0.0009980805401700891	81	0.0006132479184551476	9	0.0009025179656951487	6	0.000936663824362011	9	0.0012324004883900216	342	0.0008874105544000649	35
5510	0.0010121042142145307	81	0.001027501815697734	9	0.0010714487083332816	6	0.0012516603069683907	9	0.0009186010976103279	342	0.001089455156276732	35	0.0009338452253302627	81	0.001154205040486848	9	0.001291406950698953	6	0.0010550670446121606	9	0.0006830684138327221	342	0.0005987626412724822	35	0.0006590889845971004	81	0.0004331591166089615	9	0.0006809475525576396	6	0.000452246767779638	9	0.0004067536280815734	342	0.0004456456049871428	35	0.0007343508230993541	81	0.0007356526296708619	9	0.0008866599087735653	6	0.0010698098200237329	9	0.0009649216370320881	342	0.0009187919682349184	35
5520	0.0009166029438044055	80	0.000789148145031996	9	0.0009494040320245367	6	0.0010199731368571725	9	0.0009089429384194543	338	0.0009856395342031016	40	0.0007603143143881715	80	0.0012475015336621137	9	0.001059625314463494	6	0.0012977366443219622	9	0.0006056504523214106	338	0.0006200808977143829	40	0.00047733653025940347	80	0.0004580750554372713	9	0.0006097242252483004	6	0.00047113732825308427	9	0.00043115226330624917	338	0.0004641379606792198	40	0.0005351250473850068	80	0.0004697273531938727	9	0.0010683720170296255	6	0.000560190088862028	9	0.0005864998309823543	338	0.0008105880011497962	40
5530	0.0008605544643811241	81	0.001240087557228057	9	0.001253879901919812	6	0.001101281075589425	9	0.0007704441754127124	342	0.0006702643070463698	35	0.0010298506512760339	81	0.0010630938131284183	9	0.0014588502603728089	6	0.0010574329835907191	9	0.0006299902186884985	342	0.0005771328635863129	35	0.0006760506019094542	81	0.00045734334521691563	9	0.0009993150269452654	6	0.0005482762134361297	9	0.0006372847108197798	342	0.0005220820300845998	35	0.0008610839587484943	81	0.00031946914791364993	9	0.0007921041439887156	6	0.0006667881551175441	9	0.0010298310308561633	342	0.0018491088313841938	35
5540	0.0008979014599340894	81	0.0011392081125605425	9	0.001099465669289789	6	0.0009596376901785691	9	0.0007975386312536351	343	0.0008143690218888646	34	0.0007685522060164089	81	0.0009309258843954497	9	0.001045477166061073	6	0.0009294906030890182	9	0.0006388033034075874	343	0.0005922506333893687	34	0.0005355244590480172	81	0.0004957281890712825	9	0.0006175346121774217	6	0.0006712795963396827	9	0.00038433136100582985	343	0.0005384076937951442	34	0.000711243840254326	81	0.0008370926210496005	9	0.00038431434069846875	6	0.0013671685236122909	9	0.000800132996720783	343	0.0006469962329020815	34
5550	0.0008404620426208338	80	0.0009846451631120468	9	0.0013459090675685718	6	0.0008221603544342868	9	0.0007770787306335401	339	0.0010497302912762397	39	0.0007671067984568291	80	0.0011343252638795912	9	0.0012056073690998787	6	0.0009096532347894491	9	0.0006908350731031543	339	0.0007653648850178707	39	0.0005886325131525797	80	0.0006812570313302892	9	0.0005730028262731328	6	0.0005981211740859855	9	0.000461512678399322	339	0.0004099808001178329	39	0.0007408642670398615	80	0.0013235899482234121	9	0.0005544194786914596	6	0.001330403082049114	9	0.0007955675046609173	339	0.0010576938829953135	39
5560	0.0009799352213831186	81	0.0006501765346737506	9	0.0008509342695720113	6	0.001053738393859375	9	0.0008495932719218755	341	0.0006727971942390694	36	0.0007925813477338638	81	0.0011370143795418576	9	0.0017861341249178217	6	0.000874734867450208	9	0.0006385217164017893	341	0.0007089824046619236	36	0.0005009019615384953	81	0.0004798746984908892	9	0.000634580777750513	6	0.0006523561658460097	9	0.00044925220376346137	341	0.0004044903144610849	36	0.0009122582061180024	81	0.0006024260793314009	9	0.001413238707772356	6	0.0011085403409473694	9	0.0010687369733712842	341	0.0008544118783018422	36
5570	0.0009595291035244137	81	0.0015599046418262198	9	0.0008872946274456082	6	0.0013741375540936554	9	0.0008785544356000349	346	0.0007887527353079653	31	0.0007640280871539993	81	0.0012780942690501476	9	0.001216844001408687	6	0.001001471552815499	9	0.0006228512420999981	346	0.00047118640680807454	31	0.0004784387815724005	81	0.000514994989557117	9	0.00024868959396907604	6	0.0005103217607109974	9	0.0003918182933944049	346	0.0003144984692301725	31	0.0009882767333654113	81	0.0008809931777932051	9	0.000677698446633521	6	0.0008437303001677669	9	0.0011697723286173477	346	0.0013290973094648758	31
5580	0.0007972011412739311	81	0.0009926533750295918	9	0.0013488178055400717	6	0.0009034635349779845	9	0.0008161668688022481	345	0.0008764536967518984	32	0.0008856175847126995	81	0.00116386446020605	9	0.0012649772386595839	6	0.0010734090537032257	9	0.0006559605551573932	345	0.0005379507314420014	32	0.000555439718824317	81	0.0003907766046227504	9	0.000643416251770099	6	0.0007672984636585578	9	0.0003518243004074764	345	0.0005721300738070025	32	0.0006320432600588906	81	0.0006917555496106209	9	0.0009591724220195841	6	0.0006102464817808954	9	0.0006136595394930831	345	0.000741561137039738	32
5590	0.0006741282088268845	81	0.0007268242266091139	9	0.000879672498867857	6	0.0007599428803254977	9	0.0005648925512892286	336	0.000548897913106682	41	0.0006648347940674967	81	0.0011512965678142665	9	0.0014906143489573271	6	0.0010564476528527713	9	0.0005833545304176997	336	0.0006262504026196035	41	0.0005297162333323691	81	0.0007663079700724539	9	0.0005830386972885362	6	0.0004682573809418123	9	0.00042264863762692736	336	0.0004587531458192753	41	0.0009979586046213267	81	0.00018544583910318197	9	0.0007228218256735466	6	0.0011234825905426268	9	0.0006073862355054356	336	0.0006830089801034844	41
5600	0.0010407126782645334	81	0.0010910011740268473	9	0.001197077427202182	6	0.0009656004241299945	9	0.0007841183200059714	341	0.0007529542717067119	36	0.0008592056279922088	81	0.0010460151315788123	9	0.0017452661868951013	6	0.0010609463769774008	9	0.0006689062203139882	341	0.0007617841045505825	36	0.0006895025391202708	81	0.0006000493060652908	9	0.0006075388493613866	6	0.0005322921907657675	9	0.00038311980003891225	341	0.0004483888637472624	36	0.0011755226512164445	81	0.0011384643547120551	9	0.001454772342219597	6	0.0008270233228890891	9	0.001128891573993512	341	0.0010959016536965596	36
5610	0.0009062515801035433	81	0.0010855686470230615	9	0.0011484485353252599	6	0.0010478119370278326	9	0.000861648145765115	337	0.0006950054196369322	40	0.0007012642956915628	81	0.0012205081982273195	9	0.0011738660393633843	6	0.0014550459159243005	9	0.0006037450698479119	337	0.0005731299654763306	40	0.0006117908621671018	81	0.00042591605102555437	9	0.0010374974780761402	6	0.00041914917231072397	9	0.0004003256875720675	337	0.00038797808290208784	40	0.0007394876309159436	81	0.0006412527311077946	9	0.0007661549412641146	6	0.0006893124655456105	9	0.0007144586661005796	337	0.000927975837750011	40
5620	0.0008284190081317828	81	0.0008662091943935085	9	0.000985593619999431	6	0.0005409878196728213	9	0.0007513937565443401	338	0.0008888576545375245	39	0.0007538499077137	81	0.0008843520613683367	9	0.0011291133674976627	6	0.0010212044299287295	9	0.0006627453565713425	338	0.0006611179059984285	39	0.000467203739616642	81	0.0005427324638458344	9	0.0005782330142384283	6	0.0004815718989967453	9	0.00039606963095803325	338	0.000386560949228385	39	0.0009147660992279593	81	0.0008312186986729804	9	0.0009539962894114402	6	0.001186850364718668	9	0.0008054829423972389	338	0.0008293176440197019	39
5630	0.0008500838135159535	81	0.0008539058892221636	9	0.000949723895581275	6	0.000905419484106382	9	0.0008955350481305633	344	0.000805042430283421	33	0.0007424677039868801	81	0.0011567974959878033	9	0.001410919167307141	6	0.001221920489204661	9	0.0007064981900957236	344	0.0008146524310589059	33	0.0005270106903317802	81	0.0005476396405738539	9	0.0007747802972851197	6	0.000564822873008439	9	0.00038139075980039703	344	0.0005256884610976127	33	0.0009191081250093676	81	0.0011013561077507369	9	0.000946171278544048	6	0.0012834007297074731	9	0.0009586583268817398	344	0.0010198705883912318	33
5640	0.0008656591567444289	81	0.0007991586381471151	9	0.0008036671835610591	6	0.0010523562411392541	9	0.0008870724562353861	344	0.0009356419756363074	33	0.0008585867372116981	81	0.0008961317825939318	9	0.0012819587062499627	6	0.0011126924381692764	9	0.0006671531151288191	344	0.0006907388404305083	33	0.0006486323348289565	81	0.0003868286426181359	9	0.0009531967812929885	6	0.0005499839212089031	9	0.0003909072494413596	344	0.0006139881057809337	33	0.0007751509782750349	81	0.0006056714254921574	9	0.0007555215084012458	6	0.0014725845771489687	9	0.0009379311492982566	344	0.0011892610600606672	33
5650	0.0009045416615152677	80	0.0009089551393065538	9	0.0009427431610814421	6	0.0009517844505644651	9	0.0007630937821915806	340	0.0007955102144948119	38	0.0007044644838465344	80	0.0015464876456051122	9	0.0018355452419842478	6	0.0009871771076755498	9	0.0005867419552029855	340	0.0006515550675918642	38	0.000565044954123983	80	0.0005956516161879635	9	0.0005604579975483161	6	0.0006370388892158097	9	0.0005484242659362204	340	0.0005303249701953789	38	0.0008677470867710244	80	0.0008904042077504709	9	0.000859808363586526	6	0.0015999108119818624	9	0.0009607649815367645	340	0.0007948178268428907	38
5660	0.0009850016421427193	81	0.001585337192922952	9	0.0008364023214162777	6	0.0014228214096718298	9	0.0008937283303636961	339	0.0009549813295354514	38	0.0008796877963311347	81	0.0009226623978083261	9	0.0013329224842686	6	0.0009837243972436573	9	0.0006846670927961267	339	0.0006272207403635385	38	0.0006349287617456313	81	0.0006413867493737628	9	0.0006570463257318479	6	0.0006102632968511744	9	0.0005576899824140217	339	0.0005311166488501165	38	0.0009809546736220037	81	0.000770715254317302	9	0.0008278589396465418	6	0.0008106890447927261	9	0.0009520888433714054	339	0.0011917769658974552	38
5670	0.0007322541195950043	81	0.0007533000294395082	9	0.0007437733666783987	6	0.0009417350312368889	9	0.0006904488957675592	337	0.0006353877204892519	40	0.0007816786123523272	81	0.0010116876367970162	9	0.0013117843281493088	6	0.0010785046376082267	9	0.000680476464105001	337	0.0007748181624382417	40	0.0005404370654514172	81	0.0005783088670668786	9	0.0005084420838221574	6	0.0008078801415190824	9	0.0005155277100788359	337	0.0005631820905258893	40	0.0008809262697338919	81	0.0010707196775845565	9	0.0016413497478795294	6	0.000729267049659783	9	0.0010871017013067362	337	0.0015024044579401608	40
5680	0.0009878548238300565	81	0.001087300338807529	9	0.0012371611367458207	6	0.0011903492570482697	9	0.00091436788346757	335	0.000997298610540257	42	0.0007079318715923097	81	0.0008211466644603249	9	0.0013182257815615164	6	0.0008283055212481102	9	0.0006619629397368351	335	0.0005913108252413352	42	0.000537485543743349	81	0.0005961331751084762	9	0.0006736714663284448	6	0.0007145221210107251	9	0.0004536302003348331	335	0.0005018955487538044	42	0.0009048551796903908	81	0.0007511140053731639	9	0.0010697960411001674	6	0.0010350403928366643	9	0.0009047690649485145	335	0.0008264464924649006	42
5690	0.0008936428387562766	81	0.0010275929870319509	9	0.0011627532859584942	6	0.000875320534836002	9	0.0007244450297836662	345	0.0008068095844142023	32	0.0006947724268001201	81	0.0008321506816754772	9	0.0012786391841045884	6	0.0008226018243113277	9	0.0005858459408149786	345	0.0006469561719839878	32	0.0004559412394105184	81	0.0005241720998498581	9	0.0006946537999195228	6	0.00047131230269097053	9	0.0003957003227010686	345	0.00037086429201839486	32	0.0007503895429612334	81	0.000319388979198998	9	0.0006698357301535045	6	0.0004072147114963119	9	0.0009978443109516766	345	0.000686144213057815	32
5700	0.000720466237053839	81	0.0008658430804502367	9	0.0005483595634642335	6	0.0006989915000949208	9	0.0006852698189094287	340	0.0010608753989111105	37	0.000831111248628491	81	0.001212300720407657	9	0.0015368647333380088	6	0.0011940097849245923	9	0.0005877441725555618	340	0.0007792160498577889	37	0.00042996120991122005	81	0.0003906402040565743	9	0.000619727077318624	6	0.0005273640231926018	9	0.00036449853835540875	340	0.0004222510709772365	37	0.0007227078855853885	81	0.00037152055869785964	9	0.0011781705349021058	6	0.0011209744818181954	9	0.0009471612392562079	340	0.0007854921103129224	37
5710	0.0008971928677807867	81	0.0010571950954694426	9	0.0010578517342469819	6	0.0011826132968148636	9	0.0007684229393432208	342	0.0009157556103675956	35	0.0007982451037683798	81	0.0014609835561207177	9	0.0011649816728580478	6	0.0011721170995457834	9	0.0007196296490348535	342	0.0008045858521647907	35	0.0005223139874343162	81	0.00023304187964856343	9	0.0006739147519681663	6	0.0005188492521046483	9	0.0003840409487363056	342	0.0003605437778943277	35	0.0012204032428301016	81	0.0011082921868258945	9	0.0013434185041920593	6	0.0009434681422633364	9	0.0012009404986060381	342	0.0010280944812039818	35
5720	0.0008092032978641828	81	0.0008785605841619085	9	0.0010040378259138629	6	0.0007309504484725451	9	0.0007830263793364146	332	0.0008175525360717358	45	0.0007712283568492056	81	0.0013017417688368533	9	0.0022380394572516387	6	0.0014308936303206515	9	0.0007126040741508084	332	0.000624865421386259	45	0.0005764069725746394	81	0.0007618739312296239	9	0.0005374045968497194	6	0.0005044245042971213	9	0.00045672913366554127	332	0.0005084905107722074	45	0.0012250492970020945	81	0.000577609331047778	9	0.0008741849613891659	6	0.0010728795613274716	9	0.0010406754605225908	332	0.0012571131966151949	45
5730	0.0010780627373824139	81	0.0010104326901629627	9	0.0008871929615746581	6	0.0008583556635038916	9	0.0007725798658320469	335	0.000663028183879434	42	0.0010159064948460376	81	0.0013569023652359109	9	0.002132545674302605	6	0.0011928067586768733	9	0.0007909056712833794	335	0.0009105811006327727	42	0.0005096207672324354	81	0.0003361203630670501	9	0.0005814241683040606	6	0.0006190368687753995	9	0.00045594184973694516	335	0.0005111990389580939	42	0.0011887527154822491	81	0.0009299871309509331	9	0.001045454197610166	6	0.0011201637978957223	9	0.0010230090643584453	335	0.0011061916343807646	42
5740	0.001006365237800876	81	0.0007555107793005413	9	0.0008679149070251645	6	0.0011230153209775323	9	0.0007678020169951911	339	0.001107445403665399	38	0.0007062531262656817	81	0.0010416043960892565	9	0.0014408868967911682	6	0.0012706371580456348	9	0.000645939453566913	339	0.0006179683990431305	38	0.0005436563093939725	81	0.000603185241578087	9	0.0005336531942690317	6	0.0005067734044826854	9	0.0004134862855522159	339	0.0004777377779032167	38	0.0007871082344763415	81	0.0010938356690603677	9	0.001322996125025842	6	0.0018461198929292466	9	0.000769715840556445	339	0.0008027233262674184	38
5750	0.001163456185778237	81	0.0008439002184937811	9	0.0009825723746585849	6	0.0007688657085711143	9	0.0008094674064602358	345	0.0008151591548743152	32	0.0007961683514134092	81	0.0008376744441860674	9	0.001433624021883033	6	0.0008858350820972504	9	0.0006981197729909031	345	0.0006859673399345159	32	0.0005333740583908596	81	0.0004644361519615734	9	0.0007044735889476156	6	0.0005951333032949822	9	0.00045222130965482803	345	0.0004637813077164307	32	0.0010958962397948568	81	0.0007185032508763428	9	0.0014250204199863657	6	0.0007967428250502183	9	0.0010735899757620061	345	0.001010647169945807	32
5760	0.0010463953607954433	81	0.001101939252948332	9	0.0011280126810712247	6	0.001238302044553768	9	0.0009171095483642312	338	0.001020024374108342	39	0.0006879825005808297	81	0.000996747746907171	9	0.001646915770202655	6	0.0008794179381106295	9	0.0005925805779967315	338	0.0005000811643720782	39	0.0006763014178304969	81	0.0003937492574719772	9	0.0005053624057229101	6	0.0005534877049457066	9	0.00040165453110548	338	0.00047018023230370215	39	0.0009308351403173864	81	0.0015993937093474794	9	0.000861691505587077	6	0.0009648741065207263	9	0.0009101344012303799	338	0.0009369500173332596	39
5770	0.0010296559668655548	81	0.000513936219120683	9	0.0008834273304092832	6	0.001126436971865757	9	0.0008928115292587382	339	0.0007821886692328082	38	0.00073263143335913	81	0.0008956628721847355	9	0.0012139239824102198	6	0.0010435470403818248	9	0.0006493643630105254	339	0.0006706355161950206	38	0.0005249349787644546	81	0.0005164718306409656	9	0.0005665699245658054	6	0.0006581239397768306	9	0.0004181598433292375	339	0.00039536425534751184	38	0.0007899820484117405	81	0.0004935178165473772	9	0.0009173815114477869	6	0.0007313407074496987	9	0.001043347804103247	339	0.0011474003742615857	38
5780	0.0008230611920810319	81	0.00115994368086154	9	0.000848567871700798	6	0.0007383905570503447	9	0.0007587211028197888	342	0.00072917587341231	35	0.000997982846614102	81	0.0008789263014200017	9	0.0012801612880151214	6	0.001067237425506627	9	0.0006604910893878308	342	0.0006409833426476117	35	0.0005644334119510385	81	0.0006151805326013921	9	0.0004653121685620623	6	0.0006800843211526215	9	0.0005173396176772555	342	0.0005547936968053421	35	0.0007055157190545132	81	8.553409191038319e-05	9	0.0010096725680252023	6	0.0002996475735032003	9	0.000823438694142055	342	0.000945910765638047	35
5790	0.0008296211047474485	81	0.0008800929363707431	9	0.000994208732286384	6	0.0010050280115108745	9	0.0007754418985986772	341	0.0008834773889673246	36	0.0009049191190528591	81	0.001186051268078096	9	0.0014261930394983855	6	0.0011193693085724983	9	0.0007900263310085255	341	0.0008360390924140784	36	0.0005359166771810664	81	0.00038199261076857173	9	0.00037645881681250515	6	0.0005537793760617927	9	0.00044293681544909307	341	0.00045385233687634776	36	0.0005222866764535038	81	0.00022028818289162393	9	0.0005713892566441131	6	0.000718974821013792	9	0.0007945056230315694	341	0.002018501633908664	36
5800	0.0007113553074482756	81	0.0007464011718849461	9	0.0006100353118663298	6	0.000895367640395963	9	0.0007344341307082928	339	0.0006175914724436794	38	0.0007422870544295892	81	0.00107130791197957	9	0.0016348791045156313	6	0.0009708899121201964	9	0.0005683413384206214	339	0.000622724472145356	38	0.00045151459488002266	81	0.0005825578472423699	9	0.0005541350727374915	6	0.0006166640775011326	9	0.0003585840427591964	339	0.00040394638417777474	38	0.0006378199783246306	81	0.000667273693824012	9	0.0007289766941412381	6	0.0006571666530024924	9	0.0007500671616366499	339	0.000762184829417147	38
5810	0.0008355421211874752	81	0.00117222292441744	9	0.0008162276407755951	6	0.0011959176912997504	9	0.0006502296297940574	344	0.0008200999932946369	33	0.0007001709133144765	81	0.0007844656328756444	9	0.0014088526634813078	6	0.001110525653439238	9	0.0005268382769848288	344	0.0005627338930595392	33	0.0005002159221234503	81	0.0005025258128307464	9	0.000356449376583711	6	0.00047650756770001486	9	0.00035412770231359664	344	0.0003670207860613958	33	0.0008678262618996594	81	0.0003821017117182769	9	0.0007421036720181552	6	0.0010102163495236123	9	0.0007741184680392395	344	0.000958058829892732	33
5820	0.0007404581860485537	81	0.0007532269526544609	9	0.0011403140779160591	6	0.0009668934060864572	9	0.0007756585630394708	341	0.0007705047443508575	36	0.0008342511715465032	81	0.001006167600590629	9	0.001264117830498428	6	0.0012530087826750427	9	0.0006218709229212748	341	0.0006092202555906819	36	0.00044787309014430375	81	0.0003274081588404527	9	0.0005773271203383341	6	0.00043656317828319593	9	0.00036371285095043596	341	0.0003856481367136088	36	0.0007694522396154788	81	0.000644590071445799	9	0.0019114686480336325	6	0.001184437169049769	9	0.0008908171639580662	341	0.0011121628084689666	36
5830	0.0007665704441361536	81	0.0010123142376049692	9	0.0006735245655333221	6	0.0011041500075128397	9	0.0006275672571414162	348	0.0007725675716028089	29	0.0007013696838694371	81	0.00098515020000201	9	0.0009491638563029816	6	0.0011975964076241423	9	0.0005664415867045688	348	0.0007204431203754218	29	0.00045002959881362635	81	0.0004096179057817543	9	0.00047818588897380695	6	0.0005329585414585994	9	0.0004493602284058916	348	0.000525107545647199	29	0.0005573021352198916	81	0.0005798887214159723	9	0.001925467110541066	6	0.0006258302231933936	9	0.0007322162212251872	348	0.0014873397180962806	29
5840	0.0008552244528857117	81	0.0008619657221309405	9	0.0007990867072995383	6	0.0009318825142872646	9	0.0007722954646046931	339	0.0007023541128608401	38	0.0007791570620288587	81	0.00135648274655441	9	0.0012423136297785653	6	0.0009079709110220836	9	0.000576959103051723	339	0.0006801320750851809	38	0.0004990610698784688	81	0.0008708258976606862	9	0.0004538526510445971	6	0.000514041459256829	9	0.0005013912917334583	339	0.0005134629970832102	38	0.0007853076079365458	81	0.0007931571366296564	9	0.0014429017490992827	6	0.0005199491473751702	9	0.0007047105231472692	339	0.0007130569092245254	38
5850	0.0008922072706145191	81	0.0012128059062103346	9	0.0009633679445691847	6	0.0008264295109072031	9	0.0007459951647949721	343	0.0010395365588930987	34	0.0008380691327517535	81	0.001427576415348012	9	0.0011162819389975078	6	0.0011507129384005276	9	0.0007277916747362217	343	0.0006897271237967031	34	0.0005817444699322233	81	0.0008067440546325409	9	0.0008964368975381873	6	0.0006232856321560444	9	0.0004925991372046153	343	0.0005270375672411356	34	0.0008780093862277885	81	0.0004651347519202588	9	0.0006693260137666246	6	0.0008189512147276464	9	0.0008432857922050822	343	0.0015632802879026074	34
5860	0.0008822457620686203	81	0.0009060405500213725	9	0.0010136984330104707	6	0.0007709529616565951	9	0.0009295920959358475	344	0.0009408896282756587	33	0.0007768965279167127	81	0.001870132886305633	9	0.0012368974229880426	6	0.0009060932643433408	9	0.0006804319499233132	344	0.0006053313880564507	33	0.0005429147530754671	81	0.0004649621320536233	9	0.0018145618529735264	6	0.0005869870837870983	9	0.00041808981677014855	344	0.0004484742351153432	33	0.0006643766904499764	81	0.0008536537527997869	9	0.0010429322548637554	6	0.0009025999765988678	9	0.00075811297346984	344	0.001320211291891103	33
5870	0.0008238448087933426	81	0.0009575141188578254	9	0.0013507738671382759	6	0.0014690656660847374	9	0.0007906784591179023	335	0.000693647376647719	42	0.0010175885146058842	81	0.001018738801976754	9	0.0012839346658286086	6	0.0012134428078136483	9	0.0007524762790063102	335	0.0007309618751953179	42	0.0005710341176845093	81	0.0006210039528694324	9	0.0006757866645602686	6	0.0006490360462076614	9	0.0004984584405983684	335	0.000501840227390015	42	0.0008957896029527022	81	0.0007006289902992726	9	0.0013752331350824932	6	0.0008926509008371926	9	0.0007600919958543128	335	0.0008269383629609494	42
5880	0.0010049908674855529	81	0.0009292708677383585	9	0.0011580404637824822	6	0.0008418494123058359	9	0.0008848347988594872	346	0.0009609867130601908	31	0.0008282278387817006	81	0.0014116131251973103	9	0.0011566899461313224	6	0.0010726397166954933	9	0.0006606414212342995	346	0.0006548642619178405	31	0.0006679208967294049	81	0.0005806633087504869	9	0.0004145098736432374	6	0.0007183029455488146	9	0.0005220013622567315	346	0.0006837394414757276	31	0.0008529888554160989	81	0.0007512587369669526	9	0.0010884010712462842	6	0.0007584533807819254	9	0.0009692034107060081	346	0.001087733944784479	31
5890	0.0008587837354383395	80	0.0010001550388546944	9	0.0007784862467907562	6	0.0011615680217882303	9	0.0008035424991512692	341	0.0008981880265977165	37	0.0007363973597429793	80	0.001066382529112276	9	0.0012183558815788578	6	0.000810644289061804	9	0.0005012123483413569	341	0.0006006533478792625	37	0.0006768266419748185	80	0.0004510962249567573	9	0.0023062166552819197	6	0.0007755793494995993	9	0.0005152779875453173	341	0.00041594052513338513	37	0.0007173104520336213	80	0.0013070280145689296	9	0.0013104424583576565	6	0.0008839303026498836	9	0.0006176259952343567	341	0.0008778443235058227	37
5900	0.0009511662198120303	81	0.0016500817633764956	9	0.0007552673206264048	6	0.001110726681832774	9	0.0007559872653098261	340	0.0006323211195040894	37	0.0008762458736342425	81	0.0013942579157652769	9	0.0011753234390836668	6	0.0012035822690781807	9	0.0007898775410325578	340	0.000883510551846123	37	0.00060648139629093	81	0.0005974076712688416	9	0.0006429138672144804	6	0.0009589821889027422	9	0.0004623104302205015	340	0.00046581795850105055	37	0.0012413137279305676	81	0.0008694816560187853	9	0.0008838685886342684	6	0.0008401974474326478	9	0.0008791893757671531	340	0.000901966339765717	37
5910	0.0008801159377943861	81	0.0011457720128874903	9	0.000900268021241882	6	0.0009941629134123569	9	0.0009286515549371683	342	0.0009430455008668453	35	0.0008815782749494467	81	0.0014098271948443856	9	0.0013031811636895184	6	0.0010542255959129978	9	0.000745936462489097	342	0.0006818549298026899	35	0.0005095165453343843	81	0.0003509395387956747	9	0.00046213548979219077	6	0.0008217502792433121	9	0.000444111960143641	342	0.0005014948407745228	35	0.0009888050344797727	81	0.000679391681548511	9	0.0015901426344443268	6	0.0027611059337020183	9	0.0010148325300174139	342	0.0010183987301771212	35
5920	0.000766731977255206	81	0.0013565917306547542	9	0.0009071879481102967	6	0.0011200183761300069	9	0.0007918815240508805	341	0.0007520882717371249	36	0.0010001775511361928	81	0.0012520121461657404	9	0.001286606143095276	6	0.0013835551949723296	9	0.0007298270714909267	341	0.0007940151930275833	36	0.0007877575697816726	81	0.0005708556989165914	9	0.0007990834671594598	6	0.0006408597111556965	9	0.0004948503484379173	341	0.0005220601498264833	36	0.001307923063789319	81	0.0008659777631436967	9	0.0007338913932727692	6	0.0011085396850088155	9	0.0009077212508449965	341	0.0012996339764296528	36
5930	0.0006685242478839772	81	0.0007930805454908789	9	0.0005275884970437182	6	0.0009722595693721334	9	0.000730145787657469	344	0.0007733135822558212	33	0.0008234772341676525	81	0.001521688902003925	9	0.0015138894878214681	6	0.00096560975058422	9	0.0006099258180892314	344	0.0007720174450124042	33	0.00048571374410085003	81	0.0004207156782287777	9	0.0005462385664619646	6	0.000541016768470025	9	0.00039136195528579953	344	0.0004925287305548528	33	0.0010025676574298137	81	0.0008444090298721852	9	0.0013147464342102312	6	0.0014981873450265594	9	0.0012919559698338383	344	0.0009394370631002752	33
5940	0.0008411336954420734	81	0.0008576578230969428	9	0.0007374651532239864	6	0.000951041279179313	9	0.0008259115455712505	343	0.0009798401155103284	34	0.0008414017809553907	81	0.001428612799632128	9	0.0017796877538896877	6	0.0010927803969770606	9	0.000685321493061888	343	0.0007052400300890316	34	0.0005618839190453643	81	0.0009007643536847068	9	0.0006495113689290355	6	0.0005744143987261091	9	0.00039085790268177394	343	0.0004328205316714472	34	0.001218018230199246	81	0.0006166415981356974	9	0.0009994227862741185	6	0.0009181523249366904	9	0.001033825436891774	343	0.0010856129564558153	34
5950	0.000887368788710852	81	0.0008581386745814335	9	0.0008873623585456381	6	0.001122719639933276	9	0.0008117841700215181	340	0.0008475192394390866	37	0.0011175856285591474	81	0.0011198119732883625	9	0.0013070065215925683	6	0.001283656661035285	9	0.0006621843947492882	340	0.0007778718619712863	37	0.0007089396471928841	81	0.00040893856520696957	9	0.0005627605458026187	6	0.0005833711716468443	9	0.0005635750272327079	340	0.0005531063203069137	37	0.0013770359302366709	81	0.0006273173327672456	9	0.0014077533129090763	6	0.0021844724166035093	9	0.0013471102910978924	340	0.001367734892790128	37
5960	0.0011258215517859884	81	0.0018696121531951253	9	0.0006970157852167548	6	0.0008379871389654771	9	0.0008637216916060705	341	0.0008974810037347274	36	0.0009651109073009012	81	0.001080993528449521	9	0.0014067841733545394	6	0.0011004456944976974	9	0.0006845841100033988	341	0.0007905745062491812	36	0.000663831943193681	81	0.0006286754409006982	9	0.0005647396831838736	6	0.0006047778685989755	9	0.0005107035523378902	341	0.00048563427032861	36	0.0009014086810798924	81	0.0007914798665498565	9	0.0008467594325888847	6	0.0007511082553406216	9	0.0009252135231060628	341	0.0008338962149746406	36
5970	0.0008509405973524171	81	0.0009220846417575172	9	0.0008802611251834859	6	0.0013375148022297396	9	0.0008988900473784751	343	0.0010593787014210126	34	0.0010673810979028395	81	0.0013409393270573135	9	0.0012964775121496448	6	0.0010309112764426932	9	0.0007906080844009986	343	0.0008536943528582195	34	0.0007001450137334828	81	0.0005035087976874426	9	0.0005342462412847858	6	0.0006530703226227828	9	0.00047292120522964454	343	0.0006352271429228908	34	0.001041464209512421	81	0.0018174988178479498	9	0.0008804991191224777	6	0.0008643892650630904	9	0.0010415804480589476	343	0.0012357219128638405	34
5980	0.0006659814142777364	81	0.0008692296576573427	9	0.0008965059807017618	6	0.0006879370921007907	9	0.0006908426203612878	335	0.000845151013929917	42	0.0009425138558610862	81	0.0010837722714437071	9	0.0020517269148998744	6	0.0008512336779781476	9	0.0007282994618668404	335	0.0006172458759485993	42	0.0006969407627601765	81	0.0003920117689693375	9	0.0009367990155780319	6	0.0005668022591583363	9	0.0004742520836911819	335	0.0005257762536393546	42	0.0011825237595549352	81	0.001212168618649381	9	0.0014182012878030169	6	0.0012713016874602	9	0.0012369545264077962	335	0.0016265611321302988	42
5990	0.0009805385747731492	81	0.0007748129229560602	9	0.0010398913394189845	6	0.001138002365798018	9	0.0010231920486944858	342	0.0009912573624492548	35	0.0008704098760029077	81	0.0009881975295783088	9	0.0016072273713397262	6	0.00132777772724095	9	0.0006616880620604482	342	0.0007328111695998415	35	0.0005777155620339132	81	0.00038690108303957157	9	0.000728928235258474	6	0.000423082074548077	9	0.00044278608646826264	342	0.00048474939746243956	35	0.0009761815355631252	81	0.000599316849603718	9	0.0008380440070635038	6	0.0007282555386664128	9	0.0007936229313552272	342	0.001230477460283966	35
6000	0.0008073303349085787	81	0.0009798958871863753	9	0.0006789179483216688	6	0.0008317276736102254	9	0.0007965482887002265	340	0.0008639590429420851	37	0.000793085418300742	81	0.0010557776212454808	9	0.00150922131983321	6	0.0008538488934120418	9	0.0007846493791978796	340	0.0008945059093137426	37	0.0005288835556288742	81	0.0004966855694764048	9	0.00049690801190939	6	0.0004830319924223955	9	0.0004945642196018127	340	0.0003317973390490706	37	0.0008818505080796379	81	0.00047914094866118425	9	0.0012233864394039062	6	0.0007917678199604515	9	0.0010133867492240149	340	0.0010555344180459953	37
6010	0.0009341971698390672	81	0.0011385974516576033	9	0.0010287309220996805	6	0.0008832172169421843	9	0.0009195106799096963	342	0.0008091473047747398	35	0.0009178475298652528	81	0.0012763917529638822	9	0.00184908949230229	6	0.0010538180487447008	9	0.0007920246381214299	342	0.000620515136062202	35	0.0006027112731537599	81	0.0005337587689458644	9	0.0006241846443906278	6	0.0005787697349277485	9	0.0004778428540133798	342	0.000448404067618992	35	0.0012024151934200368	81	0.00045855462153360633	9	0.0007336389226012649	6	0.001654377401094931	9	0.001108566110502132	342	0.0019261828475050412	35
6020	0.0008799299086108342	80	0.0009944404479094876	9	0.0008892278782140368	6	0.0009300450144545235	9	0.0007106073642763088	336	0.0007771293006047205	42	0.0008475153747172672	80	0.0013140683727588033	9	0.0014088491161221434	6	0.0010020587360145016	9	0.0007486829012029136	336	0.0008326387749369215	42	0.0004798976486620669	80	0.0003228414906301729	9	0.0005816134326961256	6	0.0003838739861800069	9	0.000422481788382567	336	0.00046532551508856994	42	0.0009216752620052461	80	0.0007944233522795854	9	0.0010263639868092302	6	0.000562406381862743	9	0.0007446834251761557	336	0.0011208859595576131	42
6030	0.000835624610371549	81	0.0007575451001551613	9	0.0010127844427997705	6	0.0009176221279096971	9	0.0008546148536914474	338	0.0008556975463565752	39	0.0007715956349242239	81	0.0010241218167156548	9	0.0014898639999520425	6	0.0012747058367106776	9	0.0006552578568966215	338	0.000756988904817247	39	0.0005808897431278012	81	0.000816547744154422	9	0.000883224621209882	6	0.0004944590768259658	9	0.00039015747395198874	338	0.0005610173708517296	39	0.0009631494584023471	81	0.0012804990975805108	9	0.0012640897152740524	6	0.0012662420659111714	9	0.001133651120720851	338	0.0015489673333438088	39
6040	0.0008779878665676924	81	0.00085832530564867	9	0.0008379478603012065	6	0.001044776798098927	9	0.0008205821857083166	346	0.0008225736707085752	31	0.0007589967317328432	81	0.0008675155089331979	9	0.0016486113817915813	6	0.0011259877178364198	9	0.0006739795226829891	346	0.0008110443735134458	31	0.0004667970509611449	81	0.00042272874855701307	9	0.001025449687162796	6	0.0005743564013433385	9	0.00043060745283489177	346	0.0004610162037360291	31	0.0007723070537242769	81	0.0007440773304397221	9	0.0008957168422799484	6	0.0007982911916705386	9	0.0007557048930870923	346	0.000984576734501921	31
6050	0.0009385083075462894	81	0.001048238519599884	9	0.0011331357839915656	6	0.0011081223295476483	9	0.0010181593084079778	335	0.0008218776582955828	42	0.0008918203439829004	81	0.001173238752689315	9	0.0015871627397731783	6	0.0011447601947879055	9	0.0008637095837309368	335	0.0007258162333697359	42	0.0006121791805265849	81	0.0004845352854220669	9	0.0006408857606692126	6	0.0006669019261367595	9	0.00047537415505225964	335	0.00047575625820486583	42	0.0010513765892822716	81	0.0006544883322907588	9	0.0009841220219941706	6	0.00205488565257466	9	0.0011054310386724147	335	0.0010655635512012037	42
6060	0.0009431113225879203	81	0.0008530464377341069	9	0.0016089178033897224	6	0.0011345244054895979	9	0.0009256336461749079	339	0.0008429060481156323	38	0.0007362535271374838	81	0.0009293855583675683	9	0.001439712038543304	6	0.0011925591521394453	9	0.000675967173818673	339	0.0007015834501422194	38	0.0006096291726180851	81	0.0004501785573825699	9	0.0010604016421374453	6	0.0006823776555398063	9	0.000547970644973314	339	0.0008576973143130943	38	0.0011021064793226283	81	0.0008297892291994857	9	0.0005464187669327285	6	0.001106087352996481	9	0.0008357894470610491	339	0.001271743995615861	38
6070	0.0008162152701272586	81	0.0012585178866808431	9	0.0009822317478518842	6	0.0012376558451362178	9	0.0007161131790842139	333	0.0007465368425197252	44	0.0009508281463110541	81	0.000849759772749733	9	0.0017174889138335371	6	0.0011252693578026405	9	0.0007349050226383047	333	0.0006257183690176455	44	0.0006905847575533796	81	0.0009145054004496325	9	0.0005117407212001253	6	0.0007423112778877707	9	0.0005321699451676991	333	0.0005517301165321307	44	0.0009455613809714033	81	0.0008166032175687698	9	0.00134699384257681	6	0.0012660983786014562	9	0.0008467916334418	333	0.0008820085131937623	44
6080	0.0007947416220581327	81	0.0010475188116143006	9	0.0006876607684091767	6	0.0009351850719837161	9	0.000822340696663903	341	0.0007414859772090652	36	0.000848328059372723	81	0.0009182778994941824	9	0.0010002054355465698	6	0.0010362309545025386	9	0.000581319262126394	341	0.0006216732395051366	36	0.0006215260977183859	81	0.000754352315632817	9	0.0009180105872355616	6	0.0005570406963330179	9	0.000402012114147857	341	0.0005965895258486573	36	0.0006747788843377021	81	0.00034391332051831604	9	0.0008309545732457967	6	0.000731345708695019	9	0.000618539648729134	341	0.0008935069039766971	36
6090	0.0008477911454160415	81	0.0009378267835645599	9	0.0009868654371929036	6	0.0006934207393272522	9	0.0008425925313456587	337	0.0008301391046437654	40	0.0009652804959325812	81	0.000952218178724072	9	0.001276742045811595	6	0.0010932113676367916	9	0.0006534872981611286	337	0.0007682179294193974	40	0.0004930124028591002	81	0.0008138578726886722	9	0.0012177950696245262	6	0.0005818841723961126	9	0.00047659753491257364	337	0.0005170817798320481	40	0.000865229189877457	81	0.0003675621870700665	9	0.0011377369710384876	6	0.000534261492429453	9	0.0007536602897056659	337	0.0006441396101890902	40
6100	0.001006601394458048	81	0.0007840691692443709	9	0.000927562160148626	6	0.0012313665308699394	9	0.0009288057858382158	336	0.000905332341976092	41	0.0009026021515360438	81	0.0011464742611894045	9	0.0013705666794498557	6	0.000899402467979297	9	0.0006202456740324056	336	0.0006694469756503857	41	0.000616036724291251	81	0.0005005677206075934	9	0.0006020516495560917	6	0.0005032572573908157	9	0.00047467811726151	336	0.000381345502587227	41	0.0007656858258507813	81	0.0006966901898608223	9	0.0006048207339510063	6	0.002361744626679421	9	0.0007180214428540525	336	0.000671544399555621	41
6110	0.0008571104940011025	81	0.0012421220716063548	9	0.0008825032940011273	6	0.0012291203427874516	9	0.0009650817998790993	347	0.0010019634752803756	30	0.0009390053722892159	81	0.0008708979474158714	9	0.0014731295759257933	6	0.0008489424459665594	9	0.0006393704031152007	347	0.0006654452221660235	30	0.0005374034738437564	81	0.0006074549246161224	9	0.0005713888447814232	6	0.00037592256930635406	9	0.00041194336226976975	347	0.0004971613568817795	30	0.0009222798485212717	81	0.0011600983093031246	9	0.0011214653766228393	6	0.0014056384151808557	9	0.00096465571317843	347	0.0010626684947061622	30
6120	0.0010932084076818959	81	0.0011906471367588737	9	0.001254234246470303	6	0.0010564484473277336	9	0.0009248510643472174	342	0.0009530769132148811	35	0.0008224438439442408	81	0.0010266770386928596	9	0.0014007759909992008	6	0.0009863187660089587	9	0.0007166821200584851	342	0.0007982996031772436	35	0.0006926964213395158	81	0.0006348502880197649	9	0.0004278952749075489	6	0.0007447465494862608	9	0.00040925485400664633	342	0.0004338055000503678	35	0.0007305481501785179	81	0.00046696925325644345	9	0.0007988023686526568	6	0.0006230028491842619	9	0.0008854145409487936	342	0.001182272034932458	35
6130	0.0007996514038780476	81	0.0010941547319074005	9	0.0006864619179629069	6	0.0011572740157511068	9	0.0007963509962183918	337	0.0006701142609354953	40	0.0008709356812154918	81	0.0006852982938097636	9	0.0017803710922687929	6	0.0009088205997110038	9	0.0006674109530897143	337	0.0007097608616415827	40	0.0006733201936211235	81	0.0004333257810795368	9	0.0006912472308096777	6	0.0009022722537122101	9	0.0004956642109062312	337	0.0005292174874458099	40	0.0009268886071545915	81	0.0011468094620893756	9	0.0012641403720816463	6	0.0006995054169123262	9	0.0009914442550698953	337	0.0009467425224336426	40
6140	0.0009465636737936826	81	0.0013677848047498344	9	0.0012297401304645667	6	0.0007646032675284748	9	0.0008244141044790635	336	0.0009103824704555159	41	0.000865238083092068	81	0.001312233531444094	9	0.0018138805829735467	6	0.0015188319427842114	9	0.0008248688963323736	336	0.0008470786733020303	41	0.0006546523339073237	81	0.00048330306034578905	9	0.0005557121709257896	6	0.0005882236364174254	9	0.0005072977805090457	336	0.0006070484527639673	41	0.0012635556838161276	81	0.0009758923607153035	9	0.0014310763203010902	6	0.0007937387802971136	9	0.0011580434830393098	336	0.001124738215035857	41
6150	0.0010694056602048006	81	0.0008387557488223744	9	0.000732904376444645	6	0.0010694671840373582	9	0.0008351581297379953	342	0.0005345407513632029	35	0.000925551766799952	81	0.0008616783657283503	9	0.0013431547562091928	6	0.0011474250163925098	9	0.0007137584058839804	342	0.0005050101310699087	35	0.0007538968079613801	81	0.0004032085954724621	9	0.0008766695845306944	6	0.0006876170702772512	9	0.0005374597638355494	342	0.0006365412867538787	35	0.0008949028588180336	81	0.0010206362670483581	9	0.0008411596720795193	6	0.000935179334525846	9	0.0013330909333099435	342	0.001053623549444674	35
6160	0.0009465037562047789	81	0.0014344109056630234	9	0.0010306778484406758	6	0.0011973463957344363	9	0.0009027255843940247	341	0.0007769669400803306	36	0.0008928553609906355	81	0.001463764836275317	9	0.0013240065000681863	6	0.0011317863442600858	9	0.0007094067900748429	341	0.0008044735542759331	36	0.0006552335783485018	81	0.00043563439332313866	9	0.0005547732930516445	6	0.000559710224679532	9	0.0004770555226356675	341	0.000491995516027236	36	0.0005382893920965169	81	0.0006629454423530215	9	0.0006073525099603619	6	0.0009158154788356515	9	0.0008754294304931035	341	0.0012483342451842325	36
6170	0.0009129041473528936	81	0.0008519752189096485	9	0.0009271584522712014	6	0.0010953739786520138	9	0.0007896892887572433	339	0.0010093046153753671	38	0.0007366113465081747	81	0.00118480071753178	9	0.0013131134473681478	6	0.0009332900680288854	9	0.0006225741739156914	339	0.0007986591775534092	38	0.0005559910323522658	81	0.00044339677937612184	9	0.0005755850814156676	6	0.00045894601065590276	9	0.0004401716059914004	339	0.0005852030596310797	38	0.0008272326224976579	81	0.0006309055094737273	9	0.0007191548295637718	6	0.0011455085805548316	9	0.0013902192057632526	339	0.0013906546281087463	38
6180	0.0011319253364340752	80	0.0010867851380664201	9	0.000808772387017139	6	0.001270474438458428	9	0.0008876294528551181	348	0.0008731911545965946	30	0.0009029503698289771	80	0.0012005394126519818	9	0.0013823115049683358	6	0.0013568593877492522	9	0.0006290007604185195	348	0.0006670920203256682	30	0.000583988639340168	80	0.00041878028302508725	9	0.0008459937270809785	6	0.0007760794719768919	9	0.00047089078998093674	348	0.0004888920488059264	30	0.0010259811760295235	80	0.000952715666819273	9	0.0019714506543517265	6	0.0009317918601537483	9	0.0009367831013300571	348	0.0007725373486188559	30
6190	0.0007675301274879974	81	0.0009307821868546793	9	0.0009913493481576937	6	0.0010046426216897125	9	0.000824011310816754	339	0.0009295774151035102	38	0.0008877719471769621	81	0.0010896511310586159	9	0.0017971267136665085	6	0.0011252674940950172	9	0.0007254418552607554	339	0.0005399770313245911	38	0.0005870781438030774	81	0.00036726018289265415	9	0.0009498281833721678	6	0.0005830268803920352	9	0.0004023154909450827	339	0.0005007035180855749	38	0.000616131287459139	81	0.00039863123908639493	9	0.0009676527963347771	6	0.001263397440670838	9	0.0009420301815472798	339	0.0006847759675647509	38
6200	0.0007699883399664416	81	0.0008062960876571456	9	0.0006432419845764362	6	0.0012248890887786678	9	0.0007627603169200413	336	0.0007323039584251541	41	0.000755832739293637	81	0.0010717985400678861	9	0.0016170865565634906	6	0.0010840991082957925	9	0.0006295000961240737	336	0.0007028606705069264	41	0.000538704674585725	81	0.000349670741363432	9	0.0009282095100624472	6	0.0005962517233192902	9	0.00043302512119942145	336	0.0006035889415169274	41	0.0006082623972861964	81	0.001126009059978304	9	0.00032855734793754194	6	0.000733632298798735	9	0.0010426160424061542	336	0.0004519356910422166	41
6210	0.0008660514430470036	80	0.0008631223274304676	9	0.0009242671235043697	6	0.000819663006386594	9	0.0007782960901774533	335	0.0007687224042969902	43	0.0010062874551967503	80	0.0009978722729301623	9	0.001662350806361034	6	0.001150629900585047	9	0.0007535190075094457	335	0.0006394943972976879	43	0.0006828576043007084	80	0.0004948925818907197	9	0.0006573089096934444	6	0.0004454665370138294	9	0.0004391094794372178	335	0.00047643218083433556	43	0.0008739367843966763	80	0.0005500897052983559	9	0.002831315949488112	6	0.001273874806018385	9	0.0007028081560626645	335	0.0008605357966758934	43
6220	0.0008614356785345473	81	0.0008089236451131884	9	0.001495518000623343	6	0.0009739142443892272	9	0.0009424951948703291	344	0.0009090113502647719	33	0.0008401747537109444	81	0.001108248704882485	9	0.0014498390975261654	6	0.0009478396310991015	9	0.000737951964408977	344	0.0007397485183148922	33	0.0007711465408983674	81	0.0004579619294406902	9	0.0008124952429364541	6	0.0005140393178657813	9	0.0005640713905623352	344	0.0005408866489154098	33	0.000961548312428798	81	0.00030822640190395205	9	0.0009212104644657254	6	0.0011767176289779403	9	0.000983320571595879	344	0.0010323338965031858	33
6230	0.0009564484308751802	81	0.0010258794527068776	9	0.001479368467590611	6	0.0009654498296693444	9	0.0009447717440835144	336	0.0009499336442055109	41	0.0010032737500373947	81	0.0015655033024052972	9	0.0014215474540616552	6	0.0013945361472911652	9	0.0007291320844760175	336	0.0008168586611712123	41	0.0006081360985914219	81	0.00039697375850245064	9	0.0011793240116823279	6	0.0008396163668043359	9	0.0005083601930110002	336	0.0004930807392237603	41	0.0009688694112173871	81	0.0004931153236312078	9	0.00046478616986797534	6	0.0008546327100036319	9	0.0009556270625391249	336	0.0013477299145744478	41
6240	0.000951817509023616	81	0.0008751790015943484	9	0.0009401005793781601	6	0.0009788509273523955	9	0.0008142759466681455	341	0.0010208361338688394	36	0.0009052446206661625	81	0.0010383390894878727	9	0.00121593029243532	6	0.0007903367693017277	9	0.0006869091339187144	341	0.0008005532199449216	36	0.0006953613333028501	81	0.0006691488552949529	9	0.0006004358810269259	6	0.000667738958663465	9	0.0005409009940365887	341	0.00048600412051294257	36	0.0007360401609683242	81	0.0004067831930882915	9	0.0005638443097183034	6	0.0004845964235489794	9	0.0009112323004045053	341	0.000843897193744758	36
6250	0.0008082515897865326	81	0.0007837100582564829	9	0.0009674744878744268	6	0.000990864677359603	9	0.0008534522795062303	343	0.0008519761796085686	34	0.0007759236065924495	81	0.0008725299109422226	9	0.001292335344702296	6	0.000825289025063834	9	0.0006052082888044952	343	0.0005463298778436468	34	0.0006786911659137482	81	0.0004584818671636811	9	0.0005112860879611605	6	0.0004564392528650345	9	0.00044386271134531533	343	0.0005351586120583875	34	0.0008161719717622877	81	0.0006900951605155673	9	0.0011089441665735349	6	0.000866994833855778	9	0.0009064454027059116	343	0.001367975076551257	34
6260	0.0007782486080185414	80	0.0008622460155410256	9	0.0025774960562427035	6	0.0008147164882759694	9	0.0007470162929683711	343	0.0007770078929465849	35	0.0008438346866077922	80	0.0015270834367445316	9	0.001429452631301823	6	0.0011781115899536017	9	0.0007311422670867953	343	0.0009392256144726626	35	0.0005325574727866263	80	0.0006616561614309683	9	0.0007319850523500619	6	0.0005626614778832524	9	0.0004143728880453503	343	0.0005295961268371501	35	0.0006095893921930259	80	0.0006469229292595749	9	0.0008565781899441761	6	0.0007740419640469372	9	0.000702707504982007	343	0.0007277887364563276	35
6270	0.0008990879525667033	81	0.0010801124769637144	9	0.0008147868980055788	6	0.0008904782280135229	9	0.0008826899276539083	344	0.0010775815702266068	33	0.0007386654101798724	81	0.0011395218276068055	9	0.0013350852412911615	6	0.0007370876265432016	9	0.0006214458529697979	344	0.0006461965118438891	33	0.0006114651725683595	81	0.0003417812208928121	9	0.0005107343848843904	6	0.0006953235052277026	9	0.0004508862888213363	344	0.0004188272577514557	33	0.0010487388545086867	81	0.0011253763826531151	9	0.0016155907069705802	6	0.0006588354277367103	9	0.0008668871469077609	344	0.0012608598966464026	33
6280	0.0007364741629872746	81	0.0011900100615830798	9	0.0005904600192759445	6	0.0009338537335861869	9	0.0006781119263391585	341	0.0006788340486229077	36	0.0007738998993320295	81	0.001156177932314417	9	0.0013662179973920293	6	0.0008747452579373889	9	0.0006586518016442487	341	0.0006289946149187054	36	0.0005744044874683663	81	0.00031325656506759773	9	0.00055127027334829	6	0.0005391676727008322	9	0.00037674264158446026	341	0.00038152606928334645	36	0.0006975708827043304	81	0.0007399019941914971	9	0.0011475955180357022	6	0.0008625627068997352	9	0.0007438677655681717	341	0.000822807061753499	36
6290	0.0009132400544065184	81	0.000850508619580064	9	0.0011017856042726426	6	0.0008842024443772603	9	0.0007255131937425971	342	0.0008716374387559223	35	0.0008263683166142994	81	0.0012399360136888225	9	0.0019566059720356357	6	0.0008378570971942173	9	0.0006540219088525183	342	0.0004948147803491318	35	0.000449123305561388	81	0.00042017094640179475	9	0.0007034498095491994	6	0.0006278374932051516	9	0.0003471668245861464	342	0.0003870281485926756	35	0.0007086032918292205	81	0.0005049240331130005	9	0.001151232134782882	6	0.0008027647382961982	9	0.0009761024593830048	342	0.0006303827081569672	35
6300	0.0011886462852463645	81	0.0013528283666103796	9	0.0009066768628761473	6	0.0014709411302587015	9	0.0010959246886999851	334	0.0009277617979423535	43	0.0007455227870331538	81	0.0014299771412466932	9	0.0013590216725762024	6	0.0009626318063254432	9	0.000584321015771307	334	0.0005098294554117046	43	0.0006384667569299557	81	0.0006603276359565202	9	0.000530377062815448	6	0.00045535576413512226	9	0.00045064042428935515	334	0.0004864225827219891	43	0.0008849768110763932	81	0.0007200168196827665	9	0.0007380190016025302	6	0.0017593840858046623	9	0.0009110259612124562	334	0.0008529400213257637	43
6310	0.0007139055941651975	81	0.001465304423243854	9	0.0012056120104399447	6	0.001738751215794144	9	0.0008066505775995799	338	0.0008002751655359847	39	0.0008588872974654068	81	0.000979517579450647	9	0.0017603191207501655	6	0.0010913748016910044	9	0.0006718015863003739	338	0.0006971605667006632	39	0.0008855946884868862	81	0.0006026305141984494	9	0.0006339771359529679	6	0.0007199526316753077	9	0.0004964876728345498	338	0.0005447022811390022	39	0.0006561891232774902	81	0.00039044400155361004	9	0.0005737779299820059	6	0.0011252287340083854	9	0.0008653968487761941	338	0.0008186798731539516	39
6320	0.0010037704015819651	81	0.0007749569578642531	9	0.0011473676985347316	6	0.0009611133652078697	9	0.000974417579605168	344	0.0009584611083879841	33	0.0006777281437067427	81	0.001102517871441152	9	0.0013301690684330344	6	0.0009356169977504541	9	0.0006103644920661625	344	0.0007112338298327217	33	0.0005322995557296409	81	0.0004167136087848626	9	0.000845224880155091	6	0.00040307508238955126	9	0.00046960583087095033	344	0.0008124751018141153	33	0.0008757496943643298	81	0.0004487536143407119	9	0.0008702047919875077	6	0.0007856785165429	9	0.0008006986465305991	344	0.0008541058947925744	33
6330	0.0007785573124450947	81	0.0006628683172644479	9	0.0014315995504425086	6	0.001290381997838157	9	0.000691768245227991	339	0.0008999922260534157	38	0.0007408937645450028	81	0.001023096610298855	9	0.0013973635219962843	6	0.0010396197077200402	9	0.0006597474077768468	339	0.0006430165658494121	38	0.0005669688966353218	81	0.0005465227700157588	9	0.0005425434866854459	6	0.0003729928533063453	9	0.00042351514986104015	339	0.00038826260645565653	38	0.0006767550544173449	81	0.0008580201362064304	9	0.001555781585145814	6	0.00033168211202933	9	0.000719139040225528	339	0.0006852601579530705	38
6340	0.0008494510029857888	81	0.0011678936519183174	9	0.0010893732005726306	6	0.0011187928566325127	9	0.0008692012952022913	336	0.001050914083545445	41	0.0008954703979583874	81	0.001127835510682399	9	0.0015493747507108098	6	0.0011456656565948344	9	0.0006195419071476199	336	0.0005410079742344942	41	0.0006947285385296051	81	0.000437569639238809	9	0.0005495911886606258	6	0.0006535486248898525	9	0.0005183496186291477	336	0.0003681573687900421	41	0.000857278115975409	81	0.00046303482329005465	9	0.0011309002420704043	6	0.0005459735663264145	9	0.0007441084129964986	336	0.000693126576647687	41
6350	0.0008019368205679411	81	0.0009789128022499793	9	0.0008730127543995549	6	0.0008306953399928198	9	0.000768917356371075	334	0.000816754708925114	43	0.0009047133359164716	81	0.00132079868650932	9	0.0017305670445211788	6	0.0009763873505284867	9	0.0006394306274431716	334	0.0006617949983719266	43	0.000657610460951021	81	0.0005746080311704788	9	0.0005819693917503962	6	0.0004473969710635016	9	0.000461163484113826	334	0.0002896010263352408	43	0.0008746266042269269	81	0.00032175489826707183	9	0.0008120988138084987	6	0.000526609077536475	9	0.0006591252649252333	334	0.0008102645025901174	43
6360	0.0006906366454710316	81	0.0006420967433793293	9	0.0006105044197624856	6	0.0008641744431621081	9	0.0007954081838099698	337	0.0009286419464400453	40	0.0008095969225948432	81	0.0007585030305562036	9	0.0014941061814870676	6	0.0008938367731310724	9	0.0006848904882982143	337	0.0008299709075015093	40	0.0006102348218638741	81	0.0007763138338930019	9	0.0005434395912273908	6	0.0006565602265069809	9	0.00048763218283552596	337	0.0003991530475600533	40	0.001082445276634526	81	0.000498645341792407	9	0.0010861949577050418	6	0.0009412571566225098	9	0.0010186308030938661	337	0.0011670256595674698	40
6370	0.0009461438159293486	81	0.0008507606018561928	9	0.0009682215689281772	6	0.0009303089403936571	9	0.0008945394800818904	336	0.0008212651980669892	41	0.000878345668176969	81	0.001509805837853005	9	0.001707095304713052	6	0.0010954628342842224	9	0.0007486062781050656	336	0.0006342077545551796	41	0.0006441035883775832	81	0.00045628430424030704	9	0.0007715938182455358	6	0.0007678610294645888	9	0.0005070874458616647	336	0.0005080456769462125	41	0.0007430796521689195	81	0.0006411529248038252	9	0.0018228503861483544	6	0.0008745380916448912	9	0.0008413828375349805	336	0.0010504866976548974	41
6380	0.0010382485070964578	81	0.0006895273371037659	9	0.0006688214812200093	6	0.0009455277542084408	9	0.0008013193440652576	342	0.0012273923623442927	35	0.0007194723157676711	81	0.001806002715660225	9	0.0013952622700214602	6	0.0009086559456869072	9	0.0006385231614056282	342	0.0005855572133420968	35	0.0006188988847341833	81	0.0004993263434507826	9	0.0006854017121563097	6	0.0004970963330683698	9	0.0004311524898605082	342	0.0004432366637101618	35	0.0007372907138313413	81	0.0007516421399878869	9	0.0011948700238997348	6	0.0011802319018769886	9	0.0008537369385595762	342	0.0009063980845223739	35
6390	0.0009504838365493796	81	0.0011336070223093556	9	0.0008911681013216191	6	0.0009390759349380581	9	0.0008945405958149381	339	0.0006794654261902464	38	0.0008272132671596783	81	0.0011953536806767523	9	0.0012832108575421138	6	0.0013126502361830036	9	0.0006376565233233496	339	0.0005976635473364171	38	0.0005707923054282311	81	0.0006132117572120104	9	0.0006104429319250218	6	0.0004925587679734888	9	0.000371929716546999	339	0.0003211184137578642	38	0.0006508566851276284	81	0.0003752170225189473	9	0.000675381170841395	6	0.0007304027696297362	9	0.0007778798505910363	339	0.0007001491725065838	38
6400	0.0006663285506151271	81	0.0007394841010075494	9	0.000739955528104838	6	0.0009923417907869818	9	0.000594893550149877	345	0.0006490002130916156	32	0.000742831714988765	81	0.001233267417461035	9	0.0017781993893678908	6	0.0009704399036472855	9	0.0005471379875252951	345	0.0006586511806171635	32	0.0007559563884089596	81	0.0005739659370242128	9	0.0005552943141232145	6	0.00038986494738461923	9	0.0004591246733728977	345	0.0005263447863417387	32	0.0008791379794998607	81	0.0008321900062387886	9	0.0009986796602602017	6	0.0013455519580141272	9	0.000891254044284193	345	0.0007717144623775801	32
6410	0.0010718349707691845	81	0.001068510651203654	9	0.0008309590724540908	6	0.0008985821632104656	9	0.0009521181253754261	344	0.001012682681927361	33	0.0007465991280654997	81	0.0010593328132790596	9	0.001163087594373856	6	0.000998482410725598	9	0.0005844154350850582	344	0.0005958773846150825	33	0.0007966577148059459	81	0.0006329112109482827	9	0.0007722624791752374	6	0.0008317563997556027	9	0.0005034979821721624	344	0.0004281444459496776	33	0.0009434419313873596	81	0.0006902626065399566	9	0.001381731983778369	6	0.000782603931853798	9	0.0009514502370335275	344	0.0009290415747329154	33
6420	0.0009429686031305667	81	0.0008373319850213896	9	0.0009604855669383289	6	0.001339901613960041	9	0.0009627682339346929	343	0.0012630214372093302	34	0.000761589285605509	81	0.00124627443552443	9	0.0015091172249461695	6	0.00108780946635022	9	0.000748709005304989	343	0.0008091413441895626	34	0.0006221358464857272	81	0.0005994799400319203	9	0.0005995262720718625	6	0.0005589651249495081	9	0.00048031405219058033	343	0.0003857094473212942	34	0.0006869504737294741	81	0.00013277151479687828	9	0.0009199945409548079	6	0.0009861980068467935	9	0.0008588779205256543	343	0.0007322054357698563	34
6430	0.0008775582253400465	81	0.0012357113942018682	9	0.0010491287399104659	6	0.0007398120940354658	9	0.0008136114279099174	339	0.0007666007482025801	38	0.000750305466434001	81	0.0010394253601134888	9	0.0014876871214449243	6	0.000780918853489586	9	0.0006422593186787962	339	0.0006332918660284189	38	0.0006552693512001873	81	0.0003432549770677294	9	0.00047420445716948363	6	0.0006209604159395621	9	0.00045409059338585183	339	0.0005952860972295107	38	0.0009910428210675012	81	0.0005391578592843744	9	0.0007989217073288971	6	0.0006187088033643193	9	0.0009832469719695403	339	0.0006121792534947226	38
6440	0.0010355020478041187	81	0.0012556976008023708	9	0.0012522498506814174	6	0.0010730700744582178	9	0.0010790755138570252	344	0.0014745968857331597	33	0.0008485719989679373	81	0.001196082704952729	9	0.0013372881546268554	6	0.001133576640626171	9	0.0007891772428819091	344	0.0008736341116886884	33	0.0007205733209661702	81	0.00042310584921377684	9	0.0005537328398254178	6	0.0004978971800778452	9	0.0005867774151100325	344	0.000517449825108279	33	0.0007835231315111286	81	0.0009095104538983689	9	0.0008987077752271444	6	0.0008047815781356506	9	0.0007360711574111974	344	0.0009451085960328405	33
6450	0.0008823077369861923	81	0.0009283025883962091	9	0.0010986856172275964	6	0.001567071655237199	9	0.0010069496507476908	341	0.0011305994653595967	36	0.0007920505308698949	81	0.001161822678107678	9	0.0018223669206604844	6	0.0009906670574383546	9	0.0006140788703007995	341	0.0007890716037681446	36	0.0005161297923610929	81	0.00037068036413579787	9	0.0012056857352782467	6	0.00040157527983938456	9	0.00038688079555074473	341	0.0005927810549006613	36	0.0013861678012630125	81	0.0007100638232754651	9	0.0007390340288016725	6	0.0006907149906926977	9	0.0008604664612375704	341	0.0018529925478454052	36
6460	0.0008344669612670361	81	0.0010675626739111116	9	0.0007674024604255953	6	0.0009381351868197017	9	0.0007520269190210827	336	0.0006991443942690527	41	0.0009219733910224945	81	0.0009813506089729898	9	0.0020776348099824636	6	0.0010688679132882318	9	0.0007289414409080699	336	0.0008525370590648791	41	0.0006804104254085344	81	0.0005748497239737209	9	0.0008483738775335024	6	0.0006752944970034361	9	0.00033442618630451085	336	0.00047510194542170703	41	0.0010056986293832029	81	0.0002952312718729891	9	0.0013943527202732195	6	0.0007361935461888598	9	0.0008907734788704122	336	0.0010078176815224557	41
6470	0.0009118763235063139	81	0.0007935418111499487	9	0.0013903798730936408	6	0.0010018885276371445	9	0.0007809103686977758	344	0.0008510976776694149	33	0.0009505111443567398	81	0.0009765352846723461	9	0.0017843120382976397	6	0.0011082880685830115	9	0.0007889535146882718	344	0.0006586333242946436	33	0.0005258895063436015	81	0.0003108465752604666	9	0.0004574760657287635	6	0.0005286494613566198	9	0.0003757389614923868	344	0.0003869509527219329	33	0.0008388663445924599	81	0.0005129596604510853	9	0.0007111292368708602	6	0.0008512396048063459	9	0.0009905871096817333	344	0.0010283927882070154	33
6480	0.0011140844658472275	81	0.0011762291845466687	9	0.0015558472840085313	6	0.000912483675544242	9	0.0010979433870680862	337	0.001078264035334179	40	0.0008101477163958612	81	0.0012633369162471416	9	0.0016760122062101292	6	0.0010235610767620788	9	0.0006542936338879399	337	0.0008184528558369594	40	0.0006425972521232024	81	0.0005832231073008391	9	0.0012208670327496288	6	0.0008156093502731892	9	0.0004592007539149506	337	0.000609991313610701	40	0.001259587088671631	81	0.00030775210573549794	9	0.001213795658433026	6	0.0013557322005526586	9	0.0012881848493729877	337	0.0011836237037799093	40
6490	0.0010278540537501403	81	0.0011514059703344947	9	0.0011630763823957772	6	0.0011029893288172954	9	0.0009983446137967254	335	0.0010993960844176238	42	0.0008077782718816763	81	0.0008450502448719807	9	0.0019544873606465	6	0.0011187376035966257	9	0.0006578365606546713	335	0.000681449868674814	42	0.0007842657941785072	81	0.0002996222910615124	9	0.0007656124757789008	6	0.0006077424879183141	9	0.0005681038266019824	335	0.0004791428186986664	42	0.0009397024760558558	81	0.0006975786494124564	9	0.0007989202825674785	6	0.0003982109540058025	9	0.0007712085246846294	335	0.0008930251101391106	42
6500	0.0010319054398581565	81	0.0010685944616243032	9	0.001107907617784075	6	0.0010862193631809894	9	0.0008913859687998369	340	0.0009409882341825273	37	0.0010379726414345494	81	0.0010934962155920332	9	0.0015736204351087795	6	0.001418862820423226	9	0.0007204040196539211	340	0.0006163572584917258	37	0.0006065955565481544	81	0.0006134670746969716	9	0.0005675551216238734	6	0.0005794210768620728	9	0.0005140958865179479	340	0.000635654306023616	37	0.0008808022727795626	81	0.0009983679617795995	9	0.0010295530689422771	6	0.0009322086692401866	9	0.0007685857324416538	340	0.0010220079778829906	37
6510	0.0008595880417805296	81	0.0008113399059807356	9	0.0007929627075541888	6	0.0010912495448105015	9	0.0007388590388906225	337	0.0006674639825163043	40	0.0008126786646050763	81	0.000895636917448824	9	0.0014635692620844994	6	0.0011588770127049868	9	0.0006489299664092952	337	0.0006052288829286595	40	0.0004968794888196708	81	0.0005613383393902877	9	0.0005319089370697758	6	0.0004727768212356864	9	0.00041648746151716357	337	0.00045865971030090895	40	0.0007587597668246006	81	0.0005914997676514538	9	0.0008256401132433807	6	0.0010589324273837042	9	0.000757882526134801	337	0.0011779782832917896	40
6520	0.0008678519939506158	81	0.0010955369733267142	9	0.0011230645412167557	6	0.001111729889331826	9	0.0008279984665478597	340	0.0007896192644915992	37	0.0008800714670119611	81	0.001004892597154371	9	0.0013488965173350717	6	0.0008794669254672515	9	0.0007534486049632348	340	0.0007142364433283067	37	0.0006116522172646369	81	0.0005466468033101808	9	0.0004889299153218613	6	0.0006269962763442454	9	0.00046243159548435477	340	0.0007379228442338331	37	0.0008660801768234906	81	0.0005505093754772381	9	0.0012916039770006283	6	0.0014590796599443677	9	0.0009184995162668904	340	0.0008763302284491727	37
6530	0.0009362744915355153	81	0.0009642166772589738	9	0.0009107198638484819	6	0.001747212835956367	9	0.0009846863784957935	340	0.0011908446810003559	37	0.001047047761532945	81	0.0011287642270744753	9	0.0013958253636142538	6	0.0007687466534348605	9	0.0007419954104731662	340	0.0009075154325446163	37	0.0006233398405143451	81	0.0005512497005518121	9	0.0006479986838335986	6	0.0005827450263198351	9	0.00047816505604382725	340	0.0005025772945034602	37	0.0008950758291980446	81	0.0006460140657261374	9	0.0015682736873660022	6	0.001012079259488755	9	0.0007366866718032256	340	0.0008539160386632295	37
6540	0.0007444139919694586	80	0.0009149106743148153	9	0.00110643067763248	6	0.0013390744828379799	9	0.0007815141788151453	336	0.0009484079813817054	42	0.0009002364287007253	80	0.0010761273383686257	9	0.0010248689778822554	6	0.0010133187349689898	9	0.0007065717912482439	336	0.0006864705440173448	42	0.0005496880546170669	80	0.0005080223033384715	9	0.0006194255277411889	6	0.0006429254177184605	9	0.00043490720523262387	336	0.00047066814631533836	42	0.000796641110681953	80	0.0005794583554277899	9	0.0008409951710898906	6	0.00034432240744367015	9	0.0007845588876234268	336	0.0011790045656928675	42
6550	0.0008969460839322309	81	0.000906793203273072	9	0.0008963334557450156	6	0.0009025816346428606	9	0.0009006655236162845	336	0.0009022526921146739	41	0.000886525008719669	81	0.0011158921626933595	9	0.0016096744519630468	6	0.001111714853111422	9	0.000632586197099865	336	0.0006931113445518963	41	0.0005654694599435266	81	0.00048637162608054427	9	0.0007750333258820393	6	0.0007823667303677907	9	0.000503728640656058	336	0.0005509249909356274	41	0.0006170145082440754	81	0.0003215920124195134	9	0.0006358391973142491	6	0.0016496047942968525	9	0.0008383823877312191	336	0.0009585275737720517	41
6560	0.0009910622572838947	81	0.0009224653473659161	9	0.0010722821733473973	6	0.0011788498424707666	9	0.0009675544459588118	335	0.0011584812237314004	42	0.0009800117045245132	81	0.0008782113170855257	9	0.0013524886794676063	6	0.0011269314517883852	9	0.0009198356879873033	335	0.000889712726527392	42	0.0005287403938904344	81	0.0005290925061667358	9	0.0010818417226594872	6	0.00047854712876213665	9	0.0005157976990133692	335	0.0004924732517024971	42	0.0007645932782415686	81	0.0005431891750572751	9	0.0008125193227182739	6	0.0003950174045935553	9	0.000553836841833287	335	0.0006762088961099202	42
6570	0.0009580776422386449	81	0.002396710199333833	9	0.0011639210720846688	6	0.0012623090765326692	9	0.0007066179000640803	338	0.000713363510526123	39	0.0008571221532232869	81	0.0009212209438689811	9	0.0017099738519186583	6	0.0009827968537814702	9	0.0007130201830601226	338	0.0007450098164045537	39	0.0006385368031037903	81	0.00053933973173313	9	0.0006356071296894987	6	0.0006403149627402147	9	0.0004932286739944555	338	0.00036576472756862414	39	0.0011898898247781745	81	0.0007767502943033454	9	0.0009919517832859676	6	0.0013675331371319074	9	0.0010281747768613096	338	0.001237992633847097	39
6580	0.0009069737957322598	81	0.000997867459498241	9	0.0009474068925931922	6	0.0011677226610118494	9	0.0009821713989698133	335	0.0009387358530685995	42	0.0008313359591241336	81	0.0010669975185299922	9	0.0017174522614012207	6	0.0013986328633958317	9	0.0006734744468046548	335	0.0008628217232776928	42	0.0006766918605014338	81	0.0005244924499850901	9	0.0007929431906967256	6	0.0006151278785636073	9	0.00043785420194611543	335	0.0005898267407251105	42	0.0009208485128077411	81	0.0006781844260239551	9	0.0012156962900418677	6	0.0011769006653335498	9	0.0011962718520992816	335	0.0013794702258568727	42
6590	0.001069900047215281	81	0.0010541955176391995	9	0.0011697666660722822	6	0.001037207399539058	9	0.000987022272480999	332	0.0009453055272245765	45	0.0009185138837046115	81	0.0009585484534557683	9	0.0017856488994691235	6	0.0009318651039951453	9	0.0007835794638545393	332	0.0007325607515592557	45	0.0005260482266932555	81	0.000735136020166799	9	0.0006937129389603215	6	0.0006859188803047697	9	0.0004971032307716184	332	0.00043644085083297733	45	0.0006077706746989109	81	0.0005333128228632255	9	0.00037747248768371715	6	0.0008627144350671323	9	0.0009971456808390824	332	0.0007046842088649589	45
6600	0.001010957660671789	81	0.0009579943853298387	9	0.0009087989980867489	6	0.0012233813563830758	9	0.0010552899009340212	336	0.0010125007852015487	41	0.001030250446138042	81	0.001001031036630509	9	0.00168552029616254	6	0.0011443514813279678	9	0.0007278288953173288	336	0.00064502954668114	41	0.0007603412796676296	81	0.0004991643987858562	9	0.0009875204417052641	6	0.0007045474703699533	9	0.000512335646102443	336	0.0004032822785223085	41	0.0007606706875408987	81	0.0008794547022046619	9	0.0009407267826357643	6	0.0007210228043014895	9	0.0008141614064587933	336	0.0008779383226557553	41
6610	0.0008834315367773174	81	0.0006561071141231599	9	0.0011657232290658342	6	0.0009376088040443915	9	0.000833875367548223	338	0.0006279723839473059	39	0.0007892834324120494	81	0.0010625807791369356	9	0.0016926954840524866	6	0.001126616710595875	9	0.0005933054035917012	338	0.0005866026725995909	39	0.0004779111962875335	81	0.0004268891175662151	9	0.0003557067167899427	6	0.0005279783121320113	9	0.0003629339086999148	338	0.0004449310427924148	39	0.0007624954315281527	81	0.00031472664784743106	9	0.001075352816711045	6	0.0007535583458304749	9	0.0007942435475495045	338	0.0007470190987771439	39
6620	0.0009295740000340332	81	0.0012189851093005577	9	0.0008947298338872293	6	0.0012195512668011685	9	0.0008614146090142308	339	0.0010162684092962432	38	0.0007412647940275611	81	0.0010353476594584118	9	0.0011967721909663406	6	0.0007407054198685521	9	0.0006643557237986969	339	0.0006584075216017491	38	0.0007914636074957262	81	0.00042371582925883864	9	0.00047804169250673594	6	0.0004888807537351429	9	0.0005184623719908436	339	0.00037152697437409975	38	0.0007032249830400024	81	0.001101441694212211	9	0.00068861750287736	6	0.0004991058005665365	9	0.0007943061852537926	339	0.0013659487409542624	38
6630	0.0007219238958800534	81	0.000987625691483475	9	0.0008415679292331514	6	0.0007350413892748954	9	0.0007507893964561581	342	0.000749137354844601	35	0.0008700257266747104	81	0.0011723002013406519	9	0.0012767842342253609	6	0.0009057522416047771	9	0.0006607967379231262	342	0.0007592826079340475	35	0.0007770957244402916	81	0.0004704332903945601	9	0.0004819847362874218	6	0.0005264899961836727	9	0.0004416043381303589	342	0.0004372454192118915	35	0.0010923441717511741	81	0.0007285128971491258	9	0.0011811872949930174	6	0.001048462611569506	9	0.0009798577233222814	342	0.0008799809531325101	35
6640	0.0009679573762697137	81	0.0010200764248598582	9	0.0010323646159195853	6	0.0010246534855299055	9	0.0008990571880417642	335	0.0009490162803074515	42	0.0008274300058324832	81	0.001151523027032885	9	0.0013650425731130062	6	0.0016378064741474582	9	0.0006126671193364304	335	0.000546062505671177	42	0.0005896295432112124	81	0.0002654549098090604	9	0.00045875664888296396	6	0.0007778075379805923	9	0.00047077201499865596	335	0.00045280735485420554	42	0.0007947291380187004	81	0.0009039807755543256	9	0.0006602824195895102	6	0.0008711464238595197	9	0.0007639800974677607	335	0.0011496719945047738	42
6650	0.0007803733754665825	81	0.0011027195131768934	9	0.0007142369325242743	6	0.001682407789679231	9	0.000739620724234498	336	0.0007660623905453467	41	0.0007001797701378839	81	0.0013650418002649285	9	0.0013340255574809598	6	0.0019290827500654504	9	0.0006709365713048538	336	0.0005634757921937546	41	0.0005944584594421012	81	0.0004779358248804281	9	0.000611199930808973	6	0.0008130388274630768	9	0.00048015120479543284	336	0.00046810580064371806	41	0.0006494664711260216	81	0.00045447513639946396	9	0.0028187216927287842	6	0.001301380359195191	9	0.0010708472312478635	336	0.0009626102295632256	41
6660	0.000707561545373338	81	0.0012478529722983963	9	0.0009710812244411514	6	0.0010781549223554802	9	0.000789908129802368	339	0.0007319209047667913	38	0.0008649786091033683	81	0.0010153302383057489	9	0.001435436593010951	6	0.0008251502336332679	9	0.0006282156942814234	339	0.00067555774907352	38	0.00048105551678397795	81	0.0003747812633449607	9	0.0004421797986964892	6	0.0004601148475185164	9	0.00039542387056581263	339	0.00034078651838087977	38	0.0007342631455224822	81	0.0005986467567166201	9	0.0009066781581117885	6	0.0005058486693260289	9	0.0006341063675429365	339	0.0005806578726135676	38
6670	0.0010681853999742498	81	0.0010235973365107793	9	0.0012281483455641882	6	0.0009833003594984803	9	0.0009227683530860511	339	0.0010341546384186598	38	0.0010243270546994236	81	0.001193232919485989	9	0.0026756836389031876	6	0.0010962673534187397	9	0.0008214033852789606	339	0.0009593586993673099	38	0.0005481548959618839	81	0.0007757395254374109	9	0.000563724598106838	6	0.0005357483363617522	9	0.00036429130321505456	339	0.00041386948477325884	38	0.0010918095073641503	81	0.0011225162529333514	9	0.0010945493138291454	6	0.001521801435233909	9	0.0010493591358314207	339	0.00062264730061848	38
6680	0.0008086688581206749	81	0.0008449773108525343	9	0.000972703295634334	6	0.001044403595265077	9	0.0006868179549246047	339	0.0006730021417421416	38	0.0009452405199810594	81	0.0016203634548367786	9	0.0017180690911964653	6	0.0009978138590330484	9	0.0007240585186408315	339	0.0007194614347369149	38	0.0005864586693835113	81	0.0006654489692157657	9	0.0005994175392121541	6	0.0006210515587052804	9	0.000496849076932899	339	0.000464355183592684	38	0.0009880478459418172	81	0.0006317051378312326	9	0.0009371695889322401	6	0.0012148249019443683	9	0.0008946481458518783	339	0.000675570686024018	38
6690	0.001094629600663539	80	0.0008865086724486685	9	0.0011237001595429336	6	0.0007107137377113406	9	0.0007776643648755293	339	0.0009304279008821314	39	0.0008335423065703118	80	0.0011350142986744044	9	0.00145207470746718	6	0.0011590473339393459	9	0.00078505422386995	339	0.0006972396814844458	39	0.0006516038782180789	80	0.0007234907714182263	9	0.0005316480783718503	6	0.0006216942723403445	9	0.0004918652670582238	339	0.00047826880735141766	39	0.0010857546953997642	80	0.0007026775526110507	9	0.0010154185324291814	6	0.0005027344804288608	9	0.0009675373923377704	339	0.0007205128411284269	39
6700	0.0007404294074521301	81	0.0006858547423553851	9	0.0007295772583430313	6	0.0010963858609163647	9	0.0007812250825316796	340	0.0007740854866243625	37	0.0009406220011073293	81	0.001172753800188176	9	0.0012229907483750596	6	0.0011376454315325522	9	0.0007998119316191301	340	0.0006212551051495768	37	0.0006561689153191484	81	0.00033760716631764425	9	0.0007056079533373877	6	0.0007091847913748582	9	0.00045377463872587823	340	0.0006874048318760242	37	0.0010395237362491128	81	0.0009879594047534164	9	0.0018355207242175995	6	0.0009202612841164639	9	0.0011344439130877117	340	0.0008152173035324039	37
6710	0.0008490725162749641	81	0.0008375619882804973	9	0.0011264687388990882	6	0.0008189346608221892	9	0.0009011355621764059	338	0.0008832327155754591	39	0.0007951837715141385	81	0.0013454825433699405	9	0.0012100431071216733	6	0.0009116970683288349	9	0.0006300345005457691	338	0.0006863302665610796	39	0.0004890270454997157	81	0.0008650410122588363	9	0.0006287551362487953	6	0.0006700158919633894	9	0.000328417392976022	338	0.00020166914147951327	39	0.0007620681670819801	81	0.0007128415706938096	9	0.0009272464010839555	6	0.0013530263365231776	9	0.0010037686795134164	338	0.00115055642118286	39
6720	0.0008151842463751473	81	0.0009249186441763321	9	0.0007494911835043014	6	0.0008565070939309592	9	0.0008455639948371504	340	0.001064185277929125	37	0.0011319617429972817	81	0.0010106634088796428	9	0.001529005274688847	6	0.0010379247093779667	9	0.0006402772785268007	340	0.0006387731172319126	37	0.0005740719080244041	81	0.0007492559418402078	9	0.00041782520398128486	6	0.0006080639426035509	9	0.00044452988112032594	340	0.0006208445281637412	37	0.0013712060836957097	81	0.0006767809841792422	9	0.0010183765357978981	6	0.0017543345162373601	9	0.0013866663250966926	340	0.0011566948453183815	37
6730	0.0010389512260862426	81	0.0010566245955547443	9	0.0009367378205320523	6	0.001058616755560636	9	0.000738376555342163	344	0.0007232736925959217	33	0.0009198649177728832	81	0.001180236636788836	9	0.001493091905670121	6	0.0010847017676409955	9	0.0006869151766621479	344	0.0007002557160564769	33	0.0007196363208401931	81	0.0008074318175729296	9	0.0005608382969771389	6	0.0006839104900720721	9	0.0005243596535019873	344	0.0005452550730402368	33	0.0014625018268620423	81	0.0019716345170918484	9	0.0011496696429153538	6	0.0013116654016388802	9	0.0009661807480763348	344	0.0012404026700653995	33
6740	0.0007575636928892256	81	0.0009644292437330055	9	0.0009080808163505903	6	0.0010487545720840302	9	0.0008617211586590072	341	0.0009820184250212945	36	0.0009624422036627579	81	0.0010405192249729849	9	0.0015455699983090718	6	0.0009284856910059939	9	0.0006430071624601625	341	0.000669990407633809	36	0.000775868012839104	81	0.00047733299956570236	9	0.0002896518556374651	6	0.0006617684877901693	9	0.0004731266567846082	341	0.0005449349616475683	36	0.0014246157798384032	81	0.0005293691681763208	9	0.0007483342272491798	6	0.001507297307414531	9	0.0015537698369254905	341	0.0012499326669840822	36
6750	0.001140651011429779	81	0.0010881732027825234	9	0.0014465845967196976	6	0.0011926093866393866	9	0.0010621468132513206	342	0.0010067420472685642	35	0.0009341444672872454	81	0.000968309882276884	9	0.0014326725506579087	6	0.0012258469035012322	9	0.0006013040959855429	342	0.0006854585284938286	35	0.0005858222796788372	81	0.0007460233259372934	9	0.0009887899164460884	6	0.0005615419044652449	9	0.0004591391531391242	342	0.0005993074567438099	35	0.0010758198323807268	81	0.00069322154371662	9	0.0006920011699163651	6	0.0006481660807586688	9	0.0010721715623615339	342	0.0006940774014292574	35
6760	0.0007406438093603267	81	0.0009114987416515561	9	0.0011912556915219153	6	0.0009712180077469384	9	0.0006924054320833857	338	0.0008381758680834491	39	0.0008191864355621955	81	0.0010202322947283921	9	0.0016607751110982762	6	0.0009624142909648377	9	0.0006572444707017539	338	0.0006487390948870985	39	0.0005807794184529602	81	0.000507054001756196	9	0.0008143184418646825	6	0.0007439478507906409	9	0.0005056138226890894	338	0.0005695087898095715	39	0.0007678904359312276	81	0.0006599732492789784	9	0.0005626699161585701	6	0.0005045720059382319	9	0.0006988169325163869	338	0.0009761187595892217	39
6770	0.0007370253374223701	81	0.0007343335403026461	9	0.0008124080515358782	6	0.0009504874079829499	9	0.0006642448226404024	341	0.0007571134915216157	36	0.0008201388688813639	81	0.0009168930820163434	9	0.0017688793491194288	6	0.0015895185046231114	9	0.0007599390912236443	341	0.0006177053730690233	36	0.0005732966584712143	81	0.0002888482056907533	9	0.000408312563272818	6	0.0007925535498902749	9	0.0004506375940029479	341	0.0005099743271186364	36	0.0005519916941417069	81	0.00037143218715128095	9	0.0008736119544262943	6	0.0013474718789119216	9	0.000889009581149336	341	0.000640370664188619	36
6780	0.0008392658526740649	80	0.0009563561473533177	9	0.0008293662143719537	6	0.0009209305045462294	9	0.0008525295124278333	347	0.0008547504569678516	31	0.0007215165705483338	80	0.0011847674150897488	9	0.001563078768118892	6	0.001255117929854057	9	0.0006064200456353442	347	0.0008228512626899323	31	0.000739417759367544	80	0.0006707898039181037	9	0.0007667951372504586	6	0.0004934595941659633	9	0.0006005382264380803	347	0.0006100212030241784	31	0.0008504289054680628	80	0.0011465909722107785	9	0.001556133866623105	6	0.0005771150844842182	9	0.001015270112811197	347	0.0007731553972586924	31
6790	0.0006775826356877811	80	0.0005557318175949725	9	0.0007382073125209986	6	0.0007305263393392257	9	0.0006271684117634288	345	0.0008422122600808715	33	0.0008712112816711863	80	0.0009195967648347308	9	0.0017887322818874209	6	0.0013548452322820793	9	0.0006941642233176294	345	0.0007363591016848606	33	0.0005354690817208388	80	0.00045924969033022474	9	0.0005855256528636584	6	0.00048671729333069156	9	0.0004212676012817045	345	0.0006122785078672426	33	0.0007426664201462523	80	0.0007130733250520484	9	0.0010031031985742909	6	0.0012507986850220087	9	0.000749315687952237	345	0.0006689656916679847	33
6800	0.0006054377796061568	81	0.0007089705163185086	9	0.000925997696837725	6	0.0006854924395359172	9	0.0006834472367269522	344	0.0006477335587049437	33	0.0007210947674063425	81	0.0010738899479659882	9	0.00185480174524355	6	0.001205722139222643	9	0.0005302054404031395	344	0.000618120850323272	33	0.0005401485708631899	81	0.0004653428537711089	9	0.0004979301018396971	6	0.0005319844472588018	9	0.00038470607429966116	344	0.0003554619051963035	33	0.0008147598949781824	81	0.0009069888359156288	9	0.0007051646735490089	6	0.0006206564693480095	9	0.0007858945608288942	344	0.0007647805812576024	33
6810	0.000820177755491308	81	0.0007122025312090795	9	0.0009280669861976455	6	0.001846495705313902	9	0.0007001829849713705	345	0.0009710634251435847	32	0.0008750611104288608	81	0.0010030776352475427	9	0.0013057093155306075	6	0.0010499389367700203	9	0.000679208727299296	345	0.0007531075448084772	32	0.0006202596623208678	81	0.00032585412287446016	9	0.0005174273284446431	6	0.0005608162885005093	9	0.00031971563097744606	345	0.0004044396235603856	32	0.0005429259665197329	81	0.0013851240081797873	9	0.001054873630143864	6	0.000907357999455214	9	0.0009337329531820568	345	0.0006826112658537528	32
6820	0.000862485048830538	81	0.0010335049516195863	9	0.0011531620748775732	6	0.001352123754563757	9	0.0007168710846801171	336	0.0008060088764054053	41	0.0008309244657886237	81	0.0013448395641766431	9	0.0018667126562980604	6	0.000762575751049556	9	0.000621185476653689	336	0.0007087440065578014	41	0.000552446859593605	81	0.0007707195146722424	9	0.000651952930726397	6	0.0005792480286385175	9	0.0003299224069529961	336	0.0003817674978172341	41	0.0013768496405970922	81	0.0006203942956030813	9	0.001281098464554515	6	0.0008970839393182618	9	0.001309564938827819	336	0.0012499465371014296	41
6830	0.0010127517704752913	81	0.0009626133456711052	9	0.001078634345435099	6	0.0013465911016457286	9	0.000835907926228928	344	0.0010414447063492947	33	0.0008964595965864169	81	0.0010231965674710056	9	0.0012370882567142186	6	0.001146906385219097	9	0.0006146099412657337	344	0.0007247103419610473	33	0.0006546709473378514	81	0.0002969856523440163	9	0.0006255336021643165	6	0.0005686964380028499	9	0.000552749378160425	344	0.0004669851914423105	33	0.001058982079208751	81	0.0010051880877628	9	0.0011159387057877769	6	0.0008549726252396967	9	0.0009160525262845299	344	0.0007492467910022088	33
6840	0.0009247745995225837	81	0.000868737332553668	9	0.0008369385263414806	6	0.0016226441140641838	9	0.0008137103158692169	340	0.0007868848073408717	37	0.000810485615432215	81	0.0011425440681423417	9	0.001289846753058485	6	0.0008310005346912202	9	0.0007291994804887599	340	0.0008897246205070824	37	0.0006212387047666491	81	0.0005501596368813655	9	0.0005677413650609222	6	0.000643352629857517	9	0.00046645444185789846	340	0.00039304627527926415	37	0.0008387521770894931	81	0.00041417333534262237	9	0.000984337397668385	6	0.0006774383519238003	9	0.0010758891468086492	340	0.0007393409662552103	37
6850	0.0008896883873958992	81	0.0012882466788367933	9	0.0009792164045355101	6	0.001378471757690045	9	0.0008622042784976301	333	0.0009501295840145364	44	0.001035916445456588	81	0.0009490554219546027	9	0.0022216081172698565	6	0.0009771898218738902	9	0.0007792811833989175	333	0.0006616823670005892	44	0.0006197641799455533	81	0.0004776962438229617	9	0.0006961816047376916	6	0.0005922581655057267	9	0.0004965132544870873	333	0.0005039961394294222	44	0.0010078525049002506	81	0.0014105172172102322	9	0.001055494172146144	6	0.0014112181375669018	9	0.001119743677640571	333	0.0013044190727555356	44
6860	0.0010224182970447375	81	0.0012184231141777024	9	0.0012534940763985751	6	0.00089809492497979	9	0.0009022036578243006	345	0.0009600607131841638	32	0.0009602113407382239	81	0.0009813068172803013	9	0.0023778889136168127	6	0.0011425397405365495	9	0.0008317857504981367	345	0.0007978249955563703	32	0.0008454486985710227	81	0.0006158890883797398	9	0.0005235610056822028	6	0.0004366063880168991	9	0.0005760007580420889	345	0.0005178876370994809	32	0.0006641788827304422	81	0.00048739879839707355	9	0.0009735939965196989	6	0.00041278396830446066	9	0.0009661392650754011	345	0.001574534919652827	32
6870	0.0011265084303988472	81	0.001024126012534883	9	0.000950005704786983	6	0.0006937850644493708	9	0.000998072180024785	342	0.0009116007355554018	35	0.0008502743466701978	81	0.0012608692993198282	9	0.0014705108953818964	6	0.0010542300792939936	9	0.0007176126801599494	342	0.0006161964297933631	35	0.0006186767207044642	81	0.00041314720421417806	9	0.000702095573296424	6	0.00045389817179834004	9	0.0004428586700597613	342	0.00046908482448913727	35	0.0027665844345138592	81	0.00035123221588543945	9	0.0008759403744116363	6	0.0011062602617650347	9	0.0015182440775491951	342	0.0015405877980699957	35
6880	0.0008565419320202732	81	0.0008666684311432197	9	0.0009193883751390532	6	0.0007939951662814799	9	0.0008442929064400212	343	0.0008208325437502331	34	0.0008550152054269577	81	0.0013158194495764921	9	0.0022852275926709942	6	0.0012509804713851675	9	0.0007032092611158752	343	0.0007296376670505874	34	0.0006062108442144974	81	0.0004482816303417011	9	0.0007614285018459833	6	0.00048120021191721006	9	0.000523756944621034	343	0.000631922068620769	34	0.0007626931010457155	81	0.0011111345508718503	9	0.001564498283638957	6	0.0016850136194569941	9	0.0008926867443181937	343	0.0012999148897080278	34
6890	0.0008938644208404575	81	0.0010241043820989433	9	0.0012290829817663265	6	0.0012175030885962189	9	0.0008428848719177736	344	0.0008245770211067048	33	0.0009443525918126543	81	0.0013571465326542317	9	0.001173892043462691	6	0.001113909531406174	9	0.0008142600343318728	344	0.0010738419054371364	33	0.0006964698855117068	81	0.0007513052475761054	9	0.0007663108336920828	6	0.0004891878314958986	9	0.0006444600776960973	344	0.0004995961722268771	33	0.0006817143796766001	81	0.0006907023240627959	9	0.0012536126788012338	6	0.0010816345442905063	9	0.0007175571338547775	344	0.0006315437206096656	33
6900	0.0010901535558485373	81	0.0013032782848899174	9	0.000750363090125209	6	0.0010300071712346717	9	0.0010385082598029984	339	0.0010508095929900253	38	0.000788141675695772	81	0.0013254696254064843	9	0.0016164122991836304	6	0.0008585453098213029	9	0.0007650283956373622	339	0.0007918547926795598	38	0.0005724899855169268	81	0.0006020145128280797	9	0.0006188686043830391	6	0.0006656586131595857	9	0.0005288193457890473	339	0.00043983674893054506	38	0.0012198490042134274	81	0.0014567290569468033	9	0.0013179785091450783	6	0.0008229659200437387	9	0.0009474014091640346	339	0.0010439339037799304	38
6910	0.0006465268440600249	81	0.0011739975326814768	9	0.0007009547806933286	6	0.001223964373159842	9	0.0005472362157650174	341	0.0006351152623256409	36	0.0008381992411466728	81	0.0009125972572761128	9	0.0013708158340534722	6	0.0009244134850740161	9	0.0005874479999163043	341	0.0006799246481706104	36	0.0005744177930778692	81	0.0004546057532963041	9	0.0005656287166978545	6	0.0006136622580634823	9	0.00036759381070914553	341	0.00048267007383062427	36	0.0008401534358159378	81	0.0008963546594673126	9	0.001026962290522702	6	0.0009771629965367274	9	0.0008633646824219821	341	0.0009429862262322927	36
6920	0.0010219007905473063	81	0.001270594019232584	9	0.0010979250719663687	6	0.00134297656860953	9	0.0009049950947281111	341	0.0011360424758678693	36	0.0007749114978140496	81	0.0008517267145368411	9	0.001402879124980219	6	0.0009751868219959025	9	0.0006946059224894675	341	0.0008938867694397031	36	0.0005583158861765311	81	0.0006391251981037383	9	0.00043541571554714126	6	0.001234518318035844	9	0.0004228125364218313	341	0.0004970852912435449	36	0.0006197889309996663	81	0.0005048271880851341	9	0.0006418842549941001	6	0.0005507468253093878	9	0.000678598150791247	341	0.00047769312477266817	36
6930	0.0008873291676941944	81	0.001240253884208162	9	0.0006443378784909297	6	0.0011452064898914505	9	0.0007586146636529076	348	0.0006254817282108098	29	0.0006769056442851645	81	0.0011565376373909144	9	0.0016437678688060928	6	0.0012216239325299005	9	0.0006360453545714655	348	0.0007176212085268699	29	0.0005842316771112883	81	0.0004018816797285024	9	0.0004451090511060236	6	0.000681252701842741	9	0.00044766720792720405	348	0.0004021363613593038	29	0.0009199816787596215	81	0.0010695067301457078	9	0.0014353171750227038	6	0.0009955719520097783	9	0.0010998707345578403	348	0.0006600265061656657	29
6940	0.0009587901601209435	81	0.0008478384579624426	9	0.0012855980196181842	6	0.001005446042534014	9	0.0008474049475044269	339	0.00092952065656315	38	0.0008301741805888399	81	0.0009386881855967448	9	0.0017323993345919487	6	0.0014328347390841823	9	0.0006944969287902708	339	0.0008961070330165966	38	0.0005463942377170603	81	0.0005107221734587259	9	0.0006714249435170174	6	0.0006167223003824926	9	0.0004179291489703278	339	0.0005127328908474379	38	0.0006881495682116431	81	0.001031885888450298	9	0.0015357414358059148	6	0.0008112280709842191	9	0.0009766048834703776	339	0.0016143428106649544	38
6950	0.0008867193070773698	81	0.0012016485425796895	9	0.0008539227224974292	6	0.0013375751427927688	9	0.0008924604233526986	344	0.0006938932664979095	33	0.0009626473566804216	81	0.001004638548240403	9	0.0009436627944966008	6	0.0014826210369825133	9	0.0006734224380875703	344	0.0008683181583763287	33	0.0006401653211351638	81	0.0005326157008694452	9	0.000801567396521085	6	0.0006581048566176638	9	0.000455918619415845	344	0.0004892363715035179	33	0.0010683739404711997	81	0.0011379449465955757	9	0.0012787332884176415	6	0.0009748472988419771	9	0.001177026777525858	344	0.0011090718207871933	33
6960	0.0008870224073859867	81	0.0008831672520933143	9	0.0008299867275453845	6	0.0009825012984977718	9	0.0009410793804134016	343	0.001074746280188806	34	0.0008041373310520949	81	0.0012882127221292403	9	0.001381643555427872	6	0.000979891036468926	9	0.0007765316353506476	343	0.0007014217691704248	34	0.000585639662313165	81	0.0005691365691803577	9	0.0007149069387626769	6	0.0007673739661701003	9	0.0005049948670131378	343	0.0004717354633393538	34	0.0010230451570520296	81	0.0004799315381541437	9	0.0010937224591423536	6	0.0009343944158355878	9	0.0010185227392116671	343	0.001104354084289539	34
6970	0.0007584221064898084	81	0.0009417089931651073	9	0.0010667092904588212	6	0.0008921088224245938	9	0.0007713180390787914	347	0.000671730119477416	30	0.0009325729331300381	81	0.0015740355880784628	9	0.0015013159555611983	6	0.0011026017975860772	9	0.0008613706894083689	347	0.0008528881179256591	30	0.0007152832743314855	81	0.000543853716454616	9	0.000593439836556535	6	0.0005641793563771781	9	0.0004618108074490551	347	0.00044258885196089934	30	0.0007630658313499403	81	0.00047363801454296646	9	0.0028543974938693636	6	0.0008505626870150507	9	0.0010268711398340714	347	0.0012740914405740941	30
6980	0.0006875045175486702	81	0.0007817372729143348	9	0.0008650672476808095	6	0.0009084859651611851	9	0.0006891696301176527	344	0.0007316179766624744	33	0.0007852273451506003	81	0.0013529798903326306	9	0.0014571149234722947	6	0.001154463038554712	9	0.000668127433562328	344	0.000640740295643352	33	0.0006296811749355311	81	0.0006832731014864859	9	0.0013906463924454177	6	0.0007941569267722052	9	0.00047774183528275047	344	0.0005108242514137777	33	0.0011231333081331305	81	0.0006193080268562766	9	0.0013805259190256397	6	0.0007497981170801545	9	0.0010804091393719184	344	0.0007911438755306543	33
6990	0.0009735000407977235	81	0.0007663982075914236	9	0.0008458749244555688	6	0.0006076672069464936	9	0.0008041348519562902	343	0.0008545506532816933	34	0.0006809917610810215	81	0.001262854328769102	9	0.001468793099272842	6	0.001151493016571259	9	0.0006146246727203701	343	0.0007685287805873655	34	0.00045407205659771623	81	0.00028114910807742663	9	0.0003308509698806185	6	0.0005199559361757253	9	0.0003599969619253406	343	0.0004703355295469723	34	0.000802105336185606	81	0.0005765198838090557	9	0.0008445373156227414	6	0.0009770703262415737	9	0.0008790863752167813	343	0.0007720130094648284	34
7000	0.0007323767292466472	81	0.0006201507567858293	9	0.0006439113030413487	6	0.001001038424189696	9	0.0007699216422394494	342	0.0008559341181714152	35	0.0009272609556794018	81	0.0010440742217301703	9	0.0018382071956576874	6	0.0012148658866808295	9	0.0007120369906444494	342	0.0010095581600532376	35	0.0006026678577214679	81	0.000609586805129857	9	0.0009513026116475589	6	0.0004751025051753114	9	0.00045146974267773883	342	0.0004519721220905095	35	0.0006091818590565311	81	0.00037717090072284616	9	0.0006159121174604567	6	0.0010600407234580473	9	0.0011785045964978658	342	0.0015273476979078694	35
7010	0.0008631178564585867	81	0.0011412126341347655	9	0.000990292602290511	6	0.0008867578759019221	9	0.0008907314300085968	348	0.0007626166510610653	29	0.0009455862420174107	81	0.0010165969685593124	9	0.0016802845265940405	6	0.0010779334517005284	9	0.000611960779471698	348	0.0008136621033398572	29	0.000568787292957359	81	0.0005018371702287245	9	0.0007192567338524105	6	0.0005324092076899814	9	0.00045662201699638364	348	0.0004076246959371575	29	0.0007442678746186315	81	0.0010302521945609222	9	0.0008956716753417984	6	0.0007404390925270185	9	0.0009170098424609897	348	0.001194985065190779	29
7020	0.000862637722049937	81	0.0010635086569478717	9	0.0008961311129064262	6	0.0012379990086217674	9	0.0008180351546170851	340	0.0009187827406476167	37	0.0009342987330831029	81	0.0011710756738374875	9	0.0012196078364698254	6	0.0010983241918801213	9	0.0006905982505167464	340	0.0008853541608375888	37	0.0006264301172609394	81	0.0005434435344914508	9	0.0016261845873240483	6	0.00033145832799077194	9	0.0005436869922640322	340	0.0005221803280676719	37	0.0013500040333247916	81	0.0017677668662936716	9	0.0003633953503701468	6	0.0010632214355051509	9	0.0009313835906448102	340	0.0018832294920278249	37
7030	0.0007828205296052958	81	0.0010791750022654167	9	0.0009413279332479269	6	0.0010716649511612341	9	0.0007242669041847133	340	0.0005045166945151406	37	0.0012260324676825528	81	0.0008712145754405007	9	0.0017324232846489846	6	0.0014372991576658495	9	0.0007349419670133491	340	0.0010091795567753188	37	0.0007145969635909812	81	0.000726835796928293	9	0.0007030283056254394	6	0.000522140089937672	9	0.0005205934039606208	340	0.0006267037589658886	37	0.0010418111827120964	81	0.00034441866339406937	9	0.0012348813110273726	6	0.0008463737639979013	9	0.0008909974627236429	340	0.0010180417757713976	37
7040	0.0010418111866120525	81	0.0011995639995056838	9	0.0012249529277755576	6	0.0011083197681167236	9	0.0010048210790637602	342	0.0008971360632375201	35	0.0007607503033726841	81	0.0009112393307661944	9	0.0012305655452114412	6	0.0009161694950208028	9	0.0006792506312348155	342	0.0008050274690961383	35	0.0005358746640904305	81	0.0004564735294998355	9	0.0005306824868899334	6	0.0004480121774002557	9	0.00036102369640803777	342	0.0004818747344283473	35	0.0006724013377254082	81	0.0006343876687290815	9	0.000772839296254844	6	0.000658913356061844	9	0.0008286075252122788	342	0.0010075698187540425	35
7050	0.0007352902473594031	81	0.0010031596633622167	9	0.00091826419152351	6	0.0010192148817334205	9	0.0007643255511491232	341	0.0006435834481782339	36	0.0008010390903016959	81	0.001822679982361426	9	0.0013156102962570847	6	0.0012245922335919015	9	0.0006923770738167887	341	0.0005874762213472034	36	0.00042367489655966095	81	0.00043214823350410026	9	0.0005984255257811282	6	0.0007093313458130499	9	0.00041138896245003454	341	0.0004576016154018067	36	0.0009041557762582854	81	0.000967581312665011	9	0.001359443175457095	6	0.002081841216203653	9	0.0010636245758583916	341	0.0010156641805910709	36
7060	0.0007493336327601686	81	0.0008321284787018728	9	0.0006674809104084386	6	0.0007895990270267029	9	0.0006843856977102208	339	0.0006890717493809095	38	0.0006767219165475484	81	0.0009701669637452074	9	0.0010203459042418545	6	0.0011114106631260115	9	0.0005217536702964428	339	0.000632917612999549	38	0.00043078017746741367	81	0.00029693766123964295	9	0.000497841927096077	6	0.0005595132883103086	9	0.00039826619295479796	339	0.00042221377855496085	38	0.001084943159625205	81	0.0007148325068961429	9	0.0015438772007652852	6	0.0012375286492613154	9	0.0009777199749425446	339	0.0007763671604123414	38
7070	0.000638608503901121	81	0.0009478941355133895	9	0.0005848654333956862	6	0.0008702256609509824	9	0.0006481741609003646	344	0.0007311297385418772	33	0.0009075256136201335	81	0.0010054132112024814	9	0.0012628589109513289	6	0.0011110695256768412	9	0.0006768493285246255	344	0.000764660953819624	33	0.0004064240064011597	81	0.00048042189005891196	9	0.0005114372117044881	6	0.00046288792522129345	9	0.00033685396119433004	344	0.00041150563753742514	33	0.0009659121853856232	81	0.0006976192967851139	9	0.0005024034830338773	6	0.0008536364676211406	9	0.0010008134940200741	344	0.0014247794356352524	33
7080	0.0008449568218453674	81	0.0006557164992814033	9	0.0010637007807532538	6	0.000880977042804901	9	0.0007832143772750339	338	0.0008388140138186922	39	0.0007576588711235572	81	0.0013249479218197346	9	0.0014389881686723298	6	0.001095224164332469	9	0.0005560185561963751	338	0.0007027239451378915	39	0.0005156681620577431	81	0.0005408745826340548	9	0.0003886274199813452	6	0.0008393487472948351	9	0.0004301116363978378	338	0.000413254270068842	39	0.0005682332166046158	81	0.0008128974161394132	9	0.0008063355539078661	6	0.0014860879418113735	9	0.0008761798000899208	338	0.0009198854364388643	39
7090	0.0007800813271219679	81	0.0011171140637636036	9	0.0009882767365551092	6	0.0010135133239741701	9	0.0007401589509647394	343	0.0007569354915441768	34	0.0007451599099749856	81	0.0009419899243251752	9	0.00136030805632597	6	0.001225554854325779	9	0.0006987812678336394	343	0.0009009328055883769	34	0.0005070916192664243	81	0.0005434367654455257	9	0.0006294474380764576	6	0.0005423165745700215	9	0.0004095210795170538	343	0.0004497713376730504	34	0.0011100729631058417	81	0.000918155170763483	9	0.0009905936778748002	6	0.001128848266407273	9	0.0010294509291678808	343	0.0014019025704987535	34
7100	0.0007479682210133689	81	0.0009299715573746731	9	0.0005103322551827202	6	0.0007885327312202289	9	0.0007054076883932569	342	0.0009321866953233461	35	0.0006963049801401794	81	0.0016504217074484009	9	0.001349163776263514	6	0.0011123045304290249	9	0.0006277553636776501	342	0.0009191225713210232	35	0.0006122065281393707	81	0.0005361333645172387	9	0.000632368085654723	6	0.0006237231007289331	9	0.0004809861423724277	342	0.0005676837825942534	35	0.000749713463981791	81	0.0006308030404248048	9	0.00048095943035278177	6	0.0005624886416990666	9	0.0006546985544390349	342	0.0008195164905756298	35
7110	0.0008128430339228839	80	0.0010187512350676485	9	0.0013448259172109626	6	0.0013675506509000853	9	0.0006971168406857668	341	0.0009285530450770772	37	0.0006750683184478068	80	0.0010319923487789628	9	0.0013850589372750072	6	0.0010349761604193214	9	0.0006436455085436075	341	0.0006647513126204328	37	0.0005881691014577185	80	0.0004653662197776226	9	0.0006359908446414205	6	0.0004176333507989306	9	0.00047632967200186675	341	0.0006046365413322332	37	0.0006073523993463637	80	0.00046441504632413765	9	0.000666920930776759	6	0.0009629623268208935	9	0.0008421037688525626	341	0.001088856661104141	37
7120	0.0008916682798371482	81	0.001420107852624675	9	0.0013938191018702248	6	0.0014858268513752901	9	0.0009384461838406862	345	0.0010680992020950296	32	0.000857764561054517	81	0.001245905049104361	9	0.0008070588395590132	6	0.001267158323760282	9	0.0007268436993142859	345	0.0006674710650713214	32	0.0007047255732408409	81	0.0005294647771151955	9	0.0006182275770830816	6	0.0006574002227380279	9	0.0004822989768999749	345	0.0004548093985932936	32	0.0010995350695508013	81	0.0009895942017059639	9	0.001200861885112652	6	0.0010440708948643337	9	0.0010003836374424407	345	0.0014469946311839207	32
7130	0.0007865869364666019	81	0.0007149872926205944	9	0.0014303999747973392	6	0.0009757928121370227	9	0.0008360638999756702	341	0.0008879191597439694	36	0.0007357892444321832	81	0.0011975022311626693	9	0.0023361734846010177	6	0.0012771734356128478	9	0.0006090967879145214	341	0.0007194629825953495	36	0.0006177375168925194	81	0.0010461517134166694	9	0.0006331473465139212	6	0.0005406774861445222	9	0.0004164947159372655	341	0.00042048305322967775	36	0.0009750859136190603	81	0.0009332168522931025	9	0.001124008478672395	6	0.0009270289867349545	9	0.0009548464786985014	341	0.0010312220399421707	36
7140	0.0009502953460333837	81	0.0008500304067047045	9	0.001019940900825244	6	0.0008841318209446873	9	0.0009787757784233218	342	0.0009927576225481685	35	0.0008537639000753922	81	0.0008855425918502197	9	0.0020026273174086635	6	0.0011386172828940573	9	0.0006333499318960429	342	0.0005745499486542416	35	0.0006561086169416579	81	0.0003100131490023055	9	0.0005770392797956138	6	0.0005038548629766051	9	0.0004846088858798635	342	0.0005097227338195852	35	0.0006550189026893964	81	0.00046853427226637497	9	0.0010894902283867807	6	0.0006617591469972116	9	0.0007307909820142184	342	0.0007592219109255959	35
7150	0.0009255362311648696	81	0.0012793728135284189	9	0.0011675623794442122	6	0.0009370499408152841	9	0.0008370953337957367	346	0.0008040037009966319	31	0.0007044680255453346	81	0.0011415062842544664	9	0.002067306521119066	6	0.0009536031986572958	9	0.0006932343456940587	346	0.0007380061083602355	31	0.0006048836316269218	81	0.0005825471904038463	9	0.0005830368971365612	6	0.0008737971804348905	9	0.0004544726699558936	346	0.00045849201989916143	31	0.001227361099327628	81	0.000861472549453657	9	0.0013978973980091727	6	0.0010753119202807498	9	0.0011112098118135894	346	0.001345083287408655	31
7160	0.001065087388057022	81	0.001212133916246536	9	0.0011273630823092986	6	0.0013030069519965974	9	0.0009847299011398099	338	0.0011464484433809901	39	0.0007590981731611225	81	0.001331462033232045	9	0.0014719935949723338	6	0.001190926924332892	9	0.0006732039832538113	338	0.0006049388434968399	39	0.0006773951687981985	81	0.0005328766406660524	9	0.0007468382453879615	6	0.0006467962727442983	9	0.00045116124837586366	338	0.0003426427424802237	39	0.0016486708683175377	81	0.00029796233152678446	9	0.000800334674529628	6	0.0009102509911895878	9	0.0009237332356651289	338	0.0012182039813455683	39
7170	0.0010038277577259238	81	0.0016203361122146998	9	0.0006178529917180334	6	0.0014323825988206908	9	0.0009853077441538856	351	0.0010009958694718341	26	0.0007660606141427351	81	0.0014215529153366003	9	0.001181326359019903	6	0.0010108898618073567	9	0.0006238561988376417	351	0.000659906241448755	26	0.0005084220777776301	81	0.0007184221691366179	9	0.0005402701760227795	6	0.0005214670951679595	9	0.0003981868259727112	351	0.00035316599913232403	26	0.0009513348060864545	81	0.0006244482456743964	9	0.001549830433924191	6	0.001020030459086906	9	0.000966283671056237	351	0.0014558044259997478	26
7180	0.0008001904346483934	81	0.0009225521115414419	9	0.0007885603710443453	6	0.0005422140495967321	9	0.0007546857854721138	342	0.0007311491894679684	35	0.0006906936023254502	81	0.0010884451430967093	9	0.0015620097974166764	6	0.001589665281280285	9	0.0006342913683300921	342	0.0005502649248887915	35	0.0004404293188893219	81	0.00032739950587034824	9	0.0005214796414223085	6	0.00034186370354376467	9	0.00033611313423780227	342	0.00040835254878194367	35	0.0012541987308803848	81	0.0010974077166253768	9	0.002473442124965136	6	0.0007214197453014528	9	0.001055395058621942	342	0.0009685749181697879	35
7190	0.0008116177696811252	81	0.0010397689399413927	9	0.0006559511572895711	6	0.0008802786879486995	9	0.0008393716474672748	343	0.0008432119793858595	34	0.00095166599351567	81	0.0010238677462331947	9	0.0013812490209744019	6	0.0011693870429746395	9	0.0007255195224055796	343	0.0008640486746748917	34	0.0006494853790469718	81	0.0004987667982711391	9	0.000760918753422023	6	0.0006824110366604253	9	0.0005129608040230504	343	0.000563343817851358	34	0.0007176425861997256	81	0.0001813422487645279	9	0.0013128122494946368	6	0.0007096373814635934	9	0.0011148475129554994	343	0.0008280329391913638	34
7200	0.0009242496206860644	81	0.0013015640560398059	9	0.0009031512755978484	6	0.0011574930279721778	9	0.0007976146817657339	346	0.001054222919836072	31	0.0009040108917739895	81	0.001213638193457315	9	0.0013812017143172	6	0.0010231739819445966	9	0.0007182002423589412	346	0.0008485189010051616	31	0.0006709792867169381	81	0.0007125039721313071	9	0.00033131842084896217	6	0.0006260565877691636	9	0.0005261648560761122	346	0.000567382245030962	31	0.0010669762663147043	81	0.00033255141429582567	9	0.002043659499087712	6	0.001617507435432292	9	0.0011788076213808476	346	0.0012761896027813826	31
7210	0.0009351299064707878	81	0.0011424469988742883	9	0.0009277782616748938	6	0.0010267821847474497	9	0.0009222902162899553	340	0.0009165247491875603	37	0.0007591100628408998	81	0.0012157295405048072	9	0.0016453136295184578	6	0.0012547326817699143	9	0.0006719183350158979	340	0.0007028696397929231	37	0.0005900738583702486	81	0.0005275756851445148	9	0.0003737119534823786	6	0.0005927141465752969	9	0.00044051700718420757	340	0.000514220635106759	37	0.0007714605099096939	81	0.0012242309020908985	9	0.0020335764508517917	6	0.0007323418200935007	9	0.0008062948344149135	340	0.0009156731517381244	37
7220	0.0008492970214350302	81	0.0009154700708072431	9	0.0009352401389036867	6	0.0010773689367846717	9	0.0008547279579773287	346	0.0008475695494909946	31	0.000853357336501523	81	0.0009991162337849395	9	0.0010937832921116006	6	0.000995231615909848	9	0.0006248129726476295	346	0.0005420360161175617	31	0.0007912336433965153	81	0.0005030655838922616	9	0.0005764939153491618	6	0.0006163742710231236	9	0.0005633067401448473	346	0.0004686585520436942	31	0.001160636057307272	81	0.0004607367633012001	9	0.0010471115864118723	6	0.0009215295789206402	9	0.0010581997659567417	346	0.0008679833818958541	31
7230	0.0007559961233304872	81	0.0007242872444919295	9	0.0014879907257661787	6	0.0006801123226731122	9	0.0006920468621113837	341	0.0012462424981869733	36	0.000918106321508825	81	0.001089317500984356	9	0.0012051691173719937	6	0.0011477389466889893	9	0.0006743616802590219	341	0.0008251807200828546	36	0.0005309416060879273	81	0.00040274006684099455	9	0.0007049908855258879	6	0.0004828172856266692	9	0.00041822163629387445	341	0.0005608094594099421	36	0.0006277525570385511	81	0.00032071648575227843	9	0.0005209845507543144	6	0.0005722088175660472	9	0.0008437574821931638	341	0.0009722782883229181	36
7240	0.0009575107638164021	81	0.0010643071447496706	9	0.0009799648256000075	6	0.0009930965757142451	9	0.0009974420605498519	347	0.0008765758126149661	30	0.0008339430092178645	81	0.0013943138188044536	9	0.0014684530675432995	6	0.0009845400774390887	9	0.0006926657071636555	347	0.0007355502826849905	30	0.0006787609589843835	81	0.0005647058441351839	9	0.0006935126548007716	6	0.0005281719915366067	9	0.0004918485771609603	347	0.0003880515565008173	30	0.0007924744201612511	81	0.0003018859995982952	9	0.0009423996212534451	6	0.0003494386171592753	9	0.0007721999304708814	347	0.0010293674801857657	30
7250	0.000748059459014272	81	0.001301898706617204	9	0.001038077913428473	6	0.0011537621857820258	9	0.0007453315654579315	341	0.0007099384352173557	36	0.0008782378135687497	81	0.0009244390172574312	9	0.0011577638930947935	6	0.00109347046969282	9	0.0006798628747636809	341	0.0005532950314803473	36	0.0005222470328378632	81	0.000678287735785369	9	0.0004651489570547942	6	0.0005281935806146338	9	0.00044163906295450204	341	0.00039771194941718634	36	0.0014135321936199331	81	0.0009732434012528579	9	0.0003413881840973825	6	0.000454754228490114	9	0.0009710044460031364	341	0.0007995158667746385	36
7260	0.0007350309186108337	81	0.001048182880420758	9	0.0011100911852864703	6	0.001385555927346808	9	0.0008080651791351795	343	0.0007616724725428984	34	0.0008523475961088958	81	0.0012573474777188534	9	0.0015281644825946062	6	0.0010512414788550711	9	0.0007462928529406098	343	0.0008692678646573901	34	0.0005304109805822884	81	0.0004884458407355983	9	0.00042712000735997923	6	0.0005177153249099426	9	0.0004414353226315443	343	0.00048228156461639513	34	0.0006388895216677189	81	0.0004796754483130815	9	0.0015436960275446463	6	0.0006287341582109846	9	0.0006484613222495898	343	0.000728604638215808	34
7270	0.0008826689385424974	81	0.0011987786281050438	9	0.001065680088676728	6	0.0008695490969362998	9	0.000808903693066258	341	0.0009766684306025918	36	0.0009839540730340155	81	0.0011692946849857827	9	0.0018491316515138613	6	0.0013057047534629374	9	0.000778500953963889	341	0.0007501726854624143	36	0.0005372166252535043	81	0.0004362066156887162	9	0.0011275498326113892	6	0.0008550067909302107	9	0.0005403010333188383	341	0.0005233230720887334	36	0.0011555095400931814	81	0.0006449885727423789	9	0.0009656029890557999	6	0.0007052502835404304	9	0.0009018202913559361	341	0.0014308375845437805	36
7280	0.0007832581329311646	81	0.0006466257466024831	9	0.000865451499220707	6	0.0008339577914084398	9	0.0006498681660583068	338	0.0007685731520788584	39	0.0008942448586970692	81	0.001060212703158081	9	0.0013919053836205385	6	0.001112653884251541	9	0.0006448830392094731	338	0.0006644820050627816	39	0.000571846041345729	81	0.00044876798915547696	9	0.0007071792320901242	6	0.0011284923428936246	9	0.00040749911019544903	338	0.0004739701646523285	39	0.0007010100779484606	81	0.0005219842772247868	9	0.0017612048918475996	6	0.0006293723416035519	9	0.000874470059721676	338	0.0014019972392995588	39
7290	0.0006744936904162635	81	0.0009733283608107778	9	0.000666116937849801	6	0.0006554667401288903	9	0.0006422714040874979	345	0.0006254301285188195	32	0.00103066042811879	81	0.0011693758020167534	9	0.0018883246391976267	6	0.001343373257740096	9	0.0007220790132309744	345	0.0009513020545833793	32	0.0005987638287134356	81	0.00046031866049704294	9	0.0011002108067656492	6	0.000954755710677855	9	0.00046704815531803834	345	0.00038448940787963676	32	0.0008001195025962856	81	0.0005881568079961145	9	0.002261199103658819	6	0.0008566813802487079	9	0.0010983209014197876	345	0.00081904808140949	32
7300	0.0009790680353792376	81	0.001421796132952481	9	0.0010089323414924076	6	0.001418758503504956	9	0.0008837696546893088	341	0.001111932646202525	36	0.0009184799901460211	81	0.0010784096682187033	9	0.0010577885269228695	6	0.0010892266324332915	9	0.0007365508190570946	341	0.0006900259141032458	36	0.0005696882815583844	81	0.00047608731890853135	9	0.00041498284688959414	6	0.0006477052585871228	9	0.0003751945068714937	341	0.0004117978428395	36	0.001154300466715776	81	0.0006395918595234435	9	0.0008930524511612771	6	0.001969535077381542	9	0.0015923821718310232	341	0.000458432544425941	36
7310	0.0008721843620894712	81	0.0012955077041474949	9	0.0012586709376507957	6	0.0009190280213410047	9	0.0008955578943811578	337	0.0008437553902203111	40	0.0007835310118007751	81	0.0013863129650252938	9	0.0012083818454259926	6	0.0011948268883299267	9	0.0007276598328196048	337	0.000790440208569009	40	0.0005507767323053543	81	0.00044205727351990056	9	0.00034555413527200793	6	0.000739141152803054	9	0.00039226539838445806	337	0.0003897307968138533	40	0.001080368703785347	81	0.0007023294832638881	9	0.0008478695338642114	6	0.001264212644837517	9	0.0011253672860441549	337	0.0010865532177175591	40
7320	0.0008452101250328735	81	0.0009771926019284218	9	0.0012836190614852847	6	0.0015475848894311386	9	0.0008336533881063543	337	0.0007515809711802793	40	0.0008802904703969768	81	0.0008810315411503905	9	0.0013609365068874904	6	0.0008270687243273248	9	0.0007833689152066453	337	0.0009752531968062053	40	0.0005845691694445057	81	0.0004227258063876524	9	0.0006517992245868165	6	0.0004999228793265058	9	0.0005426008797994465	337	0.0005593023709500758	40	0.001035183273230966	81	0.0003016113884230303	9	0.0010338533836890807	6	0.0008663967080294483	9	0.00094486244230435	337	0.000832088371288223	40
7330	0.0007183648304660118	81	0.000977725969968933	9	0.0009981197921404806	6	0.0009073072910071532	9	0.000711653303689023	338	0.0006529333536406648	39	0.0009323005895909035	81	0.0013421260303054228	9	0.001163130239416401	6	0.000925739398966505	9	0.0007339868648450837	338	0.0006064705021572079	39	0.0006295905585996134	81	0.00026920565779181083	9	0.0005871291665267788	6	0.0004377773483828483	9	0.00038819251280942794	338	0.00045252699472761367	39	0.000997019312702985	81	0.0015302054429523634	9	0.0007933029528464354	6	0.0007704734897394649	9	0.0008701554533929749	338	0.0007191124004425815	39
7340	0.0009161037711351155	81	0.0009741332179090235	9	0.0010847580001603304	6	0.0008942892404950252	9	0.0007537452748603464	340	0.0008104471264284593	37	0.0008777930531821639	81	0.0008897025752394041	9	0.0015025900736496615	6	0.0015301788544270735	9	0.0007559225028420081	340	0.0007828216675854529	37	0.0005135643390143547	81	0.00045430776950495063	9	0.0005254156444087117	6	0.0005361780237761115	9	0.000362090927792489	340	0.0005022416498914155	37	0.0009617739834936128	81	0.0009092374335100156	9	0.0018875249661061157	6	0.0006904580184000097	9	0.0010582589546346973	340	0.0008804744540445029	37
7350	0.000938160212684014	81	0.0014115008086819478	9	0.0014739728027547314	6	0.0009323534388899027	9	0.0008985635364421837	347	0.0009538096079396387	30	0.0007746675409019735	81	0.0010937068300334602	9	0.0010967971513118338	6	0.00089913833409673	9	0.0006068238749873322	347	0.000560549268423476	30	0.0005600145557039202	81	0.00040028229886110954	9	0.00048705391637532506	6	0.0005983132961000697	9	0.0005101651029117993	347	0.00045618620016982866	30	0.000982014069308164	81	0.0001441728266054627	9	0.0027266374733641036	6	0.0018638890500018554	9	0.0007359648567762375	347	0.0005291094014000013	30
7360	0.000685125426212285	81	0.0008642911892216375	9	0.0010232704429209063	6	0.0007998616983943716	9	0.0005845244903394366	346	0.0008170712260310709	31	0.0007386612162786234	81	0.0011328863610300067	9	0.0013277745193409545	6	0.0009560631516609482	9	0.000681184767652265	346	0.0008387568388201029	31	0.0005437790329760171	81	0.000809851141202631	9	0.0005530757747201775	6	0.0007021763433477821	9	0.00042746909669478194	346	0.0005592327303051849	31	0.0010505175609986557	81	0.0009003118458468444	9	0.0014572185722569483	6	0.00039996859940553877	9	0.0006647443707500191	346	0.000964466126730082	31
7370	0.0010546204694786643	81	0.0006822989393506889	9	0.0008771792442971633	6	0.0011667769431871187	9	0.0008375473259567661	344	0.0009016127331525753	33	0.0007141064012765443	81	0.0010250862403169737	9	0.001470346269882266	6	0.0010140738469392096	9	0.0007086034889953806	344	0.0005604062258077144	33	0.0006596201898376587	81	0.00026788931881310715	9	0.0006214484578049591	6	0.0005908518244072089	9	0.00040310086169820334	344	0.0003505274724341054	33	0.001196228914208121	81	0.0003839268734204971	9	0.000773989007179913	6	0.0012985871560814777	9	0.0012496325276240205	344	0.0008305522793816889	33
7380	0.0007702874958577896	81	0.000966470199233592	9	0.0008635078928786042	6	0.0010750984622173003	9	0.0008000364931010234	342	0.0007012533366908542	35	0.0007963901450680093	81	0.0013628477626551523	9	0.0018116200956723547	6	0.0010245423995566003	9	0.0005876456017521012	342	0.0006631356831008844	35	0.0005203908375837784	81	0.0004101303684752666	9	0.00026946696955296065	6	0.00047199254424202673	9	0.0004400644763301426	342	0.00034875427782057617	35	0.0006485997915014974	81	0.00043628390330334205	9	0.0008615552442475978	6	0.0009883363020817876	9	0.0006952181086037852	342	0.0005969835985412026	35
7390	0.0007064442145896516	81	0.0010826850767008246	9	0.00046776607420943904	6	0.0011793947175700703	9	0.0006383901610009477	347	0.0009119268076170667	30	0.0007720036716408405	81	0.0008947507154520698	9	0.0012919637823641424	6	0.0011596164278398872	9	0.0006475197410541971	347	0.0008126651310141334	30	0.0006034623822267202	81	0.0004448624090736903	9	0.0005770191157403779	6	0.000591402053157682	9	0.0004887956806929622	347	0.0004592432815912135	30	0.0011368334748133675	81	0.000552763363537796	9	0.0011526346035107796	6	0.001991358552711821	9	0.0008254004502542754	347	0.0009773966272465648	30
7400	0.0009234973749450257	81	0.0011467408412378856	9	0.0008583859068657671	6	0.0011813734976174966	9	0.0008341242736929231	339	0.0007274213345956242	38	0.0007378621249784094	81	0.0009304753962378119	9	0.0012055658890575323	6	0.0010218928563349452	9	0.0005959597427509353	339	0.0007034570760457388	38	0.0005251513278711372	81	0.0006374696453182184	9	0.0008057235262843042	6	0.00045689823095501685	9	0.00048641714054885744	339	0.0004364284988905519	38	0.001090157236573542	81	0.0006946429890205703	9	0.0010239734774095085	6	0.0008903368958185585	9	0.001009298961486196	339	0.0012890730332191826	38
7410	0.0007145410474336753	81	0.0011810325563796102	9	0.0009364160479832811	6	0.0011251952901979278	9	0.0007220883669114408	351	0.0006613643638883652	26	0.0007251239723579593	81	0.0009991265495842205	9	0.0015135634580869188	6	0.0010367017385338692	9	0.0006677796277615034	351	0.00041283939562313947	26	0.0006375204525844355	81	0.00037738629832266167	9	0.0008512964531714311	6	0.0006273731772485117	9	0.0005915364191536194	351	0.0005029528233456736	26	0.0011096740032850115	81	0.00044773173641971746	9	0.0008365683768969405	6	0.0006854472917951463	9	0.0008212554854659919	351	0.001056104134027615	26
7420	0.0007190516839133244	81	0.0011073894563091134	9	0.000992096466357046	6	0.0012031230989361405	9	0.0007961704520811765	344	0.0007866456287530853	33	0.0008764388574608213	81	0.0009766111261294704	9	0.0010347172368036443	6	0.0012017842947494024	9	0.0006333807006408668	344	0.000723171112990449	33	0.00044503099131727085	81	0.00030507461166601516	9	0.0004836522594387124	6	0.0005669985153765543	9	0.00036831202712999127	344	0.0003831175120380005	33	0.0009144768408565735	81	0.00015727651428065677	9	0.0005804546632078431	6	0.0006107470955660786	9	0.001435674364950966	344	0.0007253032086220403	33
7430	0.0008184017371024284	81	0.0008889004988902089	9	0.0010100714812031537	6	0.0009375288240655697	9	0.000752964784025473	347	0.0007092639886492434	30	0.0007874062995936271	81	0.0011393651968962016	9	0.0012791681827286079	6	0.00112864854417363	9	0.0006379715808727928	347	0.0008438286623784554	30	0.0006801244647322014	81	0.0005069670622192225	9	0.0007913517572497798	6	0.0005776450615171208	9	0.0005077657086502605	347	0.0004139207783775698	30	0.0007897612025625003	81	0.0005059704166788093	9	0.0009247709371965218	6	0.0008988295466136728	9	0.000952367541009547	347	0.0008391492407020031	30
7440	0.0008487592719518703	81	0.0015336458011598738	9	0.001070066048293852	6	0.0010371113936225016	9	0.000914543463664929	342	0.0008676310202344705	35	0.0009380565582480406	81	0.0008567187818550278	9	0.0010353138154204434	6	0.0009368105857689703	9	0.000779707864622169	342	0.0007791699637570839	35	0.0005976559979182987	81	0.00040520164801772314	9	0.0003782297153553703	6	0.0009573325013506498	9	0.0004229275164680591	342	0.0004490086686704504	35	0.0006889189106231995	81	0.0006567559430980735	9	0.00046469855083790674	6	0.0011272381312946544	9	0.0007939295231761867	342	0.0009447182767133175	35
7450	0.000766548391879584	81	0.0009893368026409547	9	0.0008276055133149225	6	0.000733645838018552	9	0.0007272059494387649	334	0.0006966993727674703	43	0.0008017809314769132	81	0.0008892972181458292	9	0.001197517288112101	6	0.0009363023224055621	9	0.0006110868511800741	334	0.0006142149005007328	43	0.0007668394762894846	81	0.0002454605782810128	9	0.00041529644248997983	6	0.0006053963769571985	9	0.0005139530585727386	334	0.0004939208339186734	43	0.001017766039185064	81	0.00048751549296558214	9	0.0012718542786363137	6	0.0011522089607551478	9	0.0008764541503546322	334	0.0011793454047361264	43
7460	0.0008815495556214972	81	0.0007398440472072672	9	0.000757031383362576	6	0.0007051825535305579	9	0.0007491441241131726	344	0.00093285918143461	33	0.0007278845763058868	81	0.000916838654140481	9	0.0011229065636590221	6	0.0011511087965312544	9	0.0006728889114817286	344	0.0006942888086049143	33	0.0008622116130861783	81	0.0013268312048225115	9	0.0010582123729542872	6	0.0006052904271428249	9	0.0005541663541227165	344	0.0004985306552360649	33	0.0005606048136413465	81	0.0003401564275131382	9	0.0006177786967259493	6	0.0003866081915327444	9	0.000847147025116492	344	0.0005633507473719895	33
7470	0.0010027909559304799	81	0.0012181610609625637	9	0.001278061207965724	6	0.0010100683851963562	9	0.0009389052633848058	342	0.0008678645039260766	35	0.0009773071278856525	81	0.0010015058884040614	9	0.0013275737398350288	6	0.0008187907361482179	9	0.0007087369499904873	342	0.0008229654826657671	35	0.0007121476224899646	81	0.0004048568888325514	9	0.0007889783542733178	6	0.0004249058142475107	9	0.0003878309354606968	342	0.00035408247524031534	35	0.0008801402674165419	81	0.0007583676233436924	9	0.0009215786648129346	6	0.0009311632139102191	9	0.0007640572458515747	342	0.0008498410117220768	35
7480	0.0008376149424906016	81	0.0007985677048364076	9	0.001202977061878439	6	0.0008564530558777801	9	0.000791145904561784	341	0.0007248986678830356	36	0.0007694954900738747	81	0.0011043756357967608	9	0.0015158440825298349	6	0.00106477640018866	9	0.0006396244210850507	341	0.0006094682207892278	36	0.0004984300622275798	81	0.0008587657498102865	9	0.0007817055993510935	6	0.0005173230687789747	9	0.0004104834286590209	341	0.00037907952864735077	36	0.0007362378735816311	81	0.0005314273028865817	9	0.001016700102393951	6	0.0007385563557057581	9	0.0008091418235992287	341	0.0007295380833873323	36
7490	0.000674336424326932	81	0.0007521512068481953	9	0.0009795403245082249	6	0.0007250414767285609	9	0.0006116316804170528	344	0.0004916702036717804	33	0.0007967156077784433	81	0.001042896623230791	9	0.0012203710129281523	6	0.0009925716639900258	9	0.0006100685694178338	344	0.0006438342441597135	33	0.0005088075139039688	81	0.0005723537298448768	9	0.00043989251508101	6	0.0006478631323443571	9	0.00043922168471627657	344	0.0003985876311563421	33	0.0006119615030638619	81	0.0005979690802665305	9	0.001763774698001111	6	0.0006809179240506872	9	0.0009297746625345406	344	0.001306457981254218	33
7500	0.0007872449711618081	81	0.0009624344994335262	9	0.0010954294364518664	6	0.0013672418601125766	9	0.000593865537711398	340	0.00048384780541610195	37	0.0007993023074930664	81	0.0013464878800085337	9	0.001483259858266547	6	0.0011023622531180955	9	0.0006537809009240831	340	0.0007102906594102506	37	0.0004878667164191343	81	0.000619979326227758	9	0.0010560397146388125	6	0.0009340871659045417	9	0.0005147419720634515	340	0.0007552929406500794	37	0.0005243177024293494	81	0.00047847964333511204	9	0.0013404793933904202	6	0.0007640312981004363	9	0.0005543146113748228	340	0.0007385977495353457	37
7510	0.0008837428824956081	81	0.0010371478147524365	9	0.0006913978913175217	6	0.0012371713775416386	9	0.00088851003709797	336	0.0010722383108655463	41	0.0008530560280883388	81	0.0013104275592793323	9	0.0011370914060096875	6	0.0012577207982554647	9	0.0006757148278680709	336	0.0009592635185795164	41	0.0004892304812429207	81	0.0003506847943303755	9	0.0007106828293598982	6	0.0005967961931419623	9	0.0004226839286407955	336	0.0004453993079172819	41	0.0008715933148831193	81	0.0004579915231171825	9	0.0006197941624871941	6	0.000471708674532204	9	0.000741860065986764	336	0.0007350585145967246	41
7520	0.0008935936049832656	81	0.0007219347938358365	9	0.0010156716494122847	6	0.0008885443665021221	9	0.000881679472682865	346	0.0008106138035845446	31	0.0008680154140759163	81	0.0009183660084650388	9	0.0014116857246727636	6	0.001133997391495933	9	0.000725228649214859	346	0.0009728544279715207	31	0.0004801646914414277	81	0.0003185006631400909	9	0.0004859388249068099	6	0.00043640508456139365	9	0.0003780493424541443	346	0.00042673862552319164	31	0.0008045774182410227	81	0.0007060422486885061	9	0.0013942324434201214	6	0.001645332919670047	9	0.0009614903945732328	346	0.0008244198914498278	31
7530	0.0009338345563494016	81	0.0010717160267223213	9	0.0008646555780246817	6	0.0010579585904749156	9	0.0008859712412648302	344	0.0008401639036722605	33	0.0007464242917203083	81	0.0009802257333897922	9	0.0012371684683113353	6	0.0013314047899836562	9	0.0007095069501420575	344	0.0006337460531873704	33	0.00046255254262618983	81	0.0003940334271306491	9	0.000583432541891715	6	0.000684602959985807	9	0.0004304429173643244	344	0.00045786221339868437	33	0.0010767632285197239	81	0.0008532300904737134	9	0.0006351134669589394	6	0.0012522732277089933	9	0.000967366769921145	344	0.0010802835964183073	33
7540	0.0008989592033748234	81	0.0010918879211376546	9	0.0009553019352106555	6	0.0007889684567474676	9	0.0008429693976369778	345	0.0009629184751420786	32	0.0007700506302184822	81	0.0011944813368519034	9	0.001587048140857814	6	0.0013160513918638898	9	0.0006545157654293215	345	0.0008597903079072593	32	0.0004724280691657543	81	0.00034985723695394466	9	0.0006465552689383207	6	0.000629872443678845	9	0.00039327703824434745	345	0.0004863172420318606	32	0.000841924377919163	81	0.0008854779445316876	9	0.0016833225837821371	6	0.0012460789820220198	9	0.0009628661059918611	345	0.0012254034389796926	32
7550	0.0007845313704347747	81	0.0009945929060593932	9	0.001157649714228563	6	0.001072346990149807	9	0.0007250781977939087	342	0.0006171654643931251	35	0.0008063880968241769	81	0.0014347341387419088	9	0.0016443880378093502	6	0.001146373249830127	9	0.0005797917515995597	342	0.0006581899616126116	35	0.0006373112651452903	81	0.0005329236144997451	9	0.0006149944226607654	6	0.000685264716405455	9	0.0005461089198789076	342	0.0006208406820602257	35	0.0010259719461676907	81	0.0006974964735354971	9	0.001035990644434262	6	0.001136974746539718	9	0.001104564664463848	342	0.0012924518152670488	35
7560	0.00072695823435897	81	0.0009082648107913925	9	0.0012346052483488952	6	0.0008810065409267131	9	0.0008057994190039333	342	0.0008842079499704816	35	0.0009269063718141768	81	0.0011266830419123077	9	0.00182088420742661	6	0.0011929777331683015	9	0.0006814889735709207	342	0.0006785303839853648	35	0.0005275137060345118	81	0.0005068787382361826	9	0.00046842350832887155	6	0.00038896131818350597	9	0.0004705465693372578	342	0.0005124274288548289	35	0.0009620752404970177	81	0.00024599623447027545	9	0.0012226102124082846	6	0.0008080432375953696	9	0.0010400713386769127	342	0.0008829191594497374	35
7570	0.0007199939018190045	81	0.0009644009670833639	9	0.0010340181491721074	6	0.0008176991431180745	9	0.0007248599759121133	341	0.0006613032819919133	36	0.0007543603233556844	81	0.0009414955973102014	9	0.000919293484066329	6	0.001145250542991659	9	0.0005615585962048406	341	0.0006659555167963526	36	0.0005446059161444292	81	0.0006088332370923657	9	0.00039519708360770547	6	0.0006919821619645601	9	0.00041554428071700146	341	0.00034629048771170145	36	0.0009370226680750106	81	0.0012640765747666117	9	0.0009901813407903488	6	0.0006254048615443057	9	0.0006782232675271617	341	0.001053360927439965	36
7580	0.0007670965934478607	81	0.000833928630388359	9	0.0007949434897325341	6	0.001038640481244778	9	0.0007698259394446338	341	0.0008408217671693773	36	0.0006797748982018842	81	0.0009470696875485984	9	0.0012461282317682394	6	0.0012405658895060813	9	0.0006355214502536963	341	0.0006004579092654965	36	0.0006207760211051422	81	0.0004336871553345069	9	0.00044374648369621293	6	0.0006654968025498079	9	0.0004115150208270411	341	0.0003901634329545772	36	0.0008467356989552636	81	0.0010252974340870106	9	0.0010356048401057732	6	0.0013635711759947538	9	0.0009414099399586959	341	0.0014421920084539388	36
7590	0.0007757163078605301	81	0.0009793018928955146	9	0.0011654041502887037	6	0.001029807334014073	9	0.000757260759677277	338	0.0008878032383367953	39	0.0008036813133758474	81	0.001060983915630355	9	0.0011393815521715007	6	0.0008720985852223502	9	0.0005934618522869758	338	0.0004922912435112516	39	0.000748753247751926	81	0.00031072477335197015	9	0.0007099683438664931	6	0.0005267080325622849	9	0.00042559497291768403	338	0.00045784717763945924	39	0.0006734172313117803	81	0.0006443885862593645	9	0.0003287514778786602	6	0.001023444088031613	9	0.0008392989950487205	338	0.0009682798031620338	39
7600	0.0008811858386178032	81	0.0006324783461006863	9	0.000653208451314694	6	0.001152038575076962	9	0.0007460247333328727	345	0.0008363202059248525	32	0.00076480020636664	81	0.000935686006063335	9	0.001117732896236065	6	0.0011791394697718066	9	0.0006466214585493295	345	0.0006452209788595092	32	0.0005399737521784496	81	0.000520811113022501	9	0.000575768491224563	6	0.0004437092871943905	9	0.00041164826458868996	345	0.0004016499474422868	32	0.0006365981196473246	81	0.0002683617282347451	9	0.001160942057425356	6	0.000906580027887633	9	0.0007002018958573813	345	0.0007346856392738188	32
7610	0.0011628662430792482	81	0.000724293942088207	9	0.0012254953287410817	6	0.0012979793196712947	9	0.0008703360043339923	346	0.0010297886322879393	31	0.0007657383092124314	81	0.001727567671065743	9	0.001170841713256161	6	0.0008932268925301058	9	0.0006165138965314749	346	0.0006311045732473839	31	0.0007499989211462608	81	0.0004831005898384952	9	0.0004164107371203753	6	0.00048673447712308454	9	0.00047084680241267984	346	0.0005684938901540624	31	0.0008999241463324517	81	0.0011017752796596897	9	0.0008901809714156793	6	0.0007925914011709385	9	0.0008807152169474146	346	0.0008363060320778838	31
7620	0.001072833402562884	81	0.0009746836537957925	9	0.0005715966626783938	6	0.0012464341804140605	9	0.0008048517756307726	343	0.001020256172710642	34	0.0008894683873448589	81	0.0009258562217189572	9	0.0012929013019330228	6	0.0010696031344381862	9	0.0005807035424591373	343	0.0006583924370448013	34	0.0006146197095647189	81	0.0006067427795876008	9	0.0006911800899714283	6	0.0006108331464161374	9	0.0004099141779302933	343	0.00039546076152358864	34	0.0005133536728335019	81	0.0002615794523155223	9	0.0012766675137355712	6	0.0006451663326394807	9	0.0006625828569196937	343	0.0006167464697916258	34
7630	0.0008535476180410318	80	0.0010586924319135739	9	0.0009332299894259971	6	0.0009768053378141999	9	0.0008961307901845378	341	0.0006221607450572861	37	0.0008985446860802452	80	0.0009974388233365016	9	0.0012080815751933651	6	0.001287824024507476	9	0.0007237845869126992	341	0.0008568108596349039	37	0.0005677898905136026	80	0.0004208916444348533	9	0.0003569416739611873	6	0.0007135645440920385	9	0.00041959151571058895	341	0.000445179416548756	37	0.0009092149550214595	80	0.0008945486295713368	9	0.001585779067124733	6	0.001322015759121939	9	0.0009917675337122228	341	0.0011086416745904387	37
7640	0.00074611795538374	81	0.0011304881836734651	9	0.0004966000269405047	6	0.0008901760213961328	9	0.0006956733930279116	347	0.0006051384961153689	30	0.000707762936366134	81	0.0010464442430984588	9	0.0010513298685342288	6	0.0012478666557913273	9	0.000506505396630783	347	0.0005318887762908014	30	0.0005279393126612875	81	0.0004509712980339018	9	0.0005250671583985439	6	0.0007810293559884719	9	0.0003985832983512501	347	0.000421989591090372	30	0.0006430761559412248	81	0.001198605430436576	9	0.001192317740227497	6	0.0005814126903054894	9	0.0007394433386562578	347	0.0011941793248083994	30
7650	0.0007340774305600146	81	0.0011045791155476362	9	0.0011587594244138381	6	0.0011155268361293805	9	0.0007772294045216177	340	0.0005609973207272704	37	0.000616205672497764	81	0.0012413550111983237	9	0.0011110646395573504	6	0.0009674116605635248	9	0.0005674222113169095	340	0.0005461468938044438	37	0.0005239810188064353	81	0.00047741086712515185	9	0.0005283585432865725	6	0.0004838291004519207	9	0.0004022414444817436	340	0.000485211707120787	37	0.001023664496668318	81	0.00042551575527176663	9	0.0005023676784056325	6	0.0006713846755531999	9	0.0008453676421067379	340	0.00152982299329808	37
7660	0.0007636086648869897	81	0.0008734211203745954	9	0.0010299299222048563	6	0.0010177419332966812	9	0.0009010899717482489	340	0.0009451881040224361	37	0.000672737211856866	81	0.001110534063960416	9	0.0012719741718335692	6	0.0009654372206338005	9	0.0005252032952455576	340	0.0005697501271722603	37	0.0005619237280845232	81	0.0004993775205766522	9	0.0006243217120768499	6	0.0008560789017821154	9	0.0003687127635448052	340	0.00028666179300448723	37	0.0009204925709439726	81	0.000548795884290836	9	0.0005302828329023629	6	0.0005882753118870715	9	0.0009157260379695517	340	0.0011810168723983506	37
7670	0.0008730453295041919	81	0.0009037491790901559	9	0.0009639248657382597	6	0.0011054885408151001	9	0.0007774390121834691	345	0.0008334859942812111	32	0.0007011331581714778	81	0.0012190206514171246	9	0.0011797859161578178	6	0.0010693448834198495	9	0.000648937711574521	345	0.0005724831884308193	32	0.0005587448543171476	81	0.0009161207200532422	9	0.0005689053594219305	6	0.0005018738335818164	9	0.0004069687306940159	345	0.0003946625933910924	32	0.0010996503259186024	81	0.0009282248846437016	9	0.0012874339680917484	6	0.0008635092388700852	9	0.0010430441442889642	345	0.0011659889199757186	32
7680	0.000912029947988869	81	0.0008668482719993567	9	0.000654913965317991	6	0.0007820810328144504	9	0.0008353094089357557	343	0.0009059847255203186	34	0.0007157289624903375	81	0.000804925685279224	9	0.0014974386962811218	6	0.001010706717161553	9	0.0007707939645242992	343	0.0006670446999870166	34	0.0006308881147990742	81	0.00037903206716627245	9	0.0006793443333161721	6	0.0006625894407948242	9	0.0005698520853084684	343	0.0007664351104351035	34	0.0009504325725582337	81	0.0011979612038829815	9	0.0006617305175454962	6	0.0016169040583135681	9	0.0008731261657234242	343	0.0015736455091703695	34
7690	0.0010436910280739904	81	0.000655882686475409	9	0.001026829536700341	6	0.0007228405527900133	9	0.0009124177276534727	333	0.0008720124503301081	44	0.0008330722598098624	81	0.0009479767491509705	9	0.0012775709957769882	6	0.0011711939251325357	9	0.0007870959400214468	333	0.0009337934485591868	44	0.0005647963923411116	81	0.00037665310190139803	9	0.0009419192757498517	6	0.000440757049695502	9	0.0004289025053551664	333	0.00047866304135556805	44	0.001226388221116862	81	0.0002628629784319883	9	0.0006546751273899608	6	0.0007117739329808386	9	0.0010270025361133616	333	0.0012098520725481192	44
7700	0.0008189378237596165	81	0.0014150191966747613	9	0.0007653335343734448	6	0.000870032879669406	9	0.0007999541936426909	341	0.0009952326083472855	36	0.0009267608585235169	81	0.001078614025604294	9	0.0013256714636470217	6	0.001096881875871797	9	0.0007891124048230564	341	0.0008829343883427249	36	0.0005496684381577271	81	0.0004426317962834949	9	0.0005161429960116717	6	0.0006608216851825857	9	0.0004527210986858605	341	0.00038095071359597925	36	0.0010399742211006536	81	0.0006507724343361783	9	0.0009555946930891873	6	0.0009929807584003977	9	0.0010804972147830927	341	0.0011769688384875231	36
7710	0.001025781596076597	81	0.0009949687656002721	9	0.0010561224940720492	6	0.0010324519901036546	9	0.0010230223458344452	346	0.0010658369763089565	31	0.0007268819659379835	81	0.0009838930293081197	9	0.000945075245437979	6	0.0012246549429568805	9	0.0006121755162867083	346	0.0006670608214015348	31	0.0006641966852766115	81	0.0004635777749606417	9	0.0008448420916953059	6	0.0005637836069928225	9	0.00045058741518692283	346	0.0006476970043236426	31	0.0008421093081446739	81	0.0010988313973173004	9	0.0008728911277232193	6	0.0007819625023153452	9	0.0008458327554714032	346	0.0008438585042045974	31
7720	0.0007784567280733646	81	0.0009013829900365457	9	0.0009897491928026025	6	0.0008273875382005617	9	0.0007750340352598559	341	0.0007499444213689219	36	0.0006783850016510001	81	0.0008217053291333439	9	0.0013137271729318125	6	0.0009565307630283702	9	0.0005862724032133661	341	0.0006687743626473696	36	0.0006376962512501888	81	0.0002716586335055656	9	0.00033426754001713107	6	0.0007090994525256963	9	0.00048602517559743433	341	0.0004935345588170654	36	0.0008854891084586628	81	0.000244652984917921	9	0.0012108683724869538	6	0.0007915120786168586	9	0.001025561147423547	341	0.0011163078087914544	36
7730	0.000880411545673842	81	0.0009531288092522124	9	0.0011186195421439993	6	0.0009346006168609492	9	0.000828630993823757	337	0.0009486568797391298	40	0.0007946030248055123	81	0.0010683095075177797	9	0.0012739043358155776	6	0.0009542862029738611	9	0.0006840755085275243	337	0.0007167993564357151	40	0.0005462895209160058	81	0.0004365311830200176	9	0.0005773413157112967	6	0.0006370344749716629	9	0.00045469768622551207	337	0.0005088298030900444	40	0.0008721713507289346	81	0.00043670911588294573	9	0.0009622440042450902	6	0.0010851372365272114	9	0.0007864783013092474	337	0.0008025499887378102	40
7740	0.0009477945990976549	80	0.0010904183377158068	9	0.0009059261522411191	6	0.0009703884179667615	9	0.0008959926203212158	345	0.000853471434102257	33	0.0006434779605421811	80	0.0010551472087879515	9	0.0018931044983531073	6	0.0009084178373769075	9	0.0005702190978350283	345	0.00059215363659285	33	0.0005011535010741276	80	0.000568540073049225	9	0.000618482431554362	6	0.0005983903777844804	9	0.00042744805912001984	345	0.00044696776735858644	33	0.0008254871013185321	80	0.0008961441771808085	9	0.0020964844982913917	6	0.0008511586423142193	9	0.0009571257321411543	345	0.0007153581631806043	33
7750	0.0008724530040860689	81	0.0008695000693222325	9	0.0011842668378576418	6	0.0011320528604585052	9	0.0006817006877755433	332	0.0008938188094618671	45	0.0008238530030059837	81	0.000964442715623908	9	0.0016684718733372017	6	0.0007966729603018762	9	0.000660429689732026	332	0.0007418760235611486	45	0.0005561712427093249	81	0.00048626951894316345	9	0.0003841527908509539	6	0.0005018826888753687	9	0.0004173308924815509	332	0.0006691807922996037	45	0.0008219070920862437	81	0.0004182285524453315	9	0.0007028723894981697	6	0.0009398195434691001	9	0.0009777074117542992	332	0.0010293689946101383	45
7760	0.0008473714940513874	81	0.0005841913759662939	9	0.0014047586845630314	6	0.0007924568183902814	9	0.0006450018042180553	338	0.0005492965803908489	39	0.0008792046703722068	81	0.0010970871477025918	9	0.0022811046593633785	6	0.0007127158165434896	9	0.0006417192614282143	338	0.0005156944766601755	39	0.0005403440905533271	81	0.00039102492963071205	9	0.0007800904192599937	6	0.0004523668302915682	9	0.0003517442548002185	338	0.0004966814451736722	39	0.0007767516789255554	81	0.00041474825955199426	9	0.0006242121164557014	6	0.000973810922275374	9	0.0009741491065876721	338	0.001819807157313452	39
7770	0.0007655798461398948	81	0.0009882195506628394	9	0.001399198635876362	6	0.0009971775433842275	9	0.0007518489763285368	340	0.0008028816037904908	37	0.0009513016795953576	81	0.001411048525407915	9	0.0023557760018325063	6	0.0014989609208037194	9	0.0007810130679098347	340	0.0007255994546564451	37	0.0006584467913040686	81	0.0005561635934256608	9	0.000615579871405801	6	0.0005183512545578736	9	0.0004528329253518898	340	0.0004939120763970788	37	0.0012271430881170189	81	0.0007474782735842624	9	0.00085235681612825	6	0.0008453536457956813	9	0.001476298201872125	340	0.0007203969767509186	37
7780	0.0008947637568241228	81	0.0007660328621602541	9	0.001100168789316517	6	0.000899651356092059	9	0.0009168366943020953	345	0.0009749479686829405	32	0.000819185128249244	81	0.0010789795122221509	9	0.001511836697733915	6	0.0009710026916755624	9	0.0006089242498938669	345	0.000653029696723417	32	0.0005760588600687865	81	0.00030121413543145116	9	0.0005104299205380138	6	0.0005208844026059799	9	0.00042260642678176446	345	0.0004429947725273651	32	0.0007624249284384583	81	0.0005320455372114183	9	0.001046841766441634	6	0.000927173422536321	9	0.0007275931527940125	345	0.0008226413622745997	32
7790	0.0009284538821900402	81	0.0009503391653610809	9	0.0009007207066597352	6	0.0008400381270848168	9	0.0008140691384478074	344	0.0005545765014916574	33	0.0006655282971537375	81	0.0013596751515993072	9	0.002273386215090285	6	0.0009582900602219403	9	0.0005790652079033429	344	0.0005210054760474111	33	0.0005999975486133843	81	0.0003146613798672837	9	0.0009263096451765195	6	0.00046335444303188486	9	0.00039966335132265155	344	0.0004718998290110085	33	0.0007943431430839223	81	0.0008324014943325263	9	0.0016871008909541913	6	0.001023099685342467	9	0.0008594363244723678	344	0.0008166329190938422	33
7800	0.0008086903298405537	81	0.0012210978050477112	9	0.0010075619760378837	6	0.0005755404749170418	9	0.0008833728678617972	348	0.0007497086513146934	29	0.0007296401641697027	81	0.0012398356094838752	9	0.001600597036738039	6	0.0009425450589995295	9	0.0006275635133550468	348	0.0005531571518681073	29	0.0005879075494604879	81	0.0005856805018550655	9	0.0006327558800752367	6	0.0006886150494627641	9	0.0004422055289193237	348	0.0004969368664196957	29	0.000625147842159482	81	0.0007869655525664988	9	0.0009795194975264299	6	0.0006287144321291949	9	0.0006855580421520253	348	0.0007566757706661492	29
7810	0.0007273288648989395	81	0.001002216870602784	9	0.0008761469783223389	6	0.0012408821796372402	9	0.0007285595896620171	342	0.0009146434034948799	35	0.0007562004070004117	81	0.0007018294302989867	9	0.001171317762217592	6	0.0011756121656151784	9	0.0006001966344858765	342	0.000720854891345118	35	0.000606760298264811	81	0.0003325672573317691	9	0.0006419479965823478	6	0.0006008022601536428	9	0.0004282317988400345	342	0.00041948571108143656	35	0.0005709185374825541	81	0.00023272976390606648	9	0.00029919323954500206	6	0.0006815897003375907	9	0.0005781815338190094	342	0.0007195743427380978	35
7820	0.0007893897362716813	81	0.0008973651729216217	9	0.0008958700093946941	6	0.001117049547800181	9	0.000741549709915991	348	0.000357120773527501	29	0.0008211098643473808	81	0.0009065715069491685	9	0.001483486065573618	6	0.0011000979825103675	9	0.0005582462488699299	348	0.0006034194437270891	29	0.000579729367224782	81	0.0002985740790434415	9	0.00047075635068101604	6	0.0005621179376965334	9	0.0003253571070203034	348	0.0003448161180190383	29	0.0006376702846462948	81	0.0005144274544414414	9	0.0010995998892336168	6	0.0009496263621704723	9	0.0006621813875850223	348	0.0007682826482025875	29
7830	0.0009868741674706433	81	0.0012597548821421444	9	0.0009963567063385828	6	0.0014265974569032827	9	0.0008200247444821146	348	0.0008617228136872588	29	0.0009151798892215421	81	0.0009654203266362923	9	0.0014973317382391898	6	0.0008084004908495468	9	0.0005343344048206752	348	0.0008130582119161886	29	0.0007157214153707082	81	0.00023545100009750514	9	0.0010156164712550478	6	0.0005287841685721589	9	0.0004908081078608989	348	0.00044331010579631863	29	0.0007911169805964903	81	0.00040474443870059783	9	0.0010268268752942117	6	0.0008020538658818135	9	0.0007529429819974308	348	0.0010615494851423395	29
7840	0.0007507606846044241	81	0.0010616530731999449	9	0.0007590166423089726	6	0.0011364522065254777	9	0.0008356918410172535	347	0.0007451652416956551	30	0.0008571027691808495	81	0.001113139491040292	9	0.0010377305260146834	6	0.0014693514137386994	9	0.0006375207373961355	347	0.0006729677348386269	30	0.0004950044018378772	81	0.0005241686404266422	9	0.0004735207266046357	6	0.0004265353586602188	9	0.0004076146280932617	347	0.0004066165339885246	30	0.0010296169981884012	81	0.000618051897296543	9	0.0013851751893761268	6	0.0006932673714930986	9	0.0011403903333320616	347	0.0014026715835885565	30
7850	0.000922394688384474	81	0.0011698674548448395	9	0.0012209101450603517	6	0.0008323849636518235	9	0.0008663299052501439	345	0.0008330724679257923	32	0.0007075174459460973	81	0.0008230138742077917	9	0.0012033413711534386	6	0.0012307747542685014	9	0.0006472137166142963	345	0.0005071462394153041	32	0.0005304310535099104	81	0.000535722666629939	9	0.0005459691565283542	6	0.0005287818441661766	9	0.0004416120402463767	345	0.00048696230344344693	32	0.0007113164561682396	81	0.0009879162643447825	9	0.0009450532618076602	6	0.00045616773329252777	9	0.0007378300521278189	345	0.001271265160209667	32
7860	0.0007796482741920442	81	0.0007562124266283189	9	0.00086833086156503	6	0.001104728932628002	9	0.0007651643332206974	341	0.0008186387921022732	36	0.0007206770395739806	81	0.0009312455816971111	9	0.001776332241502356	6	0.0011602715409036863	9	0.0006025910613843723	341	0.0007470766446543154	36	0.0007355109489151434	81	0.00044621519248233196	9	0.00059666266946701	6	0.0008679192773457113	9	0.0004768568260197974	341	0.0005878582158698611	36	0.0005598419287595375	81	0.0005594804294173227	9	0.0011890685382312353	6	0.0005482139919950268	9	0.0007366707526131436	341	0.001067250136852027	36
7870	0.0007876685902148849	81	0.0007991881739271494	9	0.0009587745066994496	6	0.0008429225281699423	9	0.0007300405741171257	342	0.0005932886264748765	35	0.0007212748263018695	81	0.0007917864639882103	9	0.0011763847641393856	6	0.0009115692239204057	9	0.0006157424560383779	342	0.0004988379679979606	35	0.0004982462272668938	81	0.0004080525182554231	9	0.0005682371007844003	6	0.0004683909328595782	9	0.00039935930444481306	342	0.0004827444773937446	35	0.0009233145742952307	81	0.000712323693538779	9	0.0009445266341046177	6	0.000914389767057892	9	0.0009534703975830918	342	0.0008615050272842807	35
7880	0.0008135384702667695	81	0.0009879397018523006	9	0.0007809452424949234	6	0.0013657190592958795	9	0.0007585392916657168	338	0.0007554464167259343	39	0.0007512539327604441	81	0.0009561782874429432	9	0.0014879486888545216	6	0.001012421835841375	9	0.0006895087404757926	338	0.0006956783068659014	39	0.0005712003767024665	81	0.00044288033205810973	9	0.0006075690242240943	6	0.0005642961907129886	9	0.00046093817981269683	338	0.0003972232270159346	39	0.0008283882202327619	81	0.0005356926969407596	9	0.0006568769963965403	6	0.0006903042470075321	9	0.000832403785668025	338	0.000981947376423159	39
7890	0.0008688533024829345	81	0.0015301956039694906	9	0.0011947237077980816	6	0.0009822337500037235	9	0.0007863732531939631	336	0.0008421162754626097	41	0.0008039737578328783	81	0.0015066019967120842	9	0.0011535919815132926	6	0.0010372742415287993	9	0.0006484717044483566	336	0.0008121241180197348	41	0.00045637887670897935	81	0.0004956222446510724	9	0.0004269813041848992	6	0.0006481085834300032	9	0.00038165146547811205	336	0.00040180148967070445	41	0.0007661452383098999	81	0.0007906622644128145	9	0.0009954903750816566	6	0.0005231002235848002	9	0.0006888426385201784	336	0.000826420084672193	41
7900	0.0008012503576574528	81	0.0009939246270483937	9	0.0013682836140589568	6	0.0006151988956200906	9	0.0008649241434126568	337	0.0007359836113765724	40	0.0008374182232359613	81	0.0011628861632118576	9	0.0012648312465902512	6	0.0009091316256413817	9	0.0007521734339725741	337	0.0007083373249254572	40	0.0005257959218619043	81	0.0003813086828603363	9	0.0009151316992853223	6	0.0006636529733209887	9	0.00042723845869215883	337	0.0005367648368218772	40	0.0007841202005375025	81	0.00047772289648268705	9	0.000850443422869083	6	0.00046221479160855807	9	0.0009603488207367467	337	0.0009784101760870769	40
7910	0.0009214877215035919	81	0.0018399017216229998	9	0.0011497671385154718	6	0.0011868509182644182	9	0.0009118160954046826	343	0.0011275258913530806	34	0.0008961122703680758	81	0.0010127327084019791	9	0.0013603988946647126	6	0.0011455609599332543	9	0.0006338507492528368	343	0.0006925609026808303	34	0.0005329039566571672	81	0.000543982060510257	9	0.0007564517401954171	6	0.00046962751019353447	9	0.0004106848013374979	343	0.00039675700165351524	34	0.0008761401519336231	81	0.0002815230836046337	9	0.0011667446050407648	6	0.0006273684369959993	9	0.0008078349201767714	343	0.0021867344565055075	34
7920	0.0006291082135591277	81	0.0006688897140205021	9	0.0008271460237619849	6	0.0010020342334543528	9	0.0005961784453192301	335	0.0006652248670609161	42	0.0009626061575134612	81	0.0011318615906815996	9	0.002006558009464175	6	0.0011036253098596893	9	0.0008003423174927019	335	0.0005914979384274981	42	0.000639814859979655	81	0.000752848145132495	9	0.0005355841329108631	6	0.0007003928194813894	9	0.0004509705985028827	335	0.00041858728266144844	42	0.0009114755285708815	81	0.0006988325237359266	9	0.001102582532102418	6	0.0009397162112199294	9	0.000891211555373111	335	0.0009303863871933203	42
7930	0.0009963558443995119	81	0.0012017154315735919	9	0.001150283285537706	6	0.0009363432335690849	9	0.0009079584607925974	342	0.0009304586733794749	35	0.00073656248855392	81	0.0010585062412405972	9	0.0013532026796119739	6	0.0008891986373933287	9	0.0006269127224549122	342	0.0006839677671542399	35	0.0005457171291829912	81	0.000595581531111299	9	0.0004273023745157355	6	0.0005817739059469592	9	0.0004800050664684829	342	0.0005249431273523544	35	0.0007254342885156547	81	0.0007566883052574044	9	0.0013960066056192136	6	0.0006071735271071467	9	0.0007644553528214558	342	0.0007631248807304094	35
7940	0.0007416364092050285	81	0.0008202005331850862	9	0.000763119810749324	6	0.0009862035341853164	9	0.0006992488434610279	342	0.0006633396054234208	35	0.0008834364421550843	81	0.001323811541062285	9	0.0012013314255072715	6	0.0009521397033197525	9	0.0007302942665236455	342	0.0006411757996756583	35	0.0005891825371851648	81	0.0006221792722726888	9	0.000709843686067703	6	0.0006372897702110371	9	0.0005341796449568365	342	0.0006021598499302208	35	0.0007680093967661521	81	7.257907203893182e-05	9	0.0006132647608113897	6	0.0029714508519562838	9	0.0011781929662020873	342	0.0018155002404102905	35
7950	0.0007973236779823236	81	0.0010935369016116475	9	0.0008018063272436836	6	0.0008318432774272952	9	0.0008229643280826993	344	0.0009539468026281762	33	0.0007617200582733803	81	0.001363778687689379	9	0.0013063211805374782	6	0.0010956785991368464	9	0.0006929540306135072	344	0.0007211438331634272	33	0.0005456062718058332	81	0.0005219276343427885	9	0.0007960048791648008	6	0.0005047754617793595	9	0.0005241399263569411	344	0.0006091162704250725	33	0.0007350534861816759	81	0.0010954093580921645	9	0.0010113475667545674	6	0.0006046355128035264	9	0.0008074861583575761	344	0.000840919697562571	33
7960	0.000851691120689972	81	0.0010242361745912342	9	0.0010422558775522535	6	0.001183074050606526	9	0.000887717379607864	340	0.0009220870059662937	37	0.0007123178874588076	81	0.000756320634658882	9	0.001424159596401158	6	0.0009851616931223844	9	0.0005245789611933074	340	0.000747684496415989	37	0.0005939421263977394	81	0.0004537020021324173	9	0.0006440407514584505	6	0.0005374235425005869	9	0.0003674151969666938	340	0.00034509066217361747	37	0.0009640061894168897	81	0.00045997574003712175	9	0.001300329498169543	6	0.000580652106103401	9	0.000902385068771213	340	0.0008928053290691588	37
7970	0.0006586751703783081	81	0.001225381790166482	9	0.0009740021954042573	6	0.0007819922583088561	9	0.0007705384919245867	344	0.0005015445446532249	33	0.0008410208777077019	81	0.0009513607110415	9	0.0023140385741108574	6	0.00097782156626493	9	0.0005767050679319955	344	0.0006353591552512691	33	0.0006328013917958432	81	0.0004630372391626708	9	0.0005885297476512256	6	0.0004938641161697514	9	0.0004259212316260489	344	0.00047281895374363215	33	0.0008013980645619811	81	0.0004783912425433068	9	0.000801329610745239	6	0.0008431630412861525	9	0.0009167581970156336	344	0.0008667982593508754	33
7980	0.0009021110055772492	81	0.0013135429136089387	9	0.0013698218322475576	6	0.001487529749425765	9	0.0009539313138615364	344	0.000703519983839228	33	0.000762384615736644	81	0.0011886495456902074	9	0.0020616280458480526	6	0.0009729450095211779	9	0.0005776365482009954	344	0.0006758503017772531	33	0.0005327960233040951	81	0.0004894287776171423	9	0.0004993113571044576	6	0.0007203721783019042	9	0.0004383568463393265	344	0.0005208499189701445	33	0.0009347683661841833	81	0.0010029950745084964	9	0.0013479515053524862	6	0.000858909873159257	9	0.001003166550398325	344	0.0012576979209652029	33
7990	0.0007187144308263135	81	0.0006515133001494448	9	0.00097306823673318	6	0.000914229630065818	9	0.0006826841115514948	330	0.0006109562904528552	47	0.0006860387808680438	81	0.0009127450076959412	9	0.0023152189980266994	6	0.0010141953228032336	9	0.0004878903114683563	330	0.0005334987833569969	47	0.0006099574043227393	81	0.0004134242848512079	9	0.0008537833574443309	6	0.00037653864710955674	9	0.0004036912171807822	330	0.0004205126878722862	47	0.0020889319902660866	81	0.0005070983733891638	9	0.000573217857980908	6	0.000979293853330977	9	0.0012650727511253953	330	0.001922622294595836	47
8000	0.0009678255129486385	81	0.0014067116096963678	9	0.0012203749130556617	6	0.0011795046150683054	9	0.000979886752832266	347	0.0009303290564564112	30	0.0007995682273312423	81	0.0009565292177102774	9	0.001642110251387942	6	0.0009829029687011658	9	0.000636372953306593	347	0.0008343169917495141	30	0.0007021192020293221	81	0.00038967384203761774	9	0.0004888425436132467	6	0.0007883040482015703	9	0.0004655718545533791	347	0.00048282618803867063	30	0.0005755520282557174	81	0.00020908051278987097	9	0.00048088055816664755	6	0.0006157075210470836	9	0.0011238655598706348	347	0.0008054648142197011	30
8010	0.0008242162241907924	81	0.0011810941748173003	9	0.0010485586470604233	6	0.0010342177286965177	9	0.0008286107099517238	343	0.0006263454503005181	34	0.000829755856306024	81	0.0009021562321921222	9	0.0017912764331694854	6	0.0012154784722189307	9	0.0006745757558485482	343	0.0008800728077891657	34	0.0006198666294598968	81	0.00044206819816987	9	0.0006208006296154913	6	0.0006058567094973486	9	0.00041409069884586495	343	0.00048666645409641923	34	0.0010245378352562373	81	0.0002254195955348318	9	0.0007105720961039708	6	0.0013646302124446534	9	0.0009110225208588707	343	0.00067274643459926	34
8020	0.0010698181684487339	81	0.0009152072365223781	9	0.0012797050322234727	6	0.0010197073685239662	9	0.0008944357166127208	339	0.000802878189308136	38	0.0008541197592838079	81	0.0011167751009939506	9	0.001032145229161449	6	0.0012575339454217844	9	0.0006543605241450984	339	0.0005116289779270055	38	0.0006755357868660796	81	0.0006275856780715754	9	0.00038578018609795173	6	0.00043955582388173015	9	0.0005239808700077982	339	0.0005869187461943056	38	0.0008785143087227756	81	0.0010229062530325512	9	0.0008097829532170189	6	0.00042286448729955326	9	0.0009040630202157871	339	0.0008223174578391262	38
8030	0.0007118564134650763	81	0.0008659638779316281	9	0.0006432868429343144	6	0.0007982378976040374	9	0.000625199886255091	344	0.0006196157720913736	33	0.0008523807569011232	81	0.0010525038312623742	9	0.0014618259401019604	6	0.0009105335547889096	9	0.0006520921369343881	344	0.000649763138976408	33	0.000551646005001381	81	0.0006874698052173107	9	0.00043874117901561064	6	0.000777208414925939	9	0.00038827547096294333	344	0.00028677596583174094	33	0.0008733669189295147	81	0.0006565699490417795	9	0.0012965050688783673	6	0.0009294374602076428	9	0.0009774544002771738	344	0.0009106324546187249	33
8040	0.0011414584554381548	81	0.001240980896579273	9	0.001586176731421299	6	0.0011771335542861616	9	0.0009536301359143434	347	0.0012496906137482188	30	0.0009157212491392535	81	0.0012780568010362725	9	0.0021019595974971893	6	0.001010353704601172	9	0.000825642778262784	347	0.0006820006504603873	30	0.0005947513286656863	81	0.0006616965501459716	9	0.000594972485001915	6	0.0005189733264588615	9	0.0005042904351841949	347	0.00043865269082326517	30	0.0009928493262228372	81	0.0006911480726641148	9	0.0008139864001488402	6	0.0011675688117457226	9	0.0009452276644686713	347	0.0008369668462691782	30
8050	0.0009550843935133369	81	0.0008895853796670813	9	0.0015485850021896726	6	0.0014949014564361034	9	0.001024085917982809	339	0.0007731339826426567	38	0.0006364177950225343	81	0.0009005799332883125	9	0.0014833576418167027	6	0.0013081885355699368	9	0.0005490515609100577	339	0.000537880264271123	38	0.0005051178184006809	81	0.0004705246554996058	9	0.0004904262028753579	6	0.0007477802298459987	9	0.00042392291034368674	339	0.0003174927902862445	38	0.0008854809975326909	81	0.0011576668040188711	9	0.0007727876461115779	6	0.0007411735404814248	9	0.0009553918178277966	339	0.0010380717547959237	38
8060	0.0008183652597559823	81	0.0015041358361915665	9	0.0007146994166654787	6	0.0009358667814420601	9	0.0009113773376520717	344	0.00069613965100394	33	0.0008299016415649028	81	0.0014052069535358065	9	0.001632322618594779	6	0.000990437298702339	9	0.0005691896284590639	344	0.0006174131914663917	33	0.0006500798233497923	81	0.000523273693848525	9	0.000872434568019159	6	0.0006797250462953282	9	0.0004034895658172879	344	0.00032476496987326705	33	0.0008897976660712473	81	0.00020975619705793582	9	0.002106081278225117	6	0.001762922745261155	9	0.0009567172479851161	344	0.0007566682438053314	33
8070	0.0008569739101435762	81	0.0008035945907581255	9	0.0006488164854123045	6	0.001120504466121906	9	0.0007111923533338275	342	0.0008099245440581465	35	0.0008207579413728422	81	0.0013182630377053179	9	0.0012845787616224504	6	0.001262550654049639	9	0.0006313783374195572	342	0.0005617345751366577	35	0.0004631799959642542	81	0.0006003690820074029	9	0.0003238070426513369	6	0.0004157681320211365	9	0.0003615498820075303	342	0.00031528526537242233	35	0.0009788994346959803	81	0.0007869335156030364	9	0.0021741878972962414	6	0.001103131460775838	9	0.001025808930412346	342	0.000963573817494023	35
8080	0.0008127478346667611	81	0.0010448196612755647	9	0.0008029430705495301	6	0.0011235421930317951	9	0.0007549813582140029	342	0.0008230979767231438	35	0.0009260777740785366	81	0.001257031253782999	9	0.0025349696241647574	6	0.0015475839917444808	9	0.0006308287729982732	342	0.0009772522725467255	35	0.0005867500254903406	81	0.0006328750378125184	9	0.0009228895369899343	6	0.000590332429524998	9	0.0004695980787753255	342	0.0005223423986077302	35	0.0013233549989425122	81	0.0009825887936844597	9	0.0015457096578457147	6	0.0013166454096627486	9	0.0011876382464820346	342	0.001052839695493189	35
8090	0.000755892587389319	81	0.001134689017702732	9	0.0009525218468410323	6	0.000834888508399931	9	0.0007840822936140755	337	0.0006025034682303662	40	0.0009492995090374043	81	0.0009108522054458198	9	0.0017781228147793627	6	0.0010070762152505487	9	0.0006464124400930056	337	0.0007176996194098435	40	0.0003632581590937047	81	0.00037178036222771825	9	0.0005418444614618208	6	0.0005449909005027755	9	0.00029745154170381257	337	0.0003075329425167105	40	0.0011183716299153702	81	0.001182992930882697	9	0.001008660521774754	6	0.0011981701654537355	9	0.0010477472068653702	337	0.0009742177534983208	40
8100	0.0010310352348701908	81	0.001038292158628681	9	0.0009922871484536507	6	0.0009233237240957617	9	0.0010518294664274286	343	0.0009396151978056114	34	0.0008444154890473437	81	0.0009709629647182293	9	0.0009946665014267705	6	0.0010601310429222545	9	0.000741606977217905	343	0.0007843608153006416	34	0.0006303540371988337	81	0.0006460998768567177	9	0.0005495692344648517	6	0.0005182163095584395	9	0.0004139412326235302	343	0.0005229274589691794	34	0.0012076646335595696	81	0.003484212719249915	9	0.0010833777409925986	6	0.0016586799788973537	9	0.0015006676588872256	343	0.0020477040831546416	34
8110	0.0009701178175909677	81	0.0008814250186211142	9	0.0009743596222280878	6	0.001240689941557778	9	0.0009076983919371286	343	0.0007472788458092832	34	0.0009362852282071506	81	0.001306286906839097	9	0.0012583728653574177	6	0.0010786251157316206	9	0.000738787538225692	343	0.0008305631081237079	34	0.0005687204826697841	81	0.0005470735940704663	9	0.0004905456200815544	6	0.0005247589990543312	9	0.00045295519125593053	343	0.0005037793437259785	34	0.0009907187978318674	81	0.0005813722582874528	9	0.0006993900586008192	6	0.0011977249989499263	9	0.000920697597703415	343	0.000982409340689421	34
8120	0.0008369837134486083	81	0.001032603067138263	9	0.001324879879335757	6	0.001092590269833194	9	0.0007069311599004294	336	0.0006819663144151873	41	0.0007672979876095493	81	0.0013967228966265768	9	0.001077898172376689	6	0.0009953198475706122	9	0.0006438733801052218	336	0.0007127409040388917	41	0.0005154456392900382	81	0.0005965844138983853	9	0.0009268721876538872	6	0.00064491419806397	9	0.0004548237850098424	336	0.00045575132410181934	41	0.0008026034995440414	81	0.0003432451053694903	9	0.0011425908342650186	6	0.001194120243625083	9	0.001028472756002503	336	0.0009188863867491778	41
8130	0.0009396265422560417	81	0.0007753629481241724	9	0.000756458411333331	6	0.0008676697036013092	9	0.0007397732791995602	338	0.0009242825061377157	39	0.0008328991864032645	81	0.0007797036476809712	9	0.0015494719257874592	6	0.0008213274918148222	9	0.0006825690988973891	338	0.0007268186340424658	39	0.0005253469573945929	81	0.0003614742011085384	9	0.00047754717597774495	6	0.000527654967231757	9	0.0004309574924092692	338	0.00038695752727117887	39	0.001202527343677006	81	0.00029314914314389006	9	0.0006728833365521012	6	0.0009721172856299984	9	0.0007887068983413031	338	0.0029430526577043418	39
8140	0.0008740448900103916	81	0.0011302287016243036	9	0.001005427554353402	6	0.0010469941118602633	9	0.0006925771248841912	341	0.0007536766484426447	36	0.0011569609283350211	81	0.0013998475469679586	9	0.0014042461335804415	6	0.0012778489194319978	9	0.0007451101967318252	341	0.0009083068728180325	36	0.0005788232201070152	81	0.0003925802361869275	9	0.0004633355772539353	6	0.0006713863953174223	9	0.0005464321929055586	341	0.00046935608390346836	36	0.0010022330538922107	81	0.0007360251199232145	9	0.001225106258515743	6	0.0009218108904487336	9	0.0009650336576225849	341	0.0009979341968098616	36
8150	0.001020726685458665	81	0.001002420629423829	9	0.0010341172068111053	6	0.0010580552575524635	9	0.001032737297959018	340	0.0010867845293246908	37	0.0008766310806510814	81	0.0014020718521305501	9	0.0018096531354173824	6	0.00093106276833372	9	0.0007196013919940757	340	0.0005823771923350005	37	0.00046934974453208267	81	0.0004954688282487405	9	0.0004299125234612494	6	0.000614135857178105	9	0.0003864074083274865	340	0.0003586629963557477	37	0.0008902549026193869	81	0.00043712924760957696	9	0.001293362678661073	6	0.00142454312001195	9	0.0008114866424196515	340	0.0011390537079163474	37
8160	0.0007737307573810954	81	0.0007810333889939068	9	0.0008174268921382646	6	0.0008217059973191881	9	0.0007844644531693851	341	0.0007812292922553856	36	0.0009047990893781935	81	0.0009659832384723489	9	0.0013490689401125051	6	0.0014037694425876233	9	0.0007184419054459439	341	0.0007808272727945559	36	0.0005879202296164363	81	0.0005047477079314916	9	0.0005344787908175608	6	0.0005610201658869014	9	0.0004383697600731182	341	0.00036542092876647056	36	0.0008690373810225791	81	0.000785521385813878	9	0.0008895601821641163	6	0.0006358051534039313	9	0.0008603116058164586	341	0.0010776888450340538	36
8170	0.0008172894289061251	81	0.0008008510846923386	9	0.0009763138330737242	6	0.0008247811585719504	9	0.0008210393717014477	342	0.0007440040172026029	35	0.0008611575138159199	81	0.0012584195627965125	9	0.001266819202152251	6	0.0008496621543216429	9	0.0007047373433410962	342	0.0007145042503954451	35	0.0007926829225121777	81	0.0006894899323898666	9	0.0006920852250077645	6	0.0006458143370208755	9	0.0005176288636811934	342	0.0004401214179848401	35	0.0014774970683342067	81	0.0005844993659506782	9	0.0011301963722989033	6	0.001300647642027252	9	0.0010436089276755452	342	0.0013306452606491764	35
8180	0.000857263013088615	81	0.0010698554694901627	9	0.0009095000528323507	6	0.0010087217077782945	9	0.0008044456689025507	348	0.000784128548778783	29	0.0009793698985726533	81	0.0013019455817736404	9	0.001489311265432597	6	0.0010046735483238093	9	0.0007460173644354759	348	0.000815110396526818	29	0.0005419853822694753	81	0.0008035196202219517	9	0.0008180551293539506	6	0.0005520569880030844	9	0.0005203655840328099	348	0.0005614698922428116	29	0.0006289194484520637	81	0.0003769071291078101	9	0.0016407617838234327	6	0.0016529163556617775	9	0.0008133876045220774	348	0.0009198316592760333	29
8190	0.0007296724891103693	80	0.0006765239966735127	9	0.0006405431693049094	6	0.001081183918440188	9	0.0006825676506527991	348	0.0006754301094954473	30	0.000747017048992347	80	0.0008132761067644587	9	0.0012708064425045584	6	0.0007893935950376611	9	0.0006678777910556867	348	0.000824989716223725	30	0.0005436180108075101	80	0.00043117191463046506	9	0.0004030142976015319	6	0.0006566616873127352	9	0.0005018670854034789	348	0.0004717928440139996	30	0.0007609935251111407	80	0.000809991850366701	9	0.0008267852680471475	6	0.0010214922018855156	9	0.0008661460219610699	348	0.0010372251536113334	30
8200	0.0008638943198132669	81	0.0009664413693504302	9	0.0010578598083766037	6	0.0010168525547071346	9	0.0009377849985034663	338	0.0008900858047344634	39	0.0008227883993221426	81	0.0013248186921229592	9	0.0015028001293248122	6	0.0010750302223102972	9	0.000624590795047538	338	0.0006157107074725734	39	0.0005507751311886563	81	0.0004681313404318624	9	0.0004902458461740923	6	0.0006225517368894282	9	0.00047761853911002536	338	0.0005057005200329129	39	0.0007335730136524899	81	0.0003881595071101354	9	0.0012538067675424798	6	0.0006978926034425471	9	0.0016292369089955054	338	0.0011950910722256496	39
8210	0.0008507736274394234	81	0.0006741925189092206	9	0.0010923142596260232	6	0.0008728730134414521	9	0.0008037006799087131	342	0.0008440397791324323	35	0.0007579138369567614	81	0.0008456982731631248	9	0.0015153777112879286	6	0.0011318938726332813	9	0.0007089859232222284	342	0.0008284102377790369	35	0.0005381300970971117	81	0.00034332870958486965	9	0.000559989811628299	6	0.0005923955349289144	9	0.00039969209587110207	342	0.0005307438065161351	35	0.0009815838461514714	81	0.0009022016917917271	9	0.0011616657489751249	6	0.0011085788934265617	9	0.0011227980045042448	342	0.001131724151367182	35
8220	0.0008732837202696492	81	0.0012782776413130567	9	0.0010768564054073103	6	0.0012172251446001914	9	0.0009049322063789847	347	0.0011155419280486163	30	0.0009349997521577338	81	0.001078991521979508	9	0.0014903018854562034	6	0.001068594609071512	9	0.0007608069956764063	347	0.0007289294933453718	30	0.0004058686302471544	81	0.0004199595236580386	9	0.00045424424977037595	6	0.00046806234408913196	9	0.00040329814482401846	347	0.00040597355052196895	30	0.0009006067727114085	81	0.0009143133123693332	9	0.0011270092329347147	6	0.0012827220016974274	9	0.000911855433046547	347	0.0009716115238940658	30
8230	0.0010313845900831442	81	0.000758499407926294	9	0.0014470557733939438	6	0.0009690810547144615	9	0.0008971459115089026	340	0.0009212435506227479	37	0.0007140766600657993	81	0.0010905332467775893	9	0.0009769146675720178	6	0.0011423403467325814	9	0.0006400908115149095	340	0.0006714391109120791	37	0.00046166934715629953	81	0.00044609592352572196	9	0.0003877197527624719	6	0.0007171168245382422	9	0.0004289674889083666	340	0.00044648045997840375	37	0.0009259276260895613	81	0.0009109532260748905	9	0.0012039580733003562	6	0.0014255700552192599	9	0.001075523222326976	340	0.0013452970534265911	37
8240	0.0010326203222819463	81	0.0008869337749513595	9	0.0011572257353560775	6	0.0012443695136944448	9	0.0008844680312343415	344	0.0007779646382686534	33	0.0008435279653802146	81	0.0014690376887770281	9	0.0014307946022650729	6	0.0012987405517616846	9	0.0007957324889826312	344	0.0009596182305330001	33	0.0006940172796302398	81	0.0005191476890252712	9	0.0009547019177687491	6	0.0004998503236744834	9	0.0004685603577520608	344	0.0005502705708522599	33	0.001092424520522008	81	0.0011974640961623694	9	0.0014591978254700733	6	0.0009648258895591258	9	0.0009211943437401341	344	0.0006389432161968485	33
8250	0.0007901049327723231	81	0.001576377411892219	9	0.0008098404461249642	6	0.000919583412975056	9	0.0007081808280980176	339	0.0007927398098408247	38	0.0007655423032143699	81	0.001130463040834138	9	0.0014715842183431521	6	0.0011024004365774867	9	0.0005856472371492018	339	0.0006998646630118652	38	0.0006166197815346281	81	0.0005612062595677799	9	0.0006395650314477735	6	0.0007992635670034529	9	0.0004904391874990129	339	0.0005834307992515484	38	0.0008686472878465319	81	0.0007380870692484766	9	0.0008771193552026585	6	0.0007673253388777737	9	0.0008646909959524423	339	0.0008678900888010537	38
8260	0.0008406680531832512	81	0.0009841327364119743	9	0.0010731462531817935	6	0.0007577592595753896	9	0.0006468446203934216	346	0.0006390567765764401	31	0.0007702921507603462	81	0.0012361878861009957	9	0.0012551655163454084	6	0.0010752997817715755	9	0.0005864004729960601	346	0.0006018381189621355	31	0.0004547047488388478	81	0.0007355776615595169	9	0.0005725101179580349	6	0.000750093759693159	9	0.00042347020291392265	346	0.0004917373299082076	31	0.0009100242601237453	81	0.0009005407460005421	9	0.0017799660249762626	6	0.0008241267787608559	9	0.0011364127548067985	346	0.0008733658004567615	31
8270	0.0007776090893735437	81	0.0006712561896929685	9	0.0012863467360132558	6	0.0013976398392090846	9	0.000649318394272158	345	0.0006782791999718907	32	0.0009890281889750028	81	0.0011581043235778614	9	0.001136914268251741	6	0.0010038442714363888	9	0.0006625854009703385	345	0.0006998428192162101	32	0.0006001175564552171	81	0.0004479033539957569	9	0.00045106780866601006	6	0.0009495552391853477	9	0.000447130874416826	345	0.00042480876277491543	32	0.0007391328803315995	81	0.0018006667259983665	9	0.0013110018406110608	6	0.0005144737193601058	9	0.0008485663132305709	345	0.0007833455269502671	32
8280	0.000979360528564338	81	0.001784786349605833	9	0.0012932115088033636	6	0.0011516884997308725	9	0.0009242498813721667	345	0.0012268277016600174	32	0.0008777801016498369	81	0.0008268314000166676	9	0.0017977773921000397	6	0.0013456621659443475	9	0.0006879955671838579	345	0.0007338368833945186	32	0.00045290885805677615	81	0.0004403222070051375	9	0.0006489825811770085	6	0.0006097909070473281	9	0.00043266583473938763	345	0.000420289048196032	32	0.0010332841586961085	81	0.0003979348680321922	9	0.001132678155884257	6	0.0003482257206257834	9	0.0008055579683778992	345	0.0006459903088481787	32
8290	0.0007753201270776237	81	0.0009815305421668073	9	0.0009310686038552993	6	0.0009506943011326889	9	0.0007837909911676656	344	0.0007760307836158532	33	0.0007544211324682879	81	0.0007464357909168725	9	0.0013243138258083459	6	0.0009142187222575716	9	0.0006511592291730513	344	0.0006975026020216629	33	0.000447317890311148	81	0.0004823638871644219	9	0.0005063397280914106	6	0.000506365043576629	9	0.0004085140548779094	344	0.00031668165906579	33	0.0006101072568955919	81	0.0007679553850775488	9	0.0007019844860685075	6	0.0006767570822612163	9	0.0010623893675793237	344	0.0005262186595801673	33
8300	0.0009549286211165073	81	0.0009522303326701807	9	0.0012321416695734576	6	0.0011479329343425265	9	0.0008170733468336711	337	0.0010462647899947444	40	0.0008147174486023918	81	0.0009718315776837906	9	0.0015777026083636273	6	0.0010567447966841044	9	0.000665473999929279	337	0.0006841315110726463	40	0.0004688844727486927	81	0.00040078886127901546	9	0.00046916475865979644	6	0.0004237370343055599	9	0.0004641289154212395	337	0.00032348392346847785	40	0.0006834704414168479	81	0.00039253755880358195	9	0.0010022346123456133	6	0.0006344787513162194	9	0.000657490051964357	337	0.0005511051621662557	40
8310	0.0007796588439379903	81	0.001379022099198862	9	0.000605673513879745	6	0.0008887062407019834	9	0.0009241183811029502	340	0.0006139350948249704	37	0.000889601123964923	81	0.0011171137603955602	9	0.0014890197458852503	6	0.0009894567409947474	9	0.0006263707428316242	340	0.0006965491275874161	37	0.0005219801499648495	81	0.0004090883816530967	9	0.0006451606356498855	6	0.0006365980788905651	9	0.00041821420806397504	340	0.00042948055464500797	37	0.0008718319689400593	81	0.0006432296171379376	9	0.0012721842414693844	6	0.0007408099718865915	9	0.0008366168121628254	340	0.0008159360040757086	37
8320	0.0009343572336105166	81	0.0012510991408605397	9	0.000785550223641762	6	0.0012320893574266781	9	0.0009079281011580254	342	0.0009427848826701541	35	0.0009510102678679215	81	0.0012637108550269142	9	0.0015661007025459933	6	0.0010778778748290953	9	0.0007156460864632711	342	0.0007385203600360373	35	0.0006560998880926949	81	0.0005316987336520005	9	0.0007658008590185326	6	0.0007410060013821046	9	0.0005065576296119767	342	0.0005565595840648636	35	0.0008042699090999194	81	0.0005253653373884124	9	0.001428807197341216	6	0.0010633578936562892	9	0.0010262587664496992	342	0.0009343517196832835	35
8330	0.0008450397762875061	81	0.0009132176148570111	9	0.000876106303248937	6	0.0011193245804374228	9	0.0007615520970885088	339	0.000956992426140485	38	0.0007837630123149828	81	0.0009536657874217851	9	0.0017865411566765478	6	0.0010636130739473644	9	0.0006585812320370245	339	0.0005665775264902068	38	0.000588462436143154	81	0.0006874259194220721	9	0.0007825582356356322	6	0.0006875249314146544	9	0.0004544372378763215	339	0.0005207917228177194	38	0.000871725793634639	81	0.0007551940492841465	9	0.0007458874914713329	6	0.0010761053743116192	9	0.0009474951614662259	339	0.0008205911014695664	38
8340	0.0008719493850772994	80	0.0008321790873343219	9	0.001273959684258888	6	0.0011542104504002472	9	0.0008801429813159126	334	0.0009187143036465436	44	0.0009294239872520819	80	0.001070772046108495	9	0.001814141885185913	6	0.0010045699220003704	9	0.0007684504537676931	334	0.0007339425182601151	44	0.0005681224451171786	80	0.0005315510247612795	9	0.0006427940198287659	6	0.0006969282474511168	9	0.00044082329981937047	334	0.0004034298454418342	44	0.0018907898005960614	80	0.0005806286434648926	9	0.0016378742247539632	6	0.0009233443294149104	9	0.0013379861595934747	334	0.001713216854518443	44
8350	0.0008053728185295865	81	0.0016623221076530264	9	0.0011237149533048641	6	0.0010053074733572065	9	0.0006728246541118697	340	0.0008298835914395001	37	0.0006523164969430617	81	0.0014535072967331287	9	0.0015360319584217135	6	0.0008688673875360064	9	0.0005187843060457686	340	0.0006588149944634716	37	0.0004888596559789474	81	0.0004291994627146377	9	0.0005605674895437196	6	0.0005139174010072017	9	0.00039677687113318306	340	0.00047968666452440377	37	0.000512730635239516	81	0.0006977287431205754	9	0.0011516894939996981	6	0.0012346388127359891	9	0.0008051171160596469	340	0.0006729401391707909	37
8360	0.000667719774516004	81	0.0007374525800626191	9	0.0005266607430365039	6	0.0010400714804429919	9	0.0006312958893150209	340	0.000526657320278197	37	0.0008967606223945142	81	0.001646067541848339	9	0.001967654809451968	6	0.0012474485791532646	9	0.000640697796416988	340	0.0007473528361178929	37	0.0006292153561236135	81	0.0003891312714744456	9	0.0008739626700547957	6	0.00045695938587985547	9	0.0004285079885769757	340	0.0004405892205654839	37	0.0009104467319222998	81	0.0006146903150429251	9	0.0010234914117891942	6	0.0005374320031569917	9	0.0008942779085502863	340	0.0008049068667090553	37
8370	0.0009571525980371971	81	0.0010330515191629625	9	0.0010488887928334501	6	0.0016531762109664198	9	0.0008898155306962863	339	0.0008905541458969448	38	0.0009411208817945101	81	0.0013253695727818266	9	0.0016046155387879674	6	0.0009952263426241453	9	0.0007064519752632677	339	0.0008068255313456152	38	0.0006103700988549605	81	0.0005269163577469816	9	0.0006236284779336535	6	0.0007672008872840349	9	0.0005077034901172459	339	0.0004296156405355106	38	0.0009737851057290219	81	0.0006281030132139133	9	0.00141817915478383	6	0.0006513717430428479	9	0.0008547416847660039	339	0.0006917883403256455	38
8380	0.0009255896607828888	81	0.0008526736950462999	9	0.0009907803948057965	6	0.0008566683972730213	9	0.0008709197792944634	343	0.0008351477680266325	34	0.0009204327100685193	81	0.0010497482477717936	9	0.0017926098047846082	6	0.0011927990351192329	9	0.0007138547365421342	343	0.000842639584908343	34	0.0006052919775554088	81	0.00045650138044747214	9	0.00044056593602401884	6	0.0004437772341742152	9	0.00045119805007598767	343	0.0005241287449144699	34	0.0010832316561331897	81	0.0008150001078623004	9	0.001192323957016371	6	0.0006650713726651502	9	0.0007982627822793725	343	0.0009054229897604942	34
8390	0.0012556598844903632	81	0.0014360403802565322	9	0.0008382118267656687	6	0.0013753610826613743	9	0.0011629857313862355	344	0.0010874004651226991	33	0.0008638722018221434	81	0.001332189279699512	9	0.0011932595272905074	6	0.001068068930849465	9	0.0006584159551601829	344	0.0006654580938813635	33	0.000662310305425171	81	0.000889876415070231	9	0.000833090733496133	6	0.0006126123122124759	9	0.00045186962407729687	344	0.0005516405814140476	33	0.001581031874362688	81	0.0003369990722714817	9	0.0012983041717968585	6	0.001116569541065644	9	0.0011024388129098383	344	0.0015002099935750263	33
8400	0.0009035296724048194	81	0.0008067485981619905	9	0.0009905615372082276	6	0.000702795846673815	9	0.0007574638490057342	341	0.0007784436300004677	36	0.0007640080513438065	81	0.0012524791808032378	9	0.0013079955257945584	6	0.0010466995110202063	9	0.000680799452067616	341	0.0006673951614424131	36	0.0005432274794490749	81	0.0005562938106236181	9	0.0006900042732847618	6	0.0006089898957238098	9	0.0004868278976759588	341	0.00048810437265824926	36	0.0007456325574093538	81	0.0005657840383899084	9	0.0010474926169341172	6	0.001334266209855156	9	0.0008506534147648392	341	0.0008102486078719342	36
8410	0.0007649153080810547	81	0.0007412495774085435	9	0.0012032698700166202	6	0.000659343634903633	9	0.0006534916237188861	343	0.0005798290205911078	34	0.000819390144999554	81	0.0013228008713870754	9	0.0009636141462465619	6	0.0008933913306925666	9	0.0005976415973120379	343	0.0006683977493797694	34	0.0006655124887292583	81	0.0003188652225854401	9	0.0006980171636316042	6	0.0005040170392282152	9	0.0004614676481498145	343	0.0005301632498663551	34	0.0007285112772340681	81	0.0005679165815158597	9	0.0013588390176936412	6	0.001119824186428641	9	0.0007860427662001575	343	0.0007893135396620823	34
8420	0.0008221260377972294	81	0.0006665986403521589	9	0.001361942817371413	6	0.0008403101074706793	9	0.0007142015826750932	340	0.0010496697468059468	37	0.0009031407915348349	81	0.0010577726010299133	9	0.0014566813555529766	6	0.0010977287490752195	9	0.0006516485428449395	340	0.0005929800219091837	37	0.0006706595091134437	81	0.0005559192645468446	9	0.000908486913778806	6	0.0007298939869149232	9	0.0005909656180086945	340	0.00048154005464884445	37	0.0010242705872491214	81	0.0005925129207969592	9	0.001055668924625399	6	0.0006628184208983303	9	0.0009106982967443841	340	0.001263218949181735	37
8430	0.0009957082146321208	81	0.0014277913334925652	9	0.001074718932504102	6	0.0011866319540895624	9	0.0011495968420172482	345	0.001213787772485988	32	0.0009711279050438137	81	0.0012980480443739967	9	0.0012693262460929478	6	0.0010246224094589012	9	0.0007633025343131951	345	0.0009300856516937441	32	0.0005451884224691092	81	0.0005548198931631336	9	0.0005042355036864165	6	0.0004322837440037122	9	0.0004707769477209346	345	0.0006389839566500002	32	0.0009557848227340318	81	0.0006265179683158916	9	0.0013566502878476058	6	0.000985750098580772	9	0.0008929306121393323	345	0.0011983384565425169	32
8440	0.0008493935235345464	81	0.0010378862758786552	9	0.0005335581948289395	6	0.0009568973610397234	9	0.000807358804723883	335	0.0007671187274068775	42	0.0009808687755028373	81	0.0012637878702747476	9	0.0016327837301187368	6	0.0012259923307371362	9	0.0007952971191788284	335	0.0006326081324495639	42	0.0008884155588929526	81	0.0010399870355600157	9	0.0005393251137823348	6	0.0007885210419679944	9	0.0007033811981176365	335	0.0006771997856253921	42	0.001178070356426722	81	0.0002734513144717441	9	0.001990956354626889	6	0.0013538653480920048	9	0.0011769405589741428	335	0.0008724159668755532	42
8450	0.0006762953054744686	81	0.0009702503263041225	9	0.0007994246790960618	6	0.0007672531932107666	9	0.0007191589028924193	341	0.0006755515766102971	36	0.0006437356526308063	81	0.0008256560496183184	9	0.0014053577452889949	6	0.0008508601845621431	9	0.0006325645593528647	341	0.0006383965398407827	36	0.000640431999559319	81	0.00036659394060466536	9	0.0005255649688475425	6	0.0004641605421428796	9	0.0004591026038832802	341	0.0005961959130987847	36	0.0010044899146246663	81	0.0009399168076179254	9	0.0010324454163748967	6	0.0007891332443294035	9	0.000950256976866706	341	0.0005118655470130894	36
8460	0.0008833202957260017	81	0.0012976647465521968	9	0.0010273575128100702	6	0.0010010638456529515	9	0.0008557178845016607	338	0.0008216121617756305	39	0.0008094128299826074	81	0.0014369263088966685	9	0.0015609099490646418	6	0.0013132041814460055	9	0.0006763704751252128	338	0.0007807206538497821	39	0.0006084195670745694	81	0.0007731735823713656	9	0.000708531008399591	6	0.0006917090711376013	9	0.0004207423545866092	338	0.0006558862164037334	39	0.0006245655013877087	81	0.0007124532549730929	9	0.0003573767101204248	6	0.0005480771091143104	9	0.0008088255075649352	338	0.0006423175243040272	39
8470	0.0008633471927950578	81	0.0008580670863478672	9	0.0010673053346858348	6	0.001164525027987198	9	0.0008809125017118659	340	0.0008097280374217985	37	0.0010120194605501157	81	0.001470030813365221	9	0.0016491676510526243	6	0.0009800905957527077	9	0.0006110096950941969	340	0.0006157162514289181	37	0.0005095802814264168	81	0.0004538460938134498	9	0.0007537332785355279	6	0.0005692920883176825	9	0.00040449745293129693	340	0.00044163851856329186	37	0.0014255714018266718	81	0.0011155263089691093	9	0.001552402245742012	6	0.0008666058816767761	9	0.0011507317226397535	340	0.0011252138601786543	37
8480	0.0009093183610470413	81	0.0010231253920483254	9	0.0009141863949883976	6	0.0009347631157023456	9	0.0008804646854746586	339	0.0009702344128473904	38	0.0008909549205855946	81	0.001248172490175911	9	0.001647496856458979	6	0.0009254077453405748	9	0.0007021634438850414	339	0.0009494159907660317	38	0.0005726584203810975	81	0.000406413234712993	9	0.0007160169171059492	6	0.00044273636032151	9	0.00048061118013682655	339	0.0005044309788952246	38	0.0008366870341015862	81	0.0002569354286364281	9	0.0007234619209749964	6	0.0006830900502557915	9	0.0009508249523162472	339	0.0009405271370370431	38
8490	0.0008236493139663286	81	0.0016303955717336708	9	0.0010910981626453353	6	0.0018844278157538255	9	0.0008242579608657331	335	0.0007585531423300886	42	0.0009762585543528994	81	0.0013148352485462527	9	0.0014887085059785861	6	0.0011121273726165664	9	0.0008707926628050432	335	0.0008001829097023081	42	0.0005311657110797257	81	0.0003722109032237198	9	0.0005593374494993259	6	0.0005976202861048854	9	0.0004483936401200187	335	0.00038410298832336205	42	0.0008684133387186068	81	0.0006518510391178108	9	0.000771774386512816	6	0.0010731941313614807	9	0.0008767582411270141	335	0.0008138936027559912	42
8500	0.0008974402543199838	81	0.0010085131582884908	9	0.001247380666946659	6	0.0010639811214572265	9	0.0009031107920246992	340	0.0008921170835233108	37	0.000838197403916662	81	0.001055378844907772	9	0.0016411879941013125	6	0.001048519898597889	9	0.0007365023908294986	340	0.0007719059373542832	37	0.0006074601797488314	81	0.0009105827244847414	9	0.0008421689517352577	6	0.0006947940477195391	9	0.0005135816131008176	340	0.0005615512399960369	37	0.0008908858079732592	81	0.00026614068560743145	9	0.000884109739675174	6	0.0012156237152220937	9	0.0008955100868280411	340	0.0011908882500921154	37
8510	0.0008033317599598845	81	0.0009592599304601638	9	0.0012532587801548783	6	0.0017555669721134835	9	0.0008247919177838218	335	0.0009667320102722406	42	0.0007903139309334455	81	0.001045704412310224	9	0.0012324107230677528	6	0.0016046930741295097	9	0.0008514913847144567	335	0.0009747421996097312	42	0.0005815955205060664	81	0.0004944495255134398	9	0.0009700816758192863	6	0.000619245977951581	9	0.0004185470880595365	335	0.0005249230385484582	42	0.000676708561806971	81	0.0005139467327528191	9	0.0004132840111623286	6	0.0016641368372349063	9	0.0008951239541358289	335	0.0011041167582553175	42
8520	0.0007238179192514551	81	0.0005185403540852126	9	0.000938198240469639	6	0.0008137011135385333	9	0.0006654550361284734	340	0.000698738106543317	37	0.0009549082576711107	81	0.0008260662595947996	9	0.0012102101373575472	6	0.0012604847288126572	9	0.0006394736252028158	340	0.0008131146186670092	37	0.0006758472285851191	81	0.0006884782004880929	9	0.0016995257265862932	6	0.0007214491276122873	9	0.00052627585295097	340	0.0004178215811353591	37	0.0009096566238881693	81	0.0008733048740299247	9	0.0013974596040090845	6	0.0006352628125608135	9	0.0011495252701144223	340	0.0009728181435832259	37
8530	0.0009734356111653155	81	0.0015651007929051964	9	0.001516660884751161	6	0.0009630969179005065	9	0.0009060433435443656	348	0.0008194537268997651	29	0.0006360304371296123	81	0.0009464419102528181	9	0.001292480122238404	6	0.0011106267619305497	9	0.0005631812297992979	348	0.0004918690814622518	29	0.0005799421753235236	81	0.0006043490257341456	9	0.0007322938508542153	6	0.0005447051118713633	9	0.0004886167421741755	348	0.0003917679432975084	29	0.0008208130377172416	81	0.0003591840537416612	9	0.0007981688293350569	6	0.0010341982332061118	9	0.0007942029807767307	348	0.00093192743707473	29
8540	0.0011223000355948928	81	0.001118189219011368	9	0.0008546544069490922	6	0.0008656447237665606	9	0.000782445764812516	341	0.0012567278236135682	36	0.0008693225090545206	81	0.0010448743397522425	9	0.0012903509817643476	6	0.0011525275294764412	9	0.0007608857710582429	341	0.0008183741129352181	36	0.0005558752301869058	81	0.00033759555217512387	9	0.00046995434578891776	6	0.0003161533668420672	9	0.0004674811841006023	341	0.0004366376965827056	36	0.0008293643205747291	81	0.0006247791095858763	9	0.0008532463428605418	6	0.0011648783016943677	9	0.0007940272636187808	341	0.0008311756702271008	36
8550	0.0008451651981714562	81	0.0007363979997390127	9	0.000929977361655115	6	0.0006964852764513132	9	0.0008047685436966137	336	0.000688767289441581	41	0.0009470460500418903	81	0.0012577772774305775	9	0.0010983866987223196	6	0.0009951110602805385	9	0.0007064846309331066	336	0.0008740025520630862	41	0.0005806968259181178	81	0.000560087189246926	9	0.0005741679306114421	6	0.0006024574242544344	9	0.0004756922026918774	336	0.0004553967169382939	41	0.0009784175864917994	81	0.0005653550581271188	9	0.000903572854275924	6	0.0008033979685953373	9	0.0007862870204494316	336	0.0008224076997263002	41
8560	0.0007987611139490881	81	0.0007532130119191887	9	0.0012647166819411077	6	0.0011734385538308767	9	0.0008537617515515291	334	0.0009297578359203228	43	0.0008272381197316382	81	0.0016432615567237724	9	0.002166702771242862	6	0.0011546170268732616	9	0.0006871617438597667	334	0.0005654486880267175	43	0.0004918097530463341	81	0.00037784093193107875	9	0.0005978837199068592	6	0.00040006475430797095	9	0.0004552292927219328	334	0.00044373310314501876	43	0.0008751550603959886	81	0.0002915519900677018	9	0.0011650815501696027	6	0.0007421883767934383	9	0.0011832629599862476	334	0.0016761285692198581	43
8570	0.0007647826572751991	81	0.0009545836686265985	9	0.0008485932410642835	6	0.0008047590668995632	9	0.0008109811916508677	341	0.000880053698798171	36	0.0007048931264515802	81	0.0009796165068940536	9	0.0013353562448967045	6	0.0009860853306652261	9	0.0005802500870877749	341	0.0005883013463006432	36	0.0005299477586148358	81	0.00042261784035529617	9	0.00037094480358565424	6	0.0007243340114905467	9	0.0003889858534940129	341	0.0005487549733668454	36	0.0009593277115225566	81	0.000806214097108429	9	0.0021477715443344995	6	0.0008375469994638102	9	0.001017648661664518	341	0.00043765432869253434	36
8580	0.0008860392452257608	81	0.0010289239292721785	9	0.0008492657334448437	6	0.0009314925351796911	9	0.0008037489899357624	340	0.0007470990586767683	37	0.0008981714632495837	81	0.001127973483396811	9	0.0014193600343987889	6	0.0011987945407714346	9	0.0006565686816860252	340	0.0006628355173925317	37	0.0005682445868357617	81	0.00048798155979516537	9	0.0006926151669075451	6	0.0006020286977040475	9	0.0004844451629990884	340	0.00048612406826773527	37	0.0012188007338838761	81	0.0006803808205067531	9	0.0018825196165429025	6	0.0006869973432949106	9	0.0011586419833090284	340	0.0013669455337202525	37
8590	0.0010815053561301028	81	0.0009743863722102643	9	0.0008782542651500553	6	0.0016722264264692728	9	0.0007029310260891504	345	0.0008927825869441309	32	0.0007171992819774845	81	0.0010416059311352311	9	0.0016395310036175015	6	0.0009502721316339798	9	0.0005571232155698189	345	0.0005956800381898657	32	0.0006590311459769025	81	0.0004649840794503509	9	0.0005582900017140046	6	0.001005664770448334	9	0.0004623383884246002	345	0.00040345707455783416	32	0.0010308615234945297	81	0.0018575945633780447	9	0.0015278565970674193	6	0.0008199309924173407	9	0.0010648191990861445	345	0.0013039177565899855	32
8600	0.001153026964198502	81	0.0013039559819380622	9	0.000666996119299801	6	0.0010408134158770156	9	0.0010301363573135209	345	0.0011987906630777441	32	0.000908683094077137	81	0.0012371761128916964	9	0.002015146078877268	6	0.0010002379015335962	9	0.0007020322780414939	345	0.0007684111944999178	32	0.0007126758242442017	81	0.0007558251809905996	9	0.0007033720298097662	6	0.0005543465768428497	9	0.0004981379018569355	345	0.0005541435355327555	32	0.0011739719925348015	81	0.0006375644296287447	9	0.0014174286174682457	6	0.0012588837200963677	9	0.001111426353017458	345	0.0012915037760938785	32
8610	0.001003509276386697	81	0.0012498225769024011	9	0.0011266001317276886	6	0.0007431407893217531	9	0.0009702677583115007	336	0.001009499398284382	41	0.0007901270353013812	81	0.0010701440871940307	9	0.001765787956738145	6	0.0010814685411741072	9	0.0006430277011278182	336	0.0007028623240229927	41	0.000778245516307379	81	0.0007340914132507959	9	0.0008210673528242494	6	0.0006427165235236877	9	0.0004968163729602845	336	0.00032471147514251945	41	0.0009024154489466719	81	0.0004631253825832209	9	0.0017638111836352432	6	0.0010520598122302192	9	0.0008917729825232559	336	0.0008893026588630903	41
8620	0.0009539442228563474	81	0.001030176382858397	9	0.0009272087571939527	6	0.0012106208596077911	9	0.0009348707653384173	342	0.000959301702332131	35	0.0008709875338656397	81	0.0009425385973965241	9	0.0015618875591048196	6	0.0012284781587090323	9	0.0006221793147875087	342	0.000573000554638751	35	0.0007633628138344171	81	0.000505656076211577	9	0.0005238206257012785	6	0.0004399902609207221	9	0.0004259301235746902	342	0.0003586627759128984	35	0.0012630116974428124	81	0.00024373672769652837	9	0.0014542892354234378	6	0.0004999518065682378	9	0.0018696752335799491	342	0.0011735894397365309	35
8630	0.0009560511428822285	81	0.0009359207655896153	9	0.0007428971448995769	6	0.0009087464154101921	9	0.0008273340292180465	343	0.0008079542088972501	34	0.0006930672261123298	81	0.0010302819990045597	9	0.0016367700347569066	6	0.0010337910219673956	9	0.000706575280538129	343	0.0006414862152882946	34	0.0005176180459182981	81	0.0004722521683141239	9	0.0005805467050545757	6	0.0005530680026963456	9	0.0003779807452118344	343	0.0004362378337364273	34	0.0008449482768716558	81	0.0003055773685670844	9	0.0008606531520035525	6	0.000828040065364577	9	0.0008195581613101594	343	0.0007919569614894736	34
8640	0.0008222190577557094	81	0.0012034558519684708	9	0.0011173322644403105	6	0.0006287386002533196	9	0.0008396038636731566	337	0.0007155133695724007	40	0.0008399760163365839	81	0.0010625683136223237	9	0.0013006663970990546	6	0.0011320348990833612	9	0.0007203984366708818	337	0.0007371401121532558	40	0.000586558791044773	81	0.0005883852488576897	9	0.00046392123340690373	6	0.00046097534087746576	9	0.0003894351712150823	337	0.0004944481548533621	40	0.0011806692594377953	81	0.0010551995953798899	9	0.0016448039276139312	6	0.0010439060951221424	9	0.0011067515720681674	337	0.0010063189886594774	40
8650	0.0009206839411768263	81	0.001515180895183643	9	0.001843501489175881	6	0.0021961730734476673	9	0.0009130394884343947	333	0.0010235494794550372	44	0.0008163285074382164	81	0.0010896094672233968	9	0.0014172231592141347	6	0.0014175769085978123	9	0.0007295697338936355	333	0.0006966360433866665	44	0.0007295747131368594	81	0.000679332320717855	9	0.000589004163247399	6	0.0005995678072641171	9	0.0005042914527069282	333	0.0005323572698824646	44	0.0008548233213352659	81	0.00043429218943393796	9	0.0008971224431446739	6	0.0007235479241308258	9	0.0012803687240857656	333	0.0018776618529731377	44
8660	0.0007657333388746451	81	0.0009618931517628923	9	0.001045807993767896	6	0.0012146762834670036	9	0.0007246367363405179	337	0.0009081145956612117	40	0.0008289538611742064	81	0.0014398128574627503	9	0.0013838699173810325	6	0.0012701662988240945	9	0.0007291764610466031	337	0.0007140011683936787	40	0.0005712462055247158	81	0.000593996930079699	9	0.0008619987333603574	6	0.00047623927803361544	9	0.0004490026116263833	337	0.0005933715871652924	40	0.0010681772068096601	81	0.0018790960493264032	9	0.0013734166645305527	6	0.0006640425618252403	9	0.0010660728184573535	337	0.001054925733943221	40
8670	0.0009475303229706424	81	0.0012612161092781663	9	0.001087948511697998	6	0.0012604254853821582	9	0.0009626432650569577	342	0.0007826933814138382	35	0.000914328386957093	81	0.0010126084066985246	9	0.0015976007406711776	6	0.001032749408733648	9	0.0007559603551988262	342	0.00072228899421095	35	0.0006692067204695137	81	0.0005415417612560378	9	0.0008907979095870423	6	0.000435689806749754	9	0.0004274594857570429	342	0.00047270866050390094	35	0.0010273283994755075	81	0.0005018430956952494	9	0.0007965314810692597	6	0.0003481258414831701	9	0.0009330692630608877	342	0.0013451188558761056	35
8680	0.0009387044984176795	81	0.001434864872723551	9	0.001226041717071525	6	0.0009824848915832424	9	0.0008911381932633003	347	0.0008496582007440038	30	0.00078195764582977	81	0.0009159176722299976	9	0.001837038874880178	6	0.0011930241696856145	9	0.0006197939956650984	347	0.0009445118693192969	30	0.0006663229044935251	81	0.0005848616752162398	9	0.0005003041796952823	6	0.0005957562804608002	9	0.0004422924430982398	347	0.00047201860641362173	30	0.0007767959716357368	81	0.0007388067226111811	9	0.0011280518079269267	6	0.0008647145614303958	9	0.0007731134537438453	347	0.0006997237026182695	30
8690	0.0008626576303524689	81	0.0008285689076904471	9	0.0013440307610961988	6	0.0010507963373749334	9	0.0007980737506465956	340	0.0008756001568488329	37	0.0009369048349580231	81	0.001016867232420308	9	0.001738965004436226	6	0.000899211899405411	9	0.0007044622049327898	340	0.0006492809264300659	37	0.0005648483750944368	81	0.0005027688504053968	9	0.0006041674201335947	6	0.0004152803832046467	9	0.0004398922523484066	340	0.0004271518481715042	37	0.0014632525192847868	81	0.00045102923040301907	9	0.0009562654896923172	6	0.0010312234870398147	9	0.0012587371736273811	340	0.0012023354236224645	37
8700	0.0008145692282032859	81	0.000824636147055844	9	0.000754931228564031	6	0.0014060516534936532	9	0.0007404903858858786	348	0.0007627742210428051	29	0.0008442001981906826	81	0.0010305308029548996	9	0.0012808697630743722	6	0.0009944021151805206	9	0.0007081702369988388	348	0.0007327490455463716	29	0.0006991015045129232	81	0.0006161702256859093	9	0.0006585098143231429	6	0.0006321898174920881	9	0.00045013967712861675	348	0.0006829223964810783	29	0.0008526635089136474	81	0.0008461483052599239	9	0.0011453545915155662	6	0.0008603008014085218	9	0.0008425377849986452	348	0.0009403853497867782	29
8710	0.000814144190705442	81	0.0010001123370653672	9	0.0007809370215483583	6	0.0011726524448285904	9	0.0009051956041136821	342	0.0010626740598847354	35	0.0008835066694507014	81	0.0017494910239347254	9	0.001551799189355004	6	0.0012150442613054662	9	0.0007259460262389819	342	0.0006436734757012449	35	0.0007056911757973762	81	0.0008361091246308408	9	0.0007703494897534483	6	0.001069054259324416	9	0.00046827245411756266	342	0.0004357250249520214	35	0.0007470612600620067	81	0.0007624019526117321	9	0.000658083446914429	6	0.0007446627910256123	9	0.0006930925541185107	342	0.0006721722708360103	35
8720	0.000902621160026188	81	0.000677679991145051	9	0.0005946144211803466	6	0.0010478683064143045	9	0.0008270282354919025	334	0.0010341792881538943	43	0.0008620425439003983	81	0.0013992954718768697	9	0.0012692845711654514	6	0.0013490617672635222	9	0.0006510311411268503	334	0.0007596338988076176	43	0.0008990135086750263	81	0.0011549759359599748	9	0.0007119924986359467	6	0.000495750776943248	9	0.0004744802754024639	334	0.00041084819406918683	43	0.0009399981565713536	81	0.000931543397596503	9	0.0009427833358086687	6	0.0009409391272196351	9	0.0009393519532902818	334	0.0009375487076512831	43
8730	0.000981964517943008	81	0.0009300318799899847	9	0.001229795306051864	6	0.0012062203743304798	9	0.0009046750674532376	339	0.0013682383771158823	38	0.0008738794840620396	81	0.0012892469411225557	9	0.0016071012587413577	6	0.0011397007415290604	9	0.0006543445054748659	339	0.0006747401793399478	38	0.0006934394697439718	81	0.00032083534929869685	9	0.0010106378104288518	6	0.00044627356592744874	9	0.0004547563277880451	339	0.00036295650882027	38	0.0013112603052462717	81	0.000851609497699597	9	0.0014892252127974076	6	0.0010478310824983553	9	0.0010275290542648514	339	0.0008214153510978838	38
8740	0.0006955258287315555	81	0.0010729173052788313	9	0.0009316140698307839	6	0.0010508530650360187	9	0.0007724595792677394	344	0.0004977619727718636	33	0.0009406515177469175	81	0.0009374483538833787	9	0.0015779331082262944	6	0.0012397553353104144	9	0.0006431267334895055	344	0.0006945398329981138	33	0.0005368364601593011	81	0.0006324649634645587	9	0.0007440227290940824	6	0.0006823848222526703	9	0.0005231580219374909	344	0.0003383677486582055	33	0.0009454949634193349	81	0.0008966539864888405	9	0.0008180503415777949	6	0.0009783350336161501	9	0.0007808915699154197	344	0.0008229947190531668	33
8750	0.0007870614322269941	81	0.0012230715261015415	9	0.0009579497849255382	6	0.0010726939382625098	9	0.0007825353839049404	340	0.0007988375106063556	37	0.0007513748164196592	81	0.0009731623596821934	9	0.001690999751040455	6	0.001116424536191222	9	0.0006402849794111753	340	0.0006586840913888189	37	0.0006224131097997943	81	0.0007090730119300752	9	0.0005152894567059546	6	0.0005657825233633013	9	0.00041108088541302174	340	0.0003554527609408909	37	0.0011606460847587683	81	0.0011441772189315397	9	0.0024704888256570274	6	0.0010879999255658432	9	0.001248947564680421	340	0.0013245684522409987	37
8760	0.0009403100291099913	81	0.0010521236841596338	9	0.0009871785526840329	6	0.0006752009380074411	9	0.0009314144630904113	340	0.0009069854496331479	37	0.0008298153147489979	81	0.0010344385548670739	9	0.0015607052548025958	6	0.0008916290546763609	9	0.0006068195550876012	340	0.0007361361495348579	37	0.0006615994248562332	81	0.0005272852776382167	9	0.000669279787057896	6	0.0005385377837392779	9	0.0004282770404343468	340	0.0004488589613233369	37	0.0009204181911223558	81	0.0007774686681868452	9	0.0016815748165158997	6	0.0007187860515841165	9	0.0010552254964463783	340	0.0008563573570568041	37
8770	0.0008048196331959655	81	0.000902686202162442	9	0.0010363336062085336	6	0.0007783738807713959	9	0.0008008606879566182	340	0.0008289115154009122	37	0.0009420051499213734	81	0.0011171535192022173	9	0.0013141725354020306	6	0.0008942739528753728	9	0.0007318457977810788	340	0.0007556002151846429	37	0.0005069827797353289	81	0.00048350074136950847	9	0.0005636293717912461	6	0.0005938144864203504	9	0.00044375771891811165	340	0.0004043951490737661	37	0.0008441911554728832	81	0.0010731016268376056	9	0.001275139419433006	6	0.0005717542698253004	9	0.0008261786872836718	340	0.0009568440360401546	37
8780	0.0007723265233188191	81	0.0007923567284645661	9	0.0009378845061647339	6	0.000757188863310906	9	0.0008252332947813839	344	0.0007211483213860254	33	0.0007814270399886805	81	0.0010461330906261725	9	0.0013691135454139824	6	0.0011371447551271723	9	0.0006974474939253327	344	0.0007791969523868669	33	0.00047894361387626103	81	0.0005148815595789435	9	0.0004550093131058309	6	0.0005651089522396384	9	0.00041366894154689396	344	0.0004600572023402809	33	0.0010582481485060242	81	0.0007145088913330454	9	0.0006468482820854568	6	0.0008643137582362982	9	0.001046186619359218	344	0.001017390356481457	33
8790	0.0008293052281406831	81	0.0008971064520945344	9	0.0008123681892973841	6	0.0010524847068657131	9	0.0009090086946144204	344	0.0009539911376392769	33	0.0010431024572162145	81	0.0011178307242812994	9	0.001298437983611369	6	0.0012090411741882531	9	0.0007713630082823167	344	0.0008250865631114412	33	0.0006253526127306127	81	0.00047848063174130287	9	0.0007164450604095184	6	0.0006227084306911525	9	0.0004297875808403396	344	0.0005308099658177749	33	0.0010760857307265015	81	0.0008134428638101004	9	0.001010031260043586	6	0.0008448147384962862	9	0.0010803264518771906	344	0.0012304636349940894	33
8800	0.000981445822942186	81	0.0011596979046446874	9	0.0016955593614159277	6	0.0012737247130945716	9	0.0010450074833604271	340	0.0009221548751059387	37	0.001126811055322309	81	0.001320214540496364	9	0.0013581322706753298	6	0.0011100359530799603	9	0.0007540987334592581	340	0.0009125883364966433	37	0.0006060834692665321	81	0.0007734712963044419	9	0.0008079402163777462	6	0.0006468548161633132	9	0.0005322069942960453	340	0.0006146545062425388	37	0.001570030775616297	81	0.0008879424954079993	9	0.001656568767795551	6	0.0010998980857785008	9	0.0013533234678295713	340	0.002067196378672392	37
8810	0.0009489971069414902	81	0.0011532692343611576	9	0.0007969517618982195	6	0.0007010313591425424	9	0.0008881432618172718	344	0.0007959000171074094	33	0.0008858833158015251	81	0.001296057753775689	9	0.0021683722532025124	6	0.0008726992636130987	9	0.0006773251528414724	344	0.0006283992760150559	33	0.0005941158172454464	81	0.0005753985130921337	9	0.0010263025960773504	6	0.0005096792252512511	9	0.000488789188837796	344	0.000500816995279722	33	0.0010215664091408163	81	0.0006226861442683348	9	0.0016162555936593108	6	0.0008766748022100324	9	0.0010030166717510146	344	0.0011875689816355755	33
8820	0.0008027805192043125	81	0.0013101960650301909	9	0.0012230492493585472	6	0.0010511405557306489	9	0.0008195905296813764	333	0.0007630468060802067	44	0.000847585297521495	81	0.001392143004216616	9	0.0018172002502340598	6	0.001015373443622758	9	0.0007790897478881286	333	0.000870104174460994	44	0.000523480905638763	81	0.000538798608546939	9	0.00047746426801437174	6	0.0005906879361251192	9	0.0004747480446006774	333	0.00042788320344198553	44	0.0007250535691933884	81	0.0013743294406055398	9	0.0008087423957134068	6	0.0010686145674800392	9	0.0006962849077981113	333	0.0008557731049258651	44
8830	0.0009887212940252513	81	0.002024965698961905	9	0.0010013845785268674	6	0.0010747658374341625	9	0.0008965073175150388	338	0.0010369796544855824	39	0.0006873118582561903	81	0.0011970340327662578	9	0.0015761530378615872	6	0.0007079520643789094	9	0.0006177110268096134	338	0.0006736955595423961	39	0.00045345437176371383	81	0.00046915906709717674	9	0.0006256025323949859	6	0.0005232592999325817	9	0.0004267808621136747	338	0.0004769539890427664	39	0.0007294507378002813	81	0.0002788695582079864	9	0.0014810432490730606	6	0.0012601929276283893	9	0.0009100457657326588	338	0.0006793038337196589	39
8840	0.0009218567476217028	81	0.0014806094441016742	9	0.0010147393231055826	6	0.0012481445598585832	9	0.0009250169883454556	340	0.0009461662097143396	37	0.0008416417104809825	81	0.0010784022010304848	9	0.0011801709250687908	6	0.0009109543889018799	9	0.0007193474753139193	340	0.0007373231931594635	37	0.0007818359229090293	81	0.0007295824591789747	9	0.0008920451558342128	6	0.000567102786286822	9	0.0006456521793603914	340	0.0005314604615266276	37	0.0010643249135344978	81	0.001049207949190424	9	0.0009774272977944812	6	0.0009137611663577892	9	0.001051718905964933	340	0.000994020604589949	37
8850	0.0008839828873068315	80	0.0011284883265253076	9	0.0008762416560808353	6	0.0013471493940179582	9	0.00084285471445446	341	0.001058735544673419	37	0.0007606083300523304	80	0.0009812532333551048	9	0.0012358428924220234	6	0.0009764728204867457	9	0.000698372013340476	341	0.0007047570254058899	37	0.00046916866367604755	80	0.000666861176868198	9	0.0006668529503238555	6	0.0004776014736002498	9	0.00042103952934315205	341	0.00040134847783050514	37	0.0008593238049435282	80	0.0007098249999949105	9	0.0007486101486739611	6	0.0007618632098964775	9	0.000947595279883411	341	0.0008293867489161168	37
8860	0.0007555121278516609	81	0.000922660138498579	9	0.0016114714830556655	6	0.0009317064726047581	9	0.0007782177802947416	340	0.0008964114271070406	37	0.0008837799896863527	81	0.001443322233448404	9	0.0017862478095392554	6	0.0011614190096696608	9	0.0007887770511389527	340	0.0005494623907427453	37	0.0006549470062884389	81	0.0005249787706312872	9	0.00037326699153139407	6	0.0005596174118282438	9	0.00045905558141744987	340	0.00047738489275613505	37	0.001184870234845697	81	0.0012207709002017074	9	0.0008303179809836788	6	0.001041885981603032	9	0.0010449867887316149	340	0.000935476483775601	37
8870	0.0008141225523943589	81	0.0006833685492712122	9	0.001004980728726022	6	0.0010060621324284632	9	0.0007044201092374632	335	0.0006949972336125229	42	0.0009715940639193686	81	0.0011216529816929068	9	0.0013857514586528687	6	0.0011647556419569795	9	0.0008047263941371454	335	0.0009347459969474681	42	0.0007010534749294714	81	0.0004424969566916227	9	0.0007850020374233794	6	0.000707964322400883	9	0.0005380835997002332	335	0.0004661753723250392	42	0.0009145730057102418	81	0.0006930536012183256	9	0.0009477491670644989	6	0.0004911055551508431	9	0.0008460289425900889	335	0.0008660523158290565	42
8880	0.0007380869899945796	81	0.0009278936473633448	9	0.0008583774245194583	6	0.0013428264510276812	9	0.0006961764351412417	340	0.0006928585827135452	37	0.0008121527410325477	81	0.0010729943356560425	9	0.001206412680398202	6	0.0008669251427023008	9	0.0007109967613187534	340	0.0008418818613315971	37	0.0006609682682403796	81	0.0006291334080414966	9	0.00036021083367720596	6	0.0005660753292872629	9	0.00044571129830022605	340	0.0005595066775529697	37	0.0007410791821713716	81	0.000623475928025766	9	0.0005248243104923437	6	0.0006440633750022774	9	0.0007993616984958939	340	0.0012362157151776017	37
8890	0.0008628508070114125	81	0.0011810923694599666	9	0.0007985837867037282	6	0.0012849147908422635	9	0.0008426440049828053	338	0.0010339460674166766	39	0.0008976955047318512	81	0.000978817294063974	9	0.0010548810498847323	6	0.0008701330255618873	9	0.0007389107228702129	338	0.001052294629649397	39	0.0006365457123959336	81	0.0004792281481640576	9	0.0005871103726005395	6	0.0006263310802517183	9	0.00045656056865911275	338	0.0005806905365238933	39	0.0009103144869913713	81	0.0005061142334159607	9	0.0005946468192194466	6	0.0012577736508492037	9	0.0008764428620725967	338	0.0010561509597280091	39
8900	0.000906769659635172	81	0.001284294246334587	9	0.0013163421411662435	6	0.0009742383727773246	9	0.0009506745332180087	334	0.000870886051088318	43	0.000787139032316042	81	0.0014875242838280076	9	0.001643619651262711	6	0.0010166290645794694	9	0.0006833848030576816	334	0.0006083371771436568	43	0.0005399500512122923	81	0.00045947124938534954	9	0.0006091943604521615	6	0.0005048800104075491	9	0.0003641788403608295	334	0.0005508343347398334	43	0.0006296972094504533	81	0.0008224961627880407	9	0.00043810148427426396	6	0.0009285496231323376	9	0.0008566866991785175	334	0.0009967680242933866	43
8910	0.0009079375162612505	81	0.0010718833599724848	9	0.00096877080718197	6	0.0007224446788656176	9	0.0008535604592825612	341	0.0009381580581276619	36	0.001156803814906502	81	0.001081277934415989	9	0.0018879464098338662	6	0.0012413997943558344	9	0.0006640477389570287	341	0.0006386252939810759	36	0.0007108929868877267	81	0.0007060005116237702	9	0.0006110139420596224	6	0.0008155763568791102	9	0.00039623234256307724	341	0.0004999130213770966	36	0.0008964959581659609	81	0.0006666960506996021	9	0.0008480054963154296	6	0.0006560426699851171	9	0.0011741849457850577	341	0.001033905495748115	36
8920	0.0008536554051689801	81	0.0007994171099421366	9	0.000990254138653395	6	0.0009261230233951307	9	0.0008409484152989713	345	0.0008667635751054714	32	0.0007460544326357968	81	0.0011774020701644514	9	0.0018075726775730685	6	0.0007797618609689254	9	0.0007071606043639087	345	0.0006827735559790319	32	0.00045727383723789935	81	0.00047700068658313436	9	0.0003789968706847989	6	0.0004799492430595228	9	0.000398046356703478	345	0.0005364658780064336	32	0.0010488568937967902	81	0.0012691923190332004	9	0.0009978517725178595	6	0.0010956165160438851	9	0.0012211011613549624	345	0.0012683440565813722	32
8930	0.0008403233776084512	81	0.0008064228846822996	9	0.0006549421188828413	6	0.0011222567646957627	9	0.0008147298933062494	341	0.0008576774574963133	36	0.000956832861132795	81	0.0012934834631996878	9	0.001023813357718182	6	0.0010135123811870024	9	0.0006796990133666807	341	0.0006580062014503876	36	0.0005327222621186645	81	0.00044540119130243277	9	0.0004363844725970751	6	0.000559310143553352	9	0.000396311783567997	341	0.00035252939438080365	36	0.0005957819558027764	81	0.0005940511790116616	9	0.0008787633565650613	6	0.0005239418826496156	9	0.0006880986644025633	341	0.0009244336677369772	36
8940	0.0008798707961804423	81	0.0008776460153012216	9	0.0008782626879243967	6	0.0008692961637708124	9	0.0008794275888339408	347	0.0008747447899579872	30	0.0008436489487948878	81	0.0012828395943501722	9	0.001969260499421109	6	0.0010628668162939391	9	0.0006712728981417595	347	0.0006852964533385933	30	0.0007309077593592184	81	0.0008632222959024847	9	0.0004031061570469753	6	0.0007269723503945091	9	0.00047261906250105156	347	0.0004503905945996471	30	0.0007597484365784076	81	0.0008761474132304427	9	0.0009607178067905128	6	0.0012598635988994586	9	0.000912201873654677	347	0.0009555173368859547	30
8950	0.0008705821599627456	81	0.0009279715062314181	9	0.0014312873418316965	6	0.0012598465229608597	9	0.0009207970406501804	344	0.0009720512966439361	33	0.0008547024532411187	81	0.0012258832098522713	9	0.0012811171394406778	6	0.0010696454025765816	9	0.0007091178949947025	344	0.0006724177406821109	33	0.0007006751915006882	81	0.00044946499689694716	9	0.0005345737315217968	6	0.0004314489809451906	9	0.0004187917714926477	344	0.00033995468741794077	33	0.0008422301241787245	81	0.0002770669754802524	9	0.0010541777593228063	6	0.0004907056627002302	9	0.000953189054133876	344	0.0016789791153950283	33
8960	0.0008214910391985035	81	0.0014453865939807811	9	0.0009578051474472357	6	0.00074673119926303	9	0.000704579463920326	341	0.0008439863640849713	36	0.0007503444013430489	81	0.0010060890187494453	9	0.0015588887515532752	6	0.001017178104470257	9	0.0007223360496232923	341	0.0006753839831297854	36	0.0007608457332114101	81	0.0005082213286109963	9	0.000923983417210613	6	0.000632955939140255	9	0.0005369513871584505	341	0.0005003611162965734	36	0.0012782723457008852	81	0.0006662908796556563	9	0.0011187067739045124	6	0.0006280838787411829	9	0.0008478662912630889	341	0.001371389674912743	36
8970	0.0008941305303703543	81	0.0007653866592619349	9	0.0009382857508184566	6	0.0009545495224065528	9	0.000879949612600817	334	0.0009038344352978593	43	0.0009497554654843176	81	0.001482543108925206	9	0.0023688184089912783	6	0.0011450165269702361	9	0.0007270719390384823	334	0.000755654511168938	43	0.0006482285145434313	81	0.0005193701320973008	9	0.0007730463926696949	6	0.00042509145562233635	9	0.0005592105650218387	334	0.0006348956317022471	43	0.0009316007125076258	81	0.0009114756358148753	9	0.0011711496685548916	6	0.0007247497515374407	9	0.0009683273935374814	334	0.001751325861707466	43
8980	0.0009235579619705323	81	0.0009107846373053891	9	0.0011864262348044838	6	0.0010748490429104542	9	0.0009206529205090833	336	0.0009709813142600503	41	0.0009319220666960901	81	0.001071397287558337	9	0.0017981812093403953	6	0.0011718803092866546	9	0.0007206637022126225	336	0.0006753867637640434	41	0.0007113794189022238	81	0.0005935718331701255	9	0.0008325048386974074	6	0.001500995080347297	9	0.000537133140557017	336	0.0006208017560791743	41	0.0007882940535326218	81	0.0009058595660073067	9	0.0008333496168741131	6	0.001050689034396316	9	0.0007913786410810153	336	0.000906359983422786	41
8990	0.0009714098551016079	81	0.0010341024143894887	9	0.001018740453635436	6	0.0010111036148161287	9	0.0009767412276272948	340	0.0009935117489873503	37	0.0007602220311121314	81	0.0009538029880983066	9	0.001750339014412809	6	0.0010500764201820552	9	0.0005660384327851777	340	0.000510205750995798	37	0.0005568990968071584	81	0.00065178452889967	9	0.0009133529963976612	6	0.00051326437268177	9	0.00041436949622922117	340	0.0005276148368513933	37	0.0006869016891414883	81	0.0003694557930202088	9	0.0008525255953893219	6	0.0007461818541646708	9	0.0007189345887446748	340	0.0007162697945359227	37
9000	0.0008994817741233705	81	0.001049114168574931	9	0.0009444722009158408	6	0.0008772426262723468	9	0.0008808458381403836	336	0.0010583733944012257	41	0.0008434418715309653	81	0.000813081021140713	9	0.0019860208260417014	6	0.001653628966209172	9	0.0007368545398965445	336	0.0007744775493233922	41	0.0007522506000294847	81	0.0008187025811337847	9	0.0006144155217312337	6	0.0008632715758019106	9	0.0005278822357839787	336	0.00039964338362013244	41	0.0006553402784172557	81	0.0005198992072232142	9	0.0006473322217763147	6	0.0004755256168594496	9	0.000708372274077191	336	0.0010498359229411131	41
9010	0.0009982083691320726	81	0.001619865097763319	9	0.001071276741919978	6	0.0013163905179250145	9	0.0009573476004960233	342	0.0010001110625687986	35	0.0008875737745989475	81	0.001177204484052857	9	0.0018615855930567062	6	0.0010375004420295896	9	0.0006996480843033943	342	0.0007252151775111131	35	0.0006586052100354734	81	0.0006610887611009885	9	0.0007986580921439048	6	0.0009087856374017848	9	0.0005859458200571827	342	0.00057180647629462	35	0.0009869864822869788	81	0.00147535305154925	9	0.0011771116166241517	6	0.0009620084986388834	9	0.0010806334391336347	342	0.0010151213012049058	35
9020	0.0007859553706027541	81	0.001241792202630009	9	0.0009451053551688005	6	0.0008310517281731066	9	0.0007975893828248463	343	0.000948210237184762	34	0.000851037400986945	81	0.001013173282475311	9	0.0017322473917856613	6	0.0011342951990654182	9	0.0007361390270108323	343	0.000782386444871627	34	0.000681788917777416	81	0.0005206916988144678	9	0.001354620343412618	6	0.0005671622507561399	9	0.0005716584876266928	343	0.0005034489270537066	34	0.0010855296818161465	81	0.0011208900595546883	9	0.0006628910774874809	6	0.0003788709652347348	9	0.000999807525391104	343	0.00078911166076272	34
9030	0.0006669987623627259	81	0.000694825837129224	9	0.0006207981644761423	6	0.0007652230776764237	9	0.0006145110897670786	339	0.0006963444975482446	38	0.0008896812428393943	81	0.0013202969090118067	9	0.0016156340786734706	6	0.0013248057415872335	9	0.0007590058163581132	339	0.0006318418717960886	38	0.0005944499192041393	81	0.00038781498185505255	9	0.001007639713369264	6	0.0005921259233627501	9	0.000476809154264389	339	0.000516048726280454	38	0.0010161568817687696	81	0.0010644610826568584	9	0.0005625580632385726	6	0.0007406675835880416	9	0.0015371771760443475	339	0.0022739523056394526	38
9040	0.0009171471525687778	81	0.0008724865334609108	9	0.0010611731430684097	6	0.0008597085811657384	9	0.0008984957585868827	339	0.000861019017472394	38	0.0008393032258265293	81	0.0010113820268670354	9	0.0013655937248963912	6	0.0008702898597665533	9	0.0007378226698550683	339	0.0007692324519703597	38	0.0005907354429278317	81	0.0004190804364156561	9	0.0008171001169253915	6	0.0006341952331342104	9	0.000491648732315839	339	0.0003815005280521469	38	0.0012879155908567532	81	0.0007634225352182722	9	0.0017360300296827263	6	0.0007960990309192253	9	0.0013054871399828096	339	0.0016570528454376105	38
9050	0.0007097183193971574	81	0.0012361099355670158	9	0.0007807454190263217	6	0.001140692541793521	9	0.0007382644518847706	338	0.0008676396386041058	39	0.0008105954162600415	81	0.0010457909974098142	9	0.0014917092470053146	6	0.0009536282214392248	9	0.0005868011440908853	338	0.0006459164936404495	39	0.0005939140269432515	81	0.0005888603470211336	9	0.0004850465988714699	6	0.0005189272810426833	9	0.00039466669013663085	338	0.0002794611910210505	39	0.0006763161289013231	81	0.0004353737754134012	9	0.0007959807283408011	6	0.0011100668455907765	9	0.0007604417018456457	338	0.0005766262056945625	39
9060	0.0008753594632419757	81	0.0009154626093191939	9	0.0006187000243762286	6	0.0008811345611870127	9	0.0008542724707926784	339	0.0008643840897549805	38	0.000944309340058443	81	0.0013511367059104511	9	0.0015776370200193833	6	0.0009743755169495001	9	0.0007787230088029591	339	0.0007751161308386305	38	0.000668084865610346	81	0.0005420755699437838	9	0.0007118436842583542	6	0.00045626098456566424	9	0.0004579337769183153	339	0.00047735220953444313	38	0.0014070462342096186	81	0.001602410363102009	9	0.0010695666166439567	6	0.0005465396601674557	9	0.0014220254312631126	339	0.0010699876362810711	38
9070	0.0009960788192572797	81	0.0013078222691685704	9	0.0013716390867556747	6	0.0010876667993897032	9	0.0009190454728870826	341	0.0012333762433625788	36	0.0009181524005991993	81	0.0012060251076341365	9	0.0012819891868452807	6	0.0012635814505542818	9	0.0007134438282789161	341	0.0009000206586561721	36	0.0006258520315560592	81	0.0004107483382429774	9	0.0006569126157794216	6	0.00041976704152717583	9	0.00044252714312591294	341	0.0004311514661122018	36	0.0009336254463458725	81	0.0016586313478564386	9	0.000942815883315166	6	0.0010367701427273569	9	0.0010518615075319497	341	0.0008595968819559643	36
9080	0.0010469230987631098	81	0.0011906393982597495	9	0.0010807102850926003	6	0.0010910998180149948	9	0.0009814749850114305	343	0.0007580817136861358	34	0.0008108752047469942	81	0.0010835085589150724	9	0.0015163756932393836	6	0.0012589352564668802	9	0.0005973207878209141	343	0.0005837231159045327	34	0.000583732118107049	81	0.00036562119737815375	9	0.0007028641482556311	6	0.000541572838019114	9	0.0004662683319754292	343	0.0003319775098705193	34	0.0007222622769131766	81	0.0006728679575023525	9	0.0014065053047502371	6	0.0005315990137824805	9	0.0009545027580501148	343	0.0007511914186162997	34
9090	0.0009353883114590918	81	0.0007799456066802203	9	0.0009890831703119386	6	0.0013040397595906119	9	0.000796066235131948	332	0.0007747051366953993	45	0.0007592830263741194	81	0.0012911853138662303	9	0.0016215792880941357	6	0.0010419722131044544	9	0.000586325083152191	332	0.000515952570296233	45	0.0005532681076565694	81	0.0007268340233831716	9	0.0004943209927156388	6	0.0006025233535954919	9	0.0004358200508592736	332	0.0003699295093462025	45	0.0011282860360279894	81	0.001630996755323481	9	0.001071463450780091	6	0.0014117273158922169	9	0.0008636849720884169	332	0.0008584419141005981	45
9100	0.0008623543637683537	81	0.0010142209700664633	9	0.0011043088084325913	6	0.0014345518995399773	9	0.0008796224344206631	337	0.0007373423631091764	40	0.0008857430027621342	81	0.0009829052029850444	9	0.00160612446792342	6	0.0010200651764031236	9	0.0007260531725549435	337	0.0007519661887192296	40	0.0005734581246788035	81	0.0004327110403490053	9	0.0005866090058196422	6	0.0006465118523894317	9	0.00046536964843540545	337	0.0005071069103669678	40	0.0018280996216407431	81	0.0007989034019622476	9	0.0019235657849266301	6	0.0005969036270950953	9	0.0012494831850205447	337	0.0012849417818029771	40
9110	0.0009836350696623504	81	0.0008779395017336415	9	0.001005935655124773	6	0.0009614709693625292	9	0.000904470399318336	340	0.000930446093317471	37	0.000762789540932971	81	0.0014684322233610662	9	0.0016325131125372657	6	0.0010563943172476086	9	0.0006944146431638724	340	0.0007905160103413033	37	0.0006899434975080651	81	0.0004965582700419381	9	0.0004276221202496578	6	0.0004929137896226367	9	0.0004778798846607168	340	0.00044470106026972805	37	0.0009789074602329173	81	0.00035807513717607726	9	0.0005155778091822213	6	0.0008443269553021639	9	0.0007976276980649492	340	0.0009609090263095597	37
9120	0.0008699691063010005	81	0.0013848567837536946	9	0.0006412907903320275	6	0.0010187958607115488	9	0.0007325407681662768	342	0.0006720581457494228	35	0.0008995149135718535	81	0.0009804881236037022	9	0.0014520006906619963	6	0.0013351849686215594	9	0.0007932191647365884	342	0.0008815420691930799	35	0.0006089350859440673	81	0.0009450439014833129	9	0.00045667231126516233	6	0.00045711618588537836	9	0.0004290360781727592	342	0.00040131358265714506	35	0.0009638011466570768	81	0.00020804130226924662	9	0.0006874871681607373	6	0.001319548078059761	9	0.0010175352414094872	342	0.0008113568386799512	35
9130	0.0009334524797497578	81	0.0015348337681675948	9	0.001409404751857595	6	0.001340804023363455	9	0.0008773396439080849	340	0.0008519854690190382	37	0.000764002940624686	81	0.0009923950836262	9	0.001161538283414543	6	0.0015931101737639863	9	0.0007248077341836333	340	0.0006298556667022583	37	0.000766900878421294	81	0.00037904960649450323	9	0.0008601378510783741	6	0.0007290485257507724	9	0.0005256748468773503	340	0.0005391621403169354	37	0.0008861512284533322	81	0.0010161486432752793	9	0.0013479269480243144	6	0.0005031289102054984	9	0.0009002846661408164	340	0.0013616804667329631	37
9140	0.0008752887223987937	81	0.0011114245211727351	9	0.0009272019951013437	6	0.0013546578344131904	9	0.0009583534034187935	340	0.0011577194443175196	37	0.0009592329907487615	81	0.000967044497306587	9	0.0018398562360579195	6	0.0009611101472410779	9	0.0008481392084427507	340	0.0007264439763274135	37	0.0006589594734074618	81	0.0007664182142262496	9	0.0004543745206642698	6	0.0008071601368202689	9	0.0005391462943951128	340	0.0005475097451412402	37	0.001182478850040415	81	0.0005951180560434732	9	0.0017569907155213398	6	0.0006757420471311588	9	0.0010214164872015187	340	0.001187422103231203	37
9150	0.0009846476912962485	81	0.000914098666091921	9	0.000916684526828603	6	0.001083695120052628	9	0.0010332447618882437	333	0.000995467369068811	44	0.0008387734486803521	81	0.0013487101353482345	9	0.0018594748786090048	6	0.0010557106268603835	9	0.0006876568264022439	333	0.0005373783027197867	44	0.0006894068425448462	81	0.00028535148256804015	9	0.0011213560967501667	6	0.0004469150900127009	9	0.000424715278700283	333	0.00040632968287368927	44	0.0008350502215886057	81	0.0008510607628809233	9	0.0013516838855964454	6	0.000715354593064604	9	0.0013148949516101562	333	0.0010727291851458252	44
9160	0.0007632158195058264	81	0.0010509589338087292	9	0.00088400179305648	6	0.001151145803523165	9	0.000739764159414669	340	0.0007689601409291317	37	0.0008875830631041189	81	0.0012053646678650306	9	0.001717642965283528	6	0.0013708272213523273	9	0.000754020419397333	340	0.0007589674727209391	37	0.0006424235187402451	81	0.0006647340138352323	9	0.0009811781666910233	6	0.0005384104210003864	9	0.0005753771564979915	340	0.0005757609702708923	37	0.0011225688315757915	81	0.0004442549269922643	9	0.0014603366041917422	6	0.00045178301742675273	9	0.001245981732060636	340	0.0024845952197503256	37
9170	0.0010110244199220714	81	0.0010211035700004244	9	0.0011166203191227367	6	0.0015557946119518294	9	0.0009547058137104678	338	0.0012098329957980674	39	0.0009540865475616619	81	0.0011482146766720602	9	0.0017465280205393085	6	0.001170514483496508	9	0.0007389633418916717	338	0.000836481116291165	39	0.0006360066714355397	81	0.0005259442792050973	9	0.0012321547979575662	6	0.0008591444519470041	9	0.0005126937629221978	338	0.0008352150684171556	39	0.0009092254980437704	81	0.00024083595048512258	9	0.0006975799848293789	6	0.0008029548501654011	9	0.0008201735191669886	338	0.0008434892200669053	39
9180	0.0009531174824671502	81	0.0011163195561027942	9	0.0009424975922896597	6	0.0009403398593330213	9	0.0008527747831471538	336	0.0007731391377784872	41	0.0008962034465391497	81	0.0012038486292242014	9	0.002475591656079318	6	0.001067669706521959	9	0.0007008253557893458	336	0.0007185507681157734	41	0.0005489549933901472	81	0.0008184281289405466	9	0.0004834810352038008	6	0.000550424517120786	9	0.00043581587705331657	336	0.0004934197840913322	41	0.0012304000406790764	81	0.000704004284413312	9	0.0008682191341424723	6	0.001238348200963301	9	0.0009552482621035469	336	0.0019048628243764432	41
9190	0.0008810589924879802	81	0.0008107323902337998	9	0.0007292733347900519	6	0.0008322973726620391	9	0.0008224547496697894	340	0.0007924335888067423	37	0.0009850550381056312	81	0.0012251115999321579	9	0.00229636641057784	6	0.0010456233482867467	9	0.0007627942787858091	340	0.0007223937172125163	37	0.0006852709564619942	81	0.0005060832661212563	9	0.0007388657216858331	6	0.0005967144917067228	9	0.00045183768277615687	340	0.0004538410809709528	37	0.0009461372098859312	81	0.00147879789856557	9	0.0008965122534616317	6	0.0014514501173755279	9	0.0007544749838809795	340	0.0012901827472389536	37
9200	0.0009388835128253141	81	0.0008403214240538296	9	0.0006346875732815986	6	0.0009961717301070815	9	0.000797681751145148	346	0.0007184338082359833	31	0.000989619668666618	81	0.001568886409480864	9	0.001980980037067351	6	0.001381692858869239	9	0.0007349837985859594	346	0.0006926854151715588	31	0.0006247714847015483	81	0.0006483183303294221	9	0.0006256196543489403	6	0.0006141099855507099	9	0.0004685581596699283	346	0.0003788968032070826	31	0.0011052025442396566	81	0.0005375544212070867	9	0.0007823409444332137	6	0.001269702817204268	9	0.0010050743913356645	346	0.0014436103187962326	31
9210	0.0009082435524395779	81	0.001110256754378623	9	0.0008016735022609855	6	0.0010678464126880956	9	0.0008097964162178003	342	0.000701414293365134	35	0.0008192877404886749	81	0.0010084520344724932	9	0.001294428881598675	6	0.0009602628690872433	9	0.0007502546739243864	342	0.0006725769260419232	35	0.0006715103657002032	81	0.00048779880148695196	9	0.0005514595590100319	6	0.0006649988796679713	9	0.0005356657555036054	342	0.0005770364974833716	35	0.0008333027755926843	81	0.0025355659677193756	9	0.0016719472978764848	6	0.0008769674711110993	9	0.0011112308904669191	342	0.001271287132955936	35
9220	0.000752388350864288	81	0.0011010735294270802	9	0.0011593432755652704	6	0.0013556377694966932	9	0.0007270088950602461	344	0.0008223880883212591	33	0.0008566253593730325	81	0.0014496441364470433	9	0.001266112012762021	6	0.001869150047913273	9	0.0006541739629666528	344	0.0007613825318205025	33	0.000568697365055263	81	0.0002296987120084078	9	0.0009014608599948721	6	0.0005617489385277758	9	0.0005145489319969181	344	0.00042440307198133567	33	0.0007157148275228782	81	0.0009603330350051336	9	0.0007646001940501018	6	0.0008096644935494119	9	0.0010037593103875719	344	0.0011534180049717995	33
9230	0.0008641546469280527	81	0.0015392805549809723	9	0.001019572242005231	6	0.0008802995075635525	9	0.000788563793166786	343	0.0009835661505635692	34	0.0007901603822103421	81	0.0009168391080549783	9	0.001051465125857078	6	0.0009160963137975161	9	0.0006359894740574211	343	0.000695589807498595	34	0.000781431701136549	81	0.0006384942969638532	9	0.0006583202257423036	6	0.0008361006359582053	9	0.0005584274627852184	343	0.000586874283840701	34	0.0012284607366334136	81	0.0008278088919695009	9	0.0006398396833647277	6	0.0017208948515521096	9	0.0013554612821970223	343	0.0013820725676586866	34
9240	0.0010466358698317806	81	0.0010343226394566628	9	0.0008664845817423216	6	0.001337476294785115	9	0.001053102187533437	342	0.0011035399289812968	35	0.0009352988865881118	81	0.001482842888414844	9	0.0012849674159535922	6	0.0012117838480911888	9	0.000784196171518533	342	0.000858901894673692	35	0.000631540455027028	81	0.00046850510281797476	9	0.0006753087549236157	6	0.0008603582173856525	9	0.0005539792889283381	342	0.0005653836677277874	35	0.000776219781452914	81	0.001056324398070734	9	0.0005175628701045161	6	0.0005862105609913748	9	0.0009197671038502493	342	0.0016649490968954604	35
9250	0.001021194893770677	81	0.0010427686508574904	9	0.0010016839517014344	6	0.0010434988636937694	9	0.0010206830532461185	342	0.0010203929366224209	35	0.0007975380537007455	81	0.0009825458836472873	9	0.001858204327287961	6	0.0008751883280331819	9	0.0006763033311460592	342	0.0007730437832929512	35	0.00043040926271571337	81	0.0007084124655661017	9	0.00038028169980776734	6	0.0005837336480646911	9	0.0004274511615855868	342	0.0003800747280429128	35	0.0010337700389739088	81	0.0007853976059475425	9	0.0011658900941982759	6	0.0009469988723470237	9	0.0010950160699230668	342	0.0011637460953764238	35
9260	0.0009687162780173897	81	0.0011310907566746565	9	0.0009721654867502126	6	0.0007549979301122906	9	0.0008055760742542537	342	0.000851622026369894	35	0.0009101621327272619	81	0.0008014671474006587	9	0.0017725657154065077	6	0.0010313832399319774	9	0.0006910887129084601	342	0.0005464717016468312	35	0.0005637524485469678	81	0.00043326289721535747	9	0.0006656051484027387	6	0.0005571221840386646	9	0.00042652789633911594	342	0.00038266371158356187	35	0.0009244920284640446	81	0.0006119369011680282	9	0.0013231871800613137	6	0.0009055691362168622	9	0.0007561954004236576	342	0.0008991151151858586	35
9270	0.0008568690701636597	81	0.0010146267699564762	9	0.0009199419762443488	6	0.001256276577088912	9	0.0008497477911051833	339	0.0007971819440805033	38	0.0009849303826624932	81	0.0009372104183820106	9	0.0018178701362660653	6	0.0016041315254998383	9	0.000621202659719022	339	0.0008769669548789276	38	0.000495607109959305	81	0.0004149211704687018	9	0.0004330110397693842	6	0.0004643325629008208	9	0.0003499053595229889	339	0.0003906593698793679	38	0.0007036652399910617	81	0.0004300581138975384	9	0.0013115106614134794	6	0.0006455616253338971	9	0.0007278480351464003	339	0.0011168271831113739	38
9280	0.0011643304251997722	81	0.0014480465055628337	9	0.0009536752206236032	6	0.0013862337717981134	9	0.001087640916633906	343	0.0011341164814333117	34	0.0008674683340948291	81	0.0013943145018689442	9	0.0010285265715067788	6	0.0011213421174848836	9	0.0008310133810497333	343	0.0007454252337770102	34	0.000539571129918042	81	0.00046949759071019347	9	0.000859541598792922	6	0.0006543499425981661	9	0.0004692724309376796	343	0.0005059260179337864	34	0.0011180651842171844	81	0.000695512447507174	9	0.0009536344107447685	6	0.0006659326839422591	9	0.0007735818281504272	343	0.0008105939524202634	34
9290	0.000918568417758736	81	0.0012398553480322191	9	0.0012499209240480083	6	0.0010799460904661216	9	0.0009925867274527154	342	0.0009650632937666187	35	0.000951371284917655	81	0.0010784316745603157	9	0.0014144098989866637	6	0.0016058857482351592	9	0.000802731829032318	342	0.0007997151431234139	35	0.0005314260800711189	81	0.0005353914188575932	9	0.000675451948857957	6	0.0005331800569916477	9	0.00045060777177595646	342	0.0005515516027427824	35	0.0006240232040126025	81	0.0002646992314951236	9	0.001433131169541044	6	0.00055341142094676	9	0.0006784341504819701	342	0.0010405700032857137	35
9300	0.0007452314322391107	81	0.001162567702126689	9	0.0009173894212648209	6	0.0008290306920590844	9	0.0007675242735496449	343	0.0007858298565270132	34	0.0009684734889404235	81	0.0012614893040638045	9	0.0012104550978919168	6	0.0008989711243964241	9	0.0007002897000677005	343	0.0009604763908874047	34	0.0006006090601149208	81	0.0008419465360481055	9	0.00048668290310112015	6	0.0005609261020793274	9	0.00038455548202285004	343	0.0003745994663411869	34	0.0008745939539983518	81	0.0009019664812863252	9	0.002071587691291131	6	0.0007675990319220248	9	0.001175694022304195	343	0.001560842270264037	34
9310	0.000982065315701116	81	0.0010067177610847487	9	0.0011203437724038945	6	0.0013413683402085476	9	0.000885656950403893	340	0.0008009551695877306	37	0.00089109521163096	81	0.0014305232759285404	9	0.001144081102509216	6	0.000924622545336855	9	0.0006734939172255156	340	0.0008776379480394345	37	0.0008542515940883966	81	0.00043149608643304065	9	0.0010774721662298757	6	0.0005583464542157759	9	0.0004828573269457418	340	0.00047462774364521033	37	0.0012439729073421447	81	0.0009465910932949089	9	0.0013771625308102806	6	0.0002816327833281708	9	0.0007754827509038008	340	0.0015077299275859843	37
9320	0.000898743262130125	81	0.0014227113991354668	9	0.0009320400967931262	6	0.0012636864009213991	9	0.0008944600001093421	338	0.0009438744988848318	39	0.0008029210721599009	81	0.0010624951411097668	9	0.0011525910949845217	6	0.0011567873541644463	9	0.0007258735873989608	338	0.0009074922361038821	39	0.0009124051160559042	81	0.0007303813769535786	9	0.0006648214417656379	6	0.0005876576034777867	9	0.0004473754008468924	338	0.0003901821874506985	39	0.0013286431199731122	81	0.00041442803464565895	9	0.001283963491761815	6	0.0015261038024066596	9	0.0010431626650529988	338	0.0012196442551498548	39
9330	0.0007994467583744215	81	0.0009977471937066915	9	0.0006070995603705934	6	0.0012168233811419055	9	0.0007722423560561242	345	0.0007501439232477998	32	0.0008610697045997634	81	0.0009761464682885837	9	0.0018278743015602728	6	0.0009045492831714219	9	0.000686069627578118	345	0.0007280178723187854	32	0.0006191823956464675	81	0.00045769044454378277	9	0.0007724393243294493	6	0.000576894381067647	9	0.0005848015697743374	345	0.0005503224197222049	32	0.0010209235327153883	81	0.0006864991095282439	9	0.0009629837158412133	6	0.0005478915664388933	9	0.0007576555369942223	345	0.0009102069580908625	32
9340	0.0008875080676443267	81	0.0010861990629142712	9	0.0009118063701245028	6	0.0012084665653489463	9	0.0009255766510018554	345	0.0008456006270589648	32	0.0009342379802968136	81	0.0008551763818032264	9	0.0016385846928150148	6	0.0016337003098521768	9	0.0008235699939093747	345	0.0007888152759136591	32	0.0006474598573101456	81	0.0006780782307090058	9	0.0005531944879000522	6	0.000429419067375314	9	0.0004546913340796911	345	0.0005261412264497014	32	0.000735342679559991	81	0.00072984404946189	9	0.0012939719571870873	6	0.0017724019251955801	9	0.0010613386414372802	345	0.000597158337426741	32
9350	0.0008509685678462208	81	0.0008446509816065831	9	0.0009203290518935708	6	0.0013543153663115694	9	0.0006574465983602986	343	0.0007152432194450039	34	0.0008482215145680055	81	0.0013206081127648654	9	0.0011281165245264778	6	0.001170402848302068	9	0.0006606946946733634	343	0.0005288094255732751	34	0.0006281885470510843	81	0.0005714501524489789	9	0.0007190663600450792	6	0.0006160864245653977	9	0.00042595407193672425	343	0.0003561796344213547	34	0.000971863313271305	81	0.0007422219117868807	9	0.0014177936373006822	6	0.0007801997330449338	9	0.0008769750556166652	343	0.000935190090072717	34
9360	0.0007713015730777416	81	0.0008336488771511515	9	0.0007216848058367065	6	0.0008280983064390007	9	0.0007691696127343279	339	0.0007551669945222552	38	0.000707615869714437	81	0.0008455231845348886	9	0.001296530749021597	6	0.0008734428502666481	9	0.0005959824206305738	339	0.0008034434194094199	38	0.0006028493076833207	81	0.0005260202278500025	9	0.0007246528858439622	6	0.0005972318515708691	9	0.0003761409798288877	339	0.0004147644606826355	38	0.0008164458275650849	81	0.0018983212814824271	9	0.001710477512062587	6	0.0014991082302616581	9	0.0008328360161652874	339	0.0007162029691209923	38
9370	0.0009357740376000502	81	0.0009649511716582023	9	0.0008700691141056214	6	0.001055160750286587	9	0.0009109319520865209	345	0.0008757895712307323	32	0.0010480385827036378	81	0.0012968031064597755	9	0.0016252299495215568	6	0.0010712280362627962	9	0.0007887773972141198	345	0.000973544417783074	32	0.0005653846781633503	81	0.0003911080243366637	9	0.0006394768206148389	6	0.000531169341137413	9	0.00048544263483178804	345	0.0005681834517151229	32	0.001718905180768207	81	0.0009237682125006018	9	0.005963926225957903	6	0.0022286927662209417	9	0.0011834692582339975	345	0.0014842408324631825	32
9380	0.000851015216933316	81	0.0012292673318404024	9	0.001054878422372297	6	0.0009847147814629816	9	0.0008505464064240269	344	0.0009034846522803117	33	0.0008493966769467344	81	0.0010291799407229506	9	0.0012723599527898835	6	0.001144851018605811	9	0.0007027981095941834	344	0.0007467911342854092	33	0.000586559065668941	81	0.0007186965555523924	9	0.00043289451702331643	6	0.000530399628685528	9	0.000457030493088388	344	0.00047005279309409603	33	0.0008651265165610498	81	0.0013382993574779169	9	0.000592776123304035	6	0.0008826355457664822	9	0.0008839672164209754	344	0.0007722430204835289	33
9390	0.0008653053310776178	81	0.0008227575925238274	9	0.002015252515905173	6	0.0014219151596146767	9	0.0008445214163773397	343	0.000664986535324527	34	0.0009436204453241923	81	0.0010199879236778015	9	0.0014906814183933371	6	0.001062102447634065	9	0.0006882060663477372	343	0.0006908299876909096	34	0.0005546566441000916	81	0.00048565875612785594	9	0.00044581737012830625	6	0.0007246515120767488	9	0.0005259576340030637	343	0.00045543217787761463	34	0.0007134147603333755	81	0.0005335346250629596	9	0.0009412820071565236	6	0.0006667487732156924	9	0.0007852790501456438	343	0.0006319278769630436	34
9400	0.0009027758829436595	81	0.0008370900657648224	9	0.0008436106851170276	6	0.001052554029683044	9	0.0008563068876151857	342	0.0009881605124216458	35	0.0010697149276663195	81	0.0010177085446706152	9	0.0013461301112733333	6	0.0011240259256719792	9	0.0006979788638150258	342	0.0010226650314156091	35	0.0007691105921812864	81	0.0005962021756684036	9	0.000529886021842437	6	0.0007734718371473165	9	0.0005066685484158885	342	0.0004690724112738555	35	0.0011569238666632902	81	0.0006176110070158984	9	0.0011537653577317565	6	0.0009043880892305969	9	0.001080809778409885	342	0.0012283536967891814	35
9410	0.0008430361470568188	81	0.0015992060671504809	9	0.0009648287831258128	6	0.001214386142159618	9	0.0008368487267726576	343	0.00074759576783401	34	0.0009543855098316186	81	0.0015423581427118941	9	0.0017740188922474621	6	0.0010843923635266576	9	0.0006745408211985713	343	0.0007199485454607949	34	0.0007637571221091292	81	0.0005415095730855832	9	0.0006829233032658511	6	0.0006110911537088029	9	0.0004565969656125951	343	0.0005209662699433604	34	0.0008216369140575392	81	0.0006250466531830412	9	0.0010244451517840974	6	0.0007999548174776396	9	0.0008749555105505108	343	0.0009759373650174599	34
9420	0.0009214901535868509	81	0.0013538978562952937	9	0.0010474930233045348	6	0.0011675765451728104	9	0.0008075692173684795	341	0.000566338554897374	36	0.0007842762673403613	81	0.0018129958819550474	9	0.0012773360737784697	6	0.0014915802410237207	9	0.0008077702035163074	341	0.0007387623379537027	36	0.0005160544049993772	81	0.0005950155953147023	9	0.000677196548296078	6	0.0008654556824929913	9	0.00041817329619221624	341	0.0004252607148744128	36	0.0007797942235210924	81	0.00034514296157749764	9	0.0009871423327214492	6	0.0015030977137972575	9	0.0006979398775187807	341	0.0008325262507161761	36
9430	0.0008754533402958589	81	0.0009098557194310935	9	0.0009474003945960594	6	0.0010763964489566625	9	0.0008305566474004831	337	0.0008951478760167927	40	0.0009471075569836883	81	0.0010609412339141016	9	0.0012705010167296108	6	0.0009141840976702548	9	0.0007102465047666763	337	0.0006779697560478591	40	0.0006152884176204468	81	0.0005992264061230918	9	0.0003924187266043122	6	0.0005080743518058735	9	0.0004572959049612724	337	0.0005530806478460555	40	0.0012353773085107278	81	0.00021061784516871932	9	0.0012172918909099113	6	0.0006397089861328805	9	0.0007814684939833407	337	0.0010479676798389546	40
9440	0.0008470171307210429	81	0.0008008539909828001	9	0.001119117962777444	6	0.0007496025424126357	9	0.0007664785352577625	342	0.0008127309595640873	35	0.0009846214068939152	81	0.0010496679528607731	9	0.0014671418666514391	6	0.001055689617602853	9	0.0007194909783008398	342	0.0007698803334874241	35	0.000587764293517831	81	0.00027965184017991567	9	0.000721581862453415	6	0.000577021806519572	9	0.0004415419929720644	342	0.0003097754216720817	35	0.0009640451234738614	81	0.00034258119896126457	9	0.0012031510385368245	6	0.0006881795471497128	9	0.0007006466737478246	342	0.0008454333476727543	35
9450	0.0006377994604357341	81	0.0007307232109295927	9	0.0007969423309085452	6	0.0008577510002618905	9	0.0006866102062740031	342	0.0006125770111974085	35	0.0006895146692996565	81	0.0008934640735866432	9	0.0012203970352337107	6	0.0008696958200412502	9	0.00048148065696668803	342	0.0005385955197918624	35	0.00046067590200387786	81	0.0004280752409929922	9	0.0003651596018579407	6	0.00039097252828045514	9	0.0003114744177228986	342	0.00037760045060786153	35	0.0008196112918597264	81	0.0005238367295595181	9	0.0003470644478234403	6	0.0009624817327113342	9	0.0007514483654601478	342	0.0006064689617252991	35
9460	0.0009352390588066037	81	0.0010819072561176661	9	0.0007556753875126288	6	0.0010053170426341778	9	0.0008527115048968305	343	0.0008636771288496227	34	0.0010041116119773976	81	0.0015294042781278114	9	0.001126209052089558	6	0.0013106310028623788	9	0.0007001775526248302	343	0.0007365998922483799	34	0.0006366424816357983	81	0.00043693620392970176	9	0.0005996591104172215	6	0.000551684706164471	9	0.000492580516935561	343	0.00040406134613633107	34	0.0008987570541607378	81	0.0003981479494441436	9	0.0009011234481363447	6	0.0007395877665015678	9	0.00108360721899735	343	0.0010958513359495986	34
9470	0.0009910172457756176	81	0.0010506516427636742	9	0.0010176122151076207	6	0.0010401765073424873	9	0.0009766260241698813	344	0.0009953809173200796	33	0.0008639180516174197	81	0.0010514586328383441	9	0.0015424179364293387	6	0.0011683807445643105	9	0.0007322760809957497	344	0.0007903321768884266	33	0.0006022587118649788	81	0.00044191750062271023	9	0.0006324253239884511	6	0.000512317751213225	9	0.0003945201543212116	344	0.00038113311467891683	33	0.0009036076457575649	81	0.001426975743307252	9	0.0010874919523486163	6	0.0010819860048655746	9	0.0010938684452560523	344	0.000848333338696722	33
9480	0.0009335996692801616	81	0.0012837645045851768	9	0.001296568249854812	6	0.0008345529947870836	9	0.0008105554402671424	345	0.0008731201927096049	32	0.0007988867932793885	81	0.0010026338807911561	9	0.0011202241372370505	6	0.0008834066555428398	9	0.0005985963118769027	345	0.0007110076468625716	32	0.0005264794905182904	81	0.0003806405118843609	9	0.00041360779961306746	6	0.000422295980861512	9	0.0003443529431688598	345	0.00040409170468974176	32	0.0007840864137359404	81	0.0009933172728389147	9	0.0007521353237832561	6	0.001193560508130656	9	0.001240815691578445	345	0.0011816918548771364	32
9490	0.0007114539148255255	81	0.0007233705225504053	9	0.0006893894089783888	6	0.0009376873116671702	9	0.0006768149471233902	339	0.0006957671665290058	38	0.0009253132910711138	81	0.0011446870617706612	9	0.0012431995047386608	6	0.0010588852277660977	9	0.000736039013181867	339	0.0006435200684173649	38	0.0005143376247577949	81	0.0006523163409726551	9	0.0005907630373234212	6	0.0004765171681682489	9	0.0004593669586610859	339	0.0004792902556715188	38	0.00110225355522776	81	0.0005655816669951523	9	0.000890482175712656	6	0.0008120342647275502	9	0.0011873700325979119	339	0.0010364894096141425	38
9500	0.000929086049804483	81	0.0008813238643806658	9	0.0010500738377386346	6	0.0009706055426218317	9	0.000915162896104477	342	0.0008976656429783093	35	0.0009078826978125505	81	0.0008633701609697995	9	0.0012148383700035794	6	0.001047818637662034	9	0.0006594802390943578	342	0.0007817496341475191	35	0.0005543005787615363	81	0.0006707057039999635	9	0.0005149203989732087	6	0.0006121854681940341	9	0.0004335482118955378	342	0.0007112664755201041	35	0.0011140044259857066	81	0.0006085973747872708	9	0.0010936455058120221	6	0.0011835221377717458	9	0.0009968469478311656	342	0.0010123405477578777	35
9510	0.0006578860787092971	81	0.001454240886674242	9	0.0003526820474598148	6	0.0008902561296740716	9	0.000525436201893534	335	0.0007836784334486266	42	0.0007851840152251486	81	0.0009635059080742095	9	0.0012433546888064274	6	0.001070589647486574	9	0.0006415498466272655	335	0.0007432029593650624	42	0.00062227116217253	81	0.0006171056978362792	9	0.000642843523189843	6	0.0006714088850400713	9	0.0005317699447171033	335	0.0006124364797908755	42	0.001175983902086133	81	0.0006438270035493955	9	0.001465542618208942	6	0.0009354798287076199	9	0.0014163828426946017	335	0.0009038927743314884	42
9520	0.0009911069591147376	81	0.001136138772299617	9	0.0007927950283546973	6	0.0012046212012560135	9	0.0007834248500849204	337	0.0007331476991168198	40	0.0008507001302682587	81	0.0013272493220946513	9	0.0014937216011971647	6	0.0014358906947122682	9	0.0007098981250685136	337	0.0009017882145837665	40	0.0005713486448983623	81	0.0006067758583463866	9	0.0005592574019816844	6	0.0007132783154071521	9	0.0005291681561411358	337	0.00041379053840676327	40	0.0011779958506549788	81	0.0005046514524902457	9	0.0006205781954976853	6	0.0006168776138392839	9	0.0008755144460887873	337	0.000672069687211499	40
9530	0.0007221629334074066	81	0.0008703303750596627	9	0.0005745167110530889	6	0.0010409743472848932	9	0.0007465359004856845	341	0.0009074845648732376	36	0.0008505792084247086	81	0.0009926339765368613	9	0.0015061751220676789	6	0.001096782690740141	9	0.0006727713297233265	341	0.0006762351864718743	36	0.0007755978141641068	81	0.0006691835246973805	9	0.0008173315466567203	6	0.0006254707442718376	9	0.0005244968897033129	341	0.00041298592675402773	36	0.0007961806945950387	81	0.0009062107682883767	9	0.0007877902006240344	6	0.0008658480680500193	9	0.0008618052937838616	341	0.0009779356541957502	36
9540	0.0006916615088622674	81	0.001022471590116334	9	0.0011184312418933181	6	0.0010815778345157315	9	0.0007459158255571313	337	0.0006324343328307686	40	0.0009479338470359672	81	0.0010172697697171807	9	0.0013245105804689274	6	0.000848702745998011	9	0.0007583118069823975	337	0.000669068003865992	40	0.0004953515764938737	81	0.0006982467464100753	9	0.0006059363363995515	6	0.00036785271552890116	9	0.0004756015304484401	337	0.0004540257444956645	40	0.0008602264981506601	81	0.0008427112740576607	9	0.0007273344760980071	6	0.001721487529979307	9	0.000919831551863631	337	0.0010533788749571612	40
9550	0.0011603906203342678	81	0.0007691107557875565	9	0.000990193114083989	6	0.0023302917736238975	9	0.0009860734986984504	345	0.0012354137715562302	32	0.0009984334476764937	81	0.0009740691373110527	9	0.0010720599223813432	6	0.0009608993916046935	9	0.0006359589306088186	345	0.0006832916307886773	32	0.0007033977285115248	81	0.0005107271874282424	9	0.0006623284060119396	6	0.0007099323546711182	9	0.0005389732199805202	345	0.0005997294638990082	32	0.0010710462518923214	81	0.0008917434601984278	9	0.0018717286344734272	6	0.0007062120047525398	9	0.0009616129820861858	345	0.0009760913442963648	32
9560	0.001178948459205549	81	0.0016522718166650024	9	0.0013237289057858933	6	0.001013356730391339	9	0.000878134831769028	341	0.0008720030374823323	36	0.0009238263633569488	81	0.0013835914971234364	9	0.0016113616230393416	6	0.0015715125295157936	9	0.000711975955753406	341	0.0008327782884153542	36	0.0005803341039475421	81	0.00029895951188853905	9	0.000783777767606287	6	0.0004954366398710342	9	0.00032906412176479145	341	0.0005458550381667623	36	0.0005956960319727371	81	0.00030599071160983726	9	0.0012803379859384742	6	0.0004905235388477751	9	0.0007032471283054394	341	0.0004404185973742211	36
9570	0.0007616056923279755	81	0.000878060287490058	9	0.000804514818195243	6	0.0009203884134007458	9	0.0006785253099225066	342	0.0006212727380675435	35	0.0008293916078469775	81	0.0009597871524989325	9	0.0012252482048067963	6	0.0007012410180659764	9	0.0005413991861736801	342	0.0007817960453223373	35	0.0005022580538615193	81	0.00046741516459176063	9	0.0004141751188403089	6	0.0007144340931285115	9	0.0003507435532228588	342	0.0004025237879166895	35	0.0007519842464000535	81	0.0008028615657720512	9	0.0012237368440148257	6	0.00078565745940795	9	0.0008246818283343524	342	0.0005590349087427312	35
9580	0.0009268826799193454	81	0.0006444504706216216	9	0.0008747814178723598	6	0.001437337022593414	9	0.0008046548592881154	343	0.0007976876092988084	34	0.0008257321507872652	81	0.0011204105930578165	9	0.0013017842705311002	6	0.0010539331858217945	9	0.0005710977214063053	343	0.0005529348616346394	34	0.0005282439896514494	81	0.0004566917819334743	9	0.000921673341649456	6	0.0006926917617381671	9	0.0003941179272344098	343	0.00047629897783357165	34	0.0009126604497863803	81	0.0007345319571531839	9	0.0012621580457935298	6	0.0010496856294055622	9	0.0009657064188634113	343	0.0011756422205365783	34
9590	0.0009233483630116231	81	0.0008842161442464904	9	0.000800329454649608	6	0.0008968421968631068	9	0.0008058492285984144	342	0.0007489777210956347	35	0.0009194516527485945	81	0.001380153567290936	9	0.001990882113100397	6	0.001175530003723971	9	0.0006799700847637549	342	0.0007763551028637318	35	0.0006267703840418061	81	0.00043703696434071283	9	0.0008232487612345318	6	0.0006011281318463765	9	0.0004221540225230534	342	0.0003896418603243104	35	0.0005482920680997859	81	0.0005844840273447354	9	0.0009353220562647	6	0.0008074855080056307	9	0.0008117612216775576	342	0.0006405362829998157	35
9600	0.0009829036670525287	81	0.0014086277945887283	9	0.0009504932259284446	6	0.000796706168244793	9	0.000936356420781061	339	0.0010714510294310086	38	0.0008445448839202038	81	0.001009947382634058	9	0.0014712837284477556	6	0.0011063918471533455	9	0.0007385192921450376	339	0.0009461601528352208	38	0.0006121394129571668	81	0.0006632408920448052	9	0.0004217922251897991	6	0.0004488760181781028	9	0.0003691603879489155	339	0.00034728330436542136	38	0.00045674243037241484	81	0.0009196247692309344	9	0.0016893227091393512	6	0.0008311595102019163	9	0.00048028035430931683	339	0.0004679959241214845	38
9610	0.0008111634091038801	81	0.0010382426849381745	9	0.0011082952800719043	6	0.0011274161426855422	9	0.0008190734803268439	341	0.0008549901276371227	36	0.0008239939117979756	81	0.0011312313492091166	9	0.0011540939142051264	6	0.0011002452309016508	9	0.0006696182838851494	341	0.0006596393585949662	36	0.000551367930677358	81	0.0005255792126950442	9	0.000635650060105522	6	0.0006333682143478243	9	0.00042714242228846986	341	0.0004669521243802619	36	0.0008611168103375056	81	0.0005008682706732608	9	0.0010415524591005844	6	0.001257958748051877	9	0.0006897204884443243	341	0.001360338672640553	36
9620	0.0009260582193732507	81	0.0012549971994294737	9	0.0006230952177898416	6	0.0013743515859470313	9	0.0007017065733412181	339	0.0005395248189643801	38	0.0007460891222386438	81	0.0013251259718257524	9	0.0012629263789114688	6	0.0010149150388036792	9	0.0006524243172710164	339	0.0006799422757225456	38	0.00048591621585273545	81	0.0008633752481891105	9	0.0004793900275586599	6	0.0005201742643459629	9	0.00047635415641975737	339	0.0005000840889297138	38	0.0007245824353117969	81	0.0006270456591631947	9	0.000783310564026763	6	0.0008185044496091276	9	0.0007347238313166533	339	0.0008619011201350706	38
9630	0.0007334196292726023	81	0.0008011453033680117	9	0.0012433399907684419	6	0.0008390057803444338	9	0.000717809938629506	343	0.000629755758222294	34	0.000728693956019328	81	0.001208012091522939	9	0.0019761362082602175	6	0.0009262383170212568	9	0.000672026807377309	343	0.0007979325854334494	34	0.0006462268111349395	81	0.00048825040922336214	9	0.0012783235774916867	6	0.0006202620287490243	9	0.0004882592334430643	343	0.0005282480517350395	34	0.0006837217496342351	81	0.0007389469517443758	9	0.0006191746144384395	6	0.0007031560150457799	9	0.0007162842932108664	343	0.0013315797723147391	34
9640	0.0007871104083794984	81	0.0007895753168715468	9	0.0007623213701495772	6	0.0009610288272575156	9	0.0007359761407375664	334	0.0006900950346680119	43	0.0007396300393782762	81	0.0009998413675777927	9	0.0010841420576803455	6	0.0012446690640911429	9	0.0005730868580090059	334	0.0006171631594649598	43	0.000631633039457395	81	0.00037557982565377513	9	0.0003918011244275769	6	0.0004686434957462146	9	0.0004205698023713321	334	0.0003976641433653425	43	0.0009032858229791847	81	0.000859522502447312	9	0.0010603595052689485	6	0.0011395162386132701	9	0.0007585121263878585	334	0.0011131195329649767	43
9650	0.0010049517088666395	81	0.0011696274792404708	9	0.0012524512197371758	6	0.0009704447690232888	9	0.0009967721682035712	346	0.0009122139918714633	31	0.0008446490124923257	81	0.0014025542077225387	9	0.001658116020558751	6	0.0012166976961619376	9	0.0006995556200681282	346	0.000795192814371791	31	0.0005353187017821677	81	0.0005981473899688897	9	0.0004598141107441489	6	0.0007766312821269037	9	0.0005076917410501444	346	0.0005330517132300917	31	0.0005484185608442498	81	0.0005433697705368544	9	0.0006870767767059708	6	0.0007749945097265795	9	0.0006683578216339737	346	0.0015280985424282868	31
9660	0.0009835178603565418	81	0.000820863098923877	9	0.0010829783387721237	6	0.0015390359288496034	9	0.0009163545689913769	338	0.001156831705744837	39	0.000866757509071867	81	0.001021480751173206	9	0.0010902798513407134	6	0.0010128936415391124	9	0.0006169319621971585	338	0.0006736327534884085	39	0.0009004238949924822	81	0.0005570652584878521	9	0.0004604005214550226	6	0.0008672617089698909	9	0.0005244795108600699	338	0.0006823352137488507	39	0.00075990372419698	81	0.0009241548781679669	9	0.0006692433277569004	6	0.0011907815436780456	9	0.00082348643092022	338	0.0009615180146648202	39
9670	0.000894221235156359	81	0.0008936082062587116	9	0.0009927132687661613	6	0.0008839664327766669	9	0.0008685815284048539	341	0.0008763165104342017	36	0.0007517213757942296	81	0.0009053837515516192	9	0.001427494204634381	6	0.0010315029277383745	9	0.0006559512169714769	341	0.0006388238979191439	36	0.0007431982976953091	81	0.00047398024833633694	9	0.0006803165561378244	6	0.0006568473730203367	9	0.0005193490247705726	341	0.0005471863012353445	36	0.0011926833235491885	81	0.0003075891947372279	9	0.0005881300543885256	6	0.0007531403497161008	9	0.0008557204575437756	341	0.001463874435902052	36
9680	0.0009708745475887499	81	0.0011875815065692666	9	0.0010926373865555407	6	0.0010226383409027257	9	0.0008973624790068668	343	0.0007852526546611852	34	0.000761647338225192	81	0.0009471598017290966	9	0.001118630076561779	6	0.0008992969172119193	9	0.0006704324427996702	343	0.0007337445407673517	34	0.0006280939183702683	81	0.0004428303280385914	9	0.0006330155788103853	6	0.0006375915326404024	9	0.0005012820689164812	343	0.0005058328021363185	34	0.00105746368236457	81	0.0005239187287005386	9	0.00041231678003468726	6	0.0009704077139594328	9	0.0008574095945074159	343	0.0016897059885440252	34
9690	0.0008172480334889685	81	0.0008045992321980968	9	0.0012453804414012213	6	0.0010894951161819757	9	0.0007816162741365904	337	0.0009638349274502303	40	0.0007598121325171778	81	0.0014036028690811136	9	0.0011012372319520818	6	0.0011569680686634907	9	0.000611745774887572	337	0.0005436026461186372	40	0.0005891353172423514	81	0.00043389433999579106	9	0.0004520212538969552	6	0.0006781022623510787	9	0.0005258714520531816	337	0.00039661875214759784	40	0.0009592799950461241	81	0.0006637154327104671	9	0.0010822507879864668	6	0.0007285355123381275	9	0.000964698247624193	337	0.0011647108370105492	40
9700	0.0007567669335685004	81	0.0009244122867639243	9	0.0011222983649501574	6	0.0009500680031188242	9	0.0008362458834187013	343	0.0008651565849583627	34	0.0007385388949604502	81	0.0014197159914397075	9	0.001366234004942197	6	0.0010717046049527584	9	0.0006690277864519952	343	0.0008056950873135352	34	0.00046564995952038497	81	0.000498410747653981	9	0.00047870869873036805	6	0.000584466940316979	9	0.0004346085879194788	343	0.00045043224334128545	34	0.0007861538456450871	81	0.0007823309974371363	9	0.0010180955546852941	6	0.0005152707914381321	9	0.0007024189549075741	343	0.002534492945853556	34
9710	0.0009674044985078632	81	0.0014487360617162083	9	0.0015898339893267496	6	0.0011055737855312623	9	0.0009832246990705174	344	0.0011690736864192171	33	0.0007537256305439214	81	0.0011030602515186847	9	0.0012081811513783456	6	0.0010306906089136137	9	0.0006808403604513802	344	0.0007276400680177359	33	0.0006277017700545155	81	0.0006344206857769823	9	0.00033007931346679885	6	0.00043305764949526566	9	0.0005346927338059126	344	0.0005840175522151763	33	0.0007040902997201333	81	0.0007063963543436859	9	0.0007371979505473364	6	0.0007338523942671074	9	0.0007819952856138963	344	0.0007433864277566517	33
9720	0.0007104484779401568	81	0.001088500594343517	9	0.0005663461464883447	6	0.0009817360253772613	9	0.0006010306678826992	346	0.0005251748165461785	31	0.0007491497944229912	81	0.0009662382050211456	9	0.0014025722122330032	6	0.0011553098669721583	9	0.0005598937724607136	346	0.0006754762431458718	31	0.0005989937668722525	81	0.0006508129698191661	9	0.0005442579987001045	6	0.0005802126558293992	9	0.0004466494961008426	346	0.0004266038544203266	31	0.000719566385150488	81	0.0005743259884597612	9	0.0004920080088782914	6	0.0005390183945796228	9	0.0007071492853750633	346	0.0005334206277357239	31
9730	0.0007656374132424882	81	0.0005811706288870145	9	0.0008011174307589662	6	0.001008420556509464	9	0.0006949917139085055	341	0.0006438095711138264	36	0.0006634796734726191	81	0.0012598453431171947	9	0.0013012887964982398	6	0.0010623136538417308	9	0.0005676926233859371	341	0.0004547292756025194	36	0.0004985315374057624	81	0.0003528763740233559	9	0.0006074993725967537	6	0.0004264357886527227	9	0.00039386747415855487	341	0.00045275229973408695	36	0.0005903434689375742	81	0.0003892314733109619	9	0.0006911999619813545	6	0.0007481602603766481	9	0.0007059272916513142	341	0.0012879997089544665	36
9740	0.0007422326646154373	81	0.0013800141842000599	9	0.0007791257296879745	6	0.0008553426314914315	9	0.0005835787361915246	347	0.0005691616707210175	30	0.0006642148212190457	81	0.0013581876324458401	9	0.0017269720818804209	6	0.0009889822359649145	9	0.0005191086810458114	347	0.0005747477575949247	30	0.00044080482241241333	81	0.0004278110184773244	9	0.0005879605636247893	6	0.0008172711468616089	9	0.00037876378410131416	347	0.0004317414576159632	30	0.0004705835410175765	81	0.0002928181044022922	9	0.0004824386644676412	6	0.0005224485479170617	9	0.00043973225279362856	347	0.0005318377351233663	30
9750	0.0008821194617860846	81	0.0006187789041973055	9	0.0008487239509365364	6	0.0010136579001445581	9	0.0007373233026199748	337	0.000597386518940633	40	0.0007682279769469439	81	0.0011398769742048394	9	0.0014395743581920861	6	0.0008608768009759102	9	0.0005960853732883616	337	0.0005151729469738667	40	0.0005980438599258637	81	0.0005763688114010815	9	0.0006730020809098862	6	0.0006423733577916089	9	0.0004616786522553789	337	0.0004952843594092542	40	0.0009952667384509352	81	0.0010551093047795257	9	0.001115855754151184	6	0.0007591237582288087	9	0.0014097416779964725	337	0.0010783211122885761	40
9760	0.0008353859949114216	81	0.0013023972616469314	9	0.0006072378376199735	6	0.0009696920797630233	9	0.0007680732826062363	338	0.000875923274773672	39	0.0007901699718846575	81	0.00119021665783796	9	0.0013636231574463721	6	0.0008627979416315392	9	0.0006821414285982349	338	0.0007771088732537694	39	0.0005659912002887245	81	0.0008163230175923848	9	0.0005432065658515359	6	0.0005286171836851631	9	0.000435562038708447	338	0.0003755406917366102	39	0.0011911216898738567	81	0.0007176068202368424	9	0.0006384384882902089	6	0.000618892840254564	9	0.0011096649122718757	338	0.001577339068286045	39
9770	0.0005567256433395259	81	0.0011662471885501436	9	0.0010467232958077334	6	0.0008725551645982457	9	0.0007193579227410067	339	0.0005588906400256216	38	0.0007934427202486934	81	0.0012491898469346753	9	0.0012816902391474454	6	0.000995818496312274	9	0.0006346421081270451	339	0.0006729809553105778	38	0.0005264178326277302	81	0.000386929944130371	9	0.00045646925350294995	6	0.0006940709758718239	9	0.00041340834105367243	339	0.0003526233943263306	38	0.0007926284291841338	81	0.0018339568079809045	9	0.0009482580573979632	6	0.0007014328996627265	9	0.0006324832074330674	339	0.0008248563472436071	38
9780	0.0007258558060925261	81	0.0010926533406189372	9	0.0006832752377638716	6	0.0008444240701143042	9	0.0007882540870517042	341	0.0007443714230368653	36	0.0009035072553812473	81	0.001354087890993178	9	0.0012393369599311488	6	0.0011252201350206478	9	0.0007182768424939517	341	0.0009515664155811113	36	0.0005703532452271784	81	0.0005180832859591919	9	0.0005581057519486353	6	0.0006982156161997986	9	0.000389201473617973	341	0.00042637396085563314	36	0.0008381567937384755	81	0.00042313014970541627	9	0.00047332924385305974	6	0.0008502733758264992	9	0.0006511294464008056	341	0.0008358196980902219	36
9790	0.0007609481651655947	81	0.0007187234336724967	9	0.0006931174168083366	6	0.0009986449979847724	9	0.0006968626986647174	345	0.000597799529252164	32	0.0008407212628176165	81	0.0012024424780042705	9	0.0011310947822631757	6	0.0011269419304985268	9	0.0006340476225421092	345	0.0004166914845870134	32	0.0006240852207210358	81	0.00030542469537526236	9	0.0006224595467214184	6	0.00045971572364436933	9	0.00048110726387223937	345	0.0005597140408236251	32	0.0008683241418315703	81	0.0010064164380619988	9	0.0014146131228009002	6	0.0009715247676728198	9	0.0009386943337029267	345	0.0009741475513152539	32
9800	0.0007987237101481726	81	0.000860167436148934	9	0.0006284986901498378	6	0.0017693920969062632	9	0.0007067382466891632	335	0.0006621728632838442	42	0.0008920975133068173	81	0.0010778992490600432	9	0.00163577886470969	6	0.0010173373349300376	9	0.0006334262493638967	335	0.0008294818093772284	42	0.0005777706518336742	81	0.000469907624268675	9	0.0006139834411730905	6	0.0004943914230247482	9	0.0004574610320833843	335	0.0005672437511990224	42	0.0005898300699941654	81	0.00023722103766387638	9	0.0010681421104357155	6	0.0017318576444401823	9	0.0006434144845177102	335	0.0006212212643101492	42
9810	0.0008140802159819877	81	0.0011321900095076086	9	0.0007925849771356995	6	0.0010614807921820795	9	0.0006971679784185783	341	0.0008357812369299551	36	0.0008285503116253198	81	0.001095832245307658	9	0.0015813186959810054	6	0.001056915168598383	9	0.0006924570746068983	341	0.0008492078366846718	36	0.0006702529763520153	81	0.0006119687932027088	9	0.0007705298969420721	6	0.0007702030004797743	9	0.0004693652934968334	341	0.0004316824450388594	36	0.0009156346967036912	81	0.001047839565334603	9	0.0014811865277203514	6	0.0017126392721978942	9	0.001103054664809883	341	0.001038076841349611	36
9820	0.0007529900594681303	81	0.0007385551594510396	9	0.0007150467922559705	6	0.0016036136344093261	9	0.000831368682733025	345	0.0009060121468314808	32	0.0008334452038887098	81	0.0010558781086030245	9	0.0014293428712662509	6	0.0011077213344070278	9	0.0007104615607751002	345	0.000798460210664573	32	0.0005746703905425497	81	0.0005604694711327625	9	0.0009075199099817153	6	0.0005497704529613754	9	0.00043758331325516884	345	0.0004813730588459075	32	0.0009480356966078747	81	0.0008575843312981082	9	0.0012273918852765816	6	0.0009215215059425463	9	0.0009812704891684755	345	0.00077938688056432	32
9830	0.0009364688653889147	81	0.0009184064771014665	9	0.0008470171778908873	6	0.001061096677659587	9	0.0009156464426789139	345	0.0008047588603617536	32	0.0007937054866281538	81	0.0015552107309484853	9	0.001074829666744136	6	0.001589626335855199	9	0.0006291909767921157	345	0.0007861523899494109	32	0.0006204216356355379	81	0.0005693711575909267	9	0.0005165463975236886	6	0.000540153384777154	9	0.0005641571354437381	345	0.0006856279820250692	32	0.0008987666894967857	81	0.00101649736218806	9	0.0014265993069155923	6	0.0008648405199005634	9	0.0011454682798347478	345	0.001783800407197098	32
9840	0.001075448814706704	81	0.0011943984334921165	9	0.0008939883783139449	6	0.0007787098379189832	9	0.0009195288183010175	341	0.0011117982901457028	36	0.0010270865439866086	81	0.0010026250256970452	9	0.0011533512573778995	6	0.0010297078114804288	9	0.0007026499908789124	341	0.0007874693824912024	36	0.0007615525620892937	81	0.000530819902165127	9	0.000648215080659837	6	0.0008059796971245123	9	0.00045935559100642576	341	0.0005929960374920744	36	0.0006618371443726845	81	0.0007913305279692973	9	0.00033705910187420635	6	0.0009615085141902856	9	0.0010476961674776184	341	0.0011632506891414492	36
9850	0.0007043984480163625	81	0.0007728430180577034	9	0.0010303418834990404	6	0.0008191394360788677	9	0.0007285722501290219	341	0.0006940097149970756	36	0.0007978931120465017	81	0.000787545306447497	9	0.0013232651686401605	6	0.001065805654358761	9	0.0007166358827553474	341	0.0006993946071311014	36	0.0005667571066553606	81	0.0004970163627365851	9	0.0004392110873060932	6	0.0004441004394763984	9	0.00043503469685801167	341	0.0004614618439860371	36	0.0006227219799616045	81	0.0005289329399280365	9	0.0012626769408016342	6	0.0007875041047902484	9	0.0007679935501746693	341	0.0007606134517303321	36
9860	0.0009323827197276669	81	0.0011404478875566954	9	0.0014151300413403917	6	0.0016124133165484522	9	0.0005731912885665717	341	0.0009105311064944661	36	0.000918607905258907	81	0.0010368719196862147	9	0.0012803686432734868	6	0.0008647281479101216	9	0.0007042348507117419	341	0.0006583430622203617	36	0.000503944018996792	81	0.00046466133874355345	9	0.0009143746683661619	6	0.0005768420973301509	9	0.00041301214798395396	341	0.00048027836046766185	36	0.0006393977798870717	81	0.0005304952626154556	9	0.0016686363204157114	6	0.0010250966995099492	9	0.00045024516967933785	341	0.0005893783336553224	36
9870	0.0008402860612223723	81	0.001193250172427507	9	0.0012146151323371081	6	0.0009304314606182739	9	0.0007883330571332597	343	0.0007935447642851739	34	0.0008801755225693656	81	0.001453548998271796	9	0.002027385408807388	6	0.0009360404207624834	9	0.0005718458969807369	343	0.0005923794211780192	34	0.000469404389067912	81	0.0009006463983241046	9	0.000605821462336464	6	0.0004198035151861715	9	0.0005023144319118148	343	0.0006036732153106568	34	0.0005722540002286571	81	0.0005795974405061362	9	0.0008747483453822974	6	0.002310488708161794	9	0.0007075737754438601	343	0.000844762331629702	34
9880	0.000993365243099898	81	0.0007463019915932815	9	0.0013440467645790628	6	0.0010044243637565818	9	0.0009507346979581973	340	0.0009975129810777493	37	0.0007918706575259747	81	0.001518602676596769	9	0.0014131998789273098	6	0.0009605161927771914	9	0.0006145709063778206	340	0.000719570077928342	37	0.000585640315829252	81	0.0006356585351939849	9	0.0005247732027765903	6	0.000521383088415538	9	0.0004916479812867251	340	0.00041082404068879013	37	0.000836265066557823	81	0.0011505737980130161	9	0.000616938651639093	6	0.0011170116125721213	9	0.0009685194164395398	340	0.0009890438896420896	37
9890	0.001081236256166902	81	0.0009046350079290576	9	0.001195493378087366	6	0.001160538240206239	9	0.0007463860485551016	337	0.0011686779165851389	40	0.0008978635187596302	81	0.0013072852400439424	9	0.002021244664547223	6	0.0010406980055087404	9	0.0007335022891867154	337	0.0006528616455629355	40	0.0007355838156344824	81	0.00026231451265357956	9	0.00041627009902895105	6	0.000681842317110629	9	0.00043080965366126426	337	0.0006344559499814219	40	0.0009726332868747395	81	0.0006826837788242199	9	0.0006414436924761215	6	0.001117070825753346	9	0.0008566510605964058	337	0.0009965774396144783	40
9900	0.0009337972900223437	81	0.0007185135658004427	9	0.0010882065599159075	6	0.0015284402841073427	9	0.000938154074541034	342	0.0010782771112088582	35	0.0010719053241558076	81	0.0010612198513182656	9	0.0012535694103833958	6	0.0012082871856590053	9	0.0007482963587649539	342	0.0008593045929434038	35	0.0005334922474637466	81	0.000698082429664518	9	0.0007485501037857704	6	0.0008164546622913524	9	0.0005050171584357198	342	0.0005947461359021342	35	0.0009649292507629598	81	0.0009539228194967754	9	0.0006554820411103081	6	0.0015235378511774108	9	0.0011118715926849208	342	0.001588590449803497	35
9910	0.000903392603320715	81	0.0016260175341857891	9	0.0005018038985394451	6	0.0010647277300091214	9	0.0008632628990012004	337	0.0011469623554047083	40	0.0008271148035293361	81	0.0012184585941981453	9	0.002354697340653401	6	0.0012039288585671702	9	0.0007535785908683674	337	0.0007076373461799251	40	0.0006861197636762687	81	0.0004779705178406395	9	0.0006587588522581018	6	0.0006818349356459619	9	0.00043662903207240735	337	0.0005967587594491712	40	0.0008401733199635424	81	0.0003495969451275204	9	0.002017944531572032	6	0.0004925825296705726	9	0.0009298906277131113	337	0.000882113647128564	40
9920	0.0008608057612475921	81	0.0007556075939435554	9	0.0008049581740916149	6	0.0008301866258238574	9	0.0007693940499806271	348	0.0005974208952019393	29	0.0008059511013160269	81	0.0012979205298610406	9	0.0013593281185341815	6	0.0009415931409918856	9	0.0006255528745888199	348	0.0007284562559061242	29	0.0005301086230554063	81	0.0003467507470639325	9	0.0008054076172261007	6	0.000480280312870807	9	0.00043117206941423604	348	0.0003716333254057517	29	0.0007929981707023102	81	0.0004732942627758883	9	0.0006087390384466283	6	0.0008424695789863211	9	0.0006923650103372092	348	0.0008136748641126456	29
9930	0.0008564132229967937	81	0.0007035732573007876	9	0.0012308990841157573	6	0.000929621025006682	9	0.0007538019198595499	338	0.0007614165192048895	39	0.0008462643607631265	81	0.0014129611202593165	9	0.0019098193426877509	6	0.001203835906117533	9	0.0007202898436790159	338	0.000850151773190086	39	0.0006952606727403406	81	0.000542219734101296	9	0.001113976486883472	6	0.0006252149985709489	9	0.0005108312714166208	338	0.00038775608355586525	39	0.0009412317821136237	81	0.000433092760832572	9	0.0010944090560375292	6	0.0006932441128213186	9	0.0009557296388777559	338	0.0014415749521790922	39
9940	0.001175735044396819	81	0.001316090526206524	9	0.0008894470254072512	6	0.0011379113672857352	9	0.0009469272606288714	343	0.0009410980877753596	34	0.0007337757054248421	81	0.0013907095824392676	9	0.001618494690444939	6	0.0008436244630971903	9	0.0005783859907047753	343	0.0006860193167596646	34	0.0006159584440518152	81	0.00034599330876779904	9	0.000744813942415426	6	0.0006224594845705216	9	0.00045543234056002563	343	0.00044938660233085227	34	0.0006895038554519813	81	0.0006740180410235807	9	0.0007539475406775929	6	0.0012696915531785528	9	0.0007344437874524754	343	0.000629748731402319	34
9950	0.0006520019736495626	81	0.0006428844417579819	9	0.0007550330931989039	6	0.0006085894149417567	9	0.0006233156469522632	339	0.0006125193611933036	38	0.000708871436594375	81	0.0009881248341353775	9	0.001617271298785468	6	0.0010096028077426018	9	0.0005947311079079966	339	0.0007153995615260514	38	0.0005808793001211905	81	0.0006841422275454189	9	0.0006403621791712763	6	0.0006606629249196834	9	0.00045297055354588477	339	0.00047084432838667993	38	0.0008712871634454382	81	0.0007173853041674951	9	0.0010971523030141649	6	0.00033822310371470405	9	0.0011316774478355874	339	0.000660770852464471	38
9960	0.00065936940946873	81	0.0009376167742116281	9	0.0006748799126974685	6	0.0008620380409680018	9	0.0007052367181106025	346	0.000767811332064886	31	0.0007279259737754603	81	0.0008770236247980296	9	0.0016564343671720638	6	0.0010545330649770295	9	0.0006593603443996758	346	0.0006427497558665451	31	0.00045403029293409285	81	0.0003300349471774809	9	0.00044335512072031817	6	0.0006238808468780474	9	0.0003570130367320419	346	0.0003212851633397181	31	0.0009800252665661446	81	0.0005877565095909883	9	0.0009904279400765289	6	0.0007519160075235985	9	0.0012250941343804746	346	0.001083870310780289	31
9970	0.0007967954235223566	81	0.0009429050616890864	9	0.0008701712274158669	6	0.0009360277091962702	9	0.0007162514331259433	345	0.0005852582875402908	32	0.0007412784601880549	81	0.0010638499712992645	9	0.0015024621749077651	6	0.0008854270800381508	9	0.0006653854753438092	345	0.000542919287741425	32	0.00048417882914254513	81	0.0003901915686819508	9	0.0005886049728306191	6	0.0006063934396984909	9	0.0004297623994563821	345	0.00041370874962461747	32	0.0007568547039146118	81	0.00051330156427136	9	0.001441073850152065	6	0.0008378492029520178	9	0.0008337858747746874	345	0.0009657328415748079	32
9980	0.000849916202678325	80	0.000990482223585369	9	0.001028506334307409	6	0.0010631608262332982	9	0.0008217461543306148	347	0.0006609842932351563	31	0.0008972651026073585	80	0.0014060833350972234	9	0.001361540160915055	6	0.0010834194772532597	9	0.0007103955072573059	347	0.00060536430013037	31	0.0005274296296313556	80	0.00045666962914201235	9	0.0007804216607352433	6	0.0005398392371637414	9	0.0004182471593164734	347	0.0004636302444309644	31	0.0008707000492309249	80	0.0006090362141690123	9	0.0005671611552839913	6	0.0010297022908136678	9	0.0009301481378640293	347	0.001380051175415115	31
9990	0.0009168113028394697	81	0.0010619922902611234	9	0.0008233226816559968	6	0.0010326902368256747	9	0.0008176173627287399	340	0.0008765898462634554	37	0.0007913270527574116	81	0.001158133795326398	9	0.0013898938279673868	6	0.001051210030244555	9	0.0007132826607830876	340	0.0006287409659130151	37	0.0005753220899576868	81	0.0007105809406378737	9	0.0004571739477008761	6	0.0006569263781366929	9	0.0004324574443937858	340	0.00048469115289023393	37	0.0012856408629775963	81	0.001990131970828002	9	0.0018886520710442946	6	0.001380402674266749	9	0.0011471077769384065	340	0.0015666720048663518	37
10000	0.0006924020299992806	81	0.0005914856928934041	9	0.0008529559861581098	6	0.0007319722205138639	9	0.0006782067891511578	339	0.0008093225004964239	38	0.0008088668164326395	81	0.0009999348862712715	9	0.0008648398063170983	6	0.0010452756673847248	9	0.0005408297609894566	339	0.0008782305825047547	38	0.0004593858719356148	81	0.0003422922960170557	9	0.0003181848359619635	6	0.0005176015004375491	9	0.0003787071042072167	339	0.00029554411492443717	38	0.0009525250973949294	81	0.000593506721951298	9	0.0012987586959928327	6	0.0011680269149615132	9	0.0009139491419494464	339	0.0009615147744518465	38
