tree_index	02a_SPIKE_21563_25384_human_WTD_187_171_.Nmasked.rate__nonPA_WTD	02a_SPIKE_21563_25384_human_WTD_187_171_.Nmasked.rate__n_nonPA_WTD	02a_SPIKE_21563_25384_human_WTD_187_171_.Nmasked.rate__mixed	02a_SPIKE_21563_25384_human_WTD_187_171_.Nmasked.rate__n_mixed	02b_ORF1a_266_13468_human_WTD_187_171_.Nmasked.rate__nonPA_WTD	02b_ORF1a_266_13468_human_WTD_187_171_.Nmasked.rate__n_nonPA_WTD	02b_ORF1a_266_13468_human_WTD_187_171_.Nmasked.rate__mixed	02b_ORF1a_266_13468_human_WTD_187_171_.Nmasked.rate__n_mixed	02c_ORF1b_13468_21555_human_WTD_187_171_.Nmasked.rate__nonPA_WTD	02c_ORF1b_13468_21555_human_WTD_187_171_.Nmasked.rate__n_nonPA_WTD	02c_ORF1b_13468_21555_human_WTD_187_171_.Nmasked.rate__mixed	02c_ORF1b_13468_21555_human_WTD_187_171_.Nmasked.rate__n_mixed	02d_N_28274_29533_human_WTD_187_171_.Nmasked.rate__nonPA_WTD	02d_N_28274_29533_human_WTD_187_171_.Nmasked.rate__n_nonPA_WTD	02d_N_28274_29533_human_WTD_187_171_.Nmasked.rate__mixed	02d_N_28274_29533_human_WTD_187_171_.Nmasked.rate__n_mixed
610	0.0009695186622449285	292	0.000978774166818972	308	0.0008472833310374488	292	0.0013704569802490399	308	0.0007359140558771466	292	0.001041477011307413	308	0.0012407711506750194	292	0.001418096151189619	308
620	0.0010576449706859669	300	0.0011956740663048916	300	0.0009047787891340662	300	0.0012925673481719992	300	0.0005708754064764132	300	0.0006900124398470074	300	0.0009194040751038198	300	0.0012320533992194837	300
630	0.0007493431408556004	305	0.0008712239179001945	295	0.0008721226245804136	305	0.0013337194684534415	295	0.0006149711746159876	305	0.00075564615044677	295	0.0012497435056020442	305	0.0014601604518949523	295
640	0.0008478716868210376	288	0.0008227877420635282	312	0.000901383046040494	288	0.001281505572921764	312	0.0008350065798752076	288	0.0010379484588594827	312	0.0011649043152093083	288	0.0015449684422719561	312
650	0.0008857603350961004	300	0.0011323637623715085	300	0.000989113633531787	300	0.0012409556816181733	300	0.0008187136928964423	300	0.0009540123993406513	300	0.0008287736049456229	300	0.0011467172101730916	300
660	0.0008215793866753772	291	0.0008885140080308997	309	0.0009445758129860651	291	0.0013414115106213684	309	0.0008391586086865699	291	0.0009075451800720389	309	0.0013181349100008885	291	0.0015069232637851266	309
670	0.0008533092172255482	298	0.0009934246414088181	302	0.0009732792325914235	298	0.0013516976622112292	302	0.0007395582105715285	298	0.0008602714131241133	302	0.001495308689481328	298	0.0016976414787253959	302
680	0.0008083661776117645	301	0.0008569320133931243	299	0.0009941052961852934	301	0.0012530861373064694	299	0.000658555339116795	301	0.000805196505120052	299	0.0011143510864293341	301	0.0016972697225638646	299
690	0.000937467612639717	308	0.0009486480813444379	292	0.0009658975597699049	308	0.0012699000329002928	292	0.0007563765230181438	308	0.0009076228392062475	292	0.0009366612374996892	308	0.001520817590426677	292
700	0.0008649517314224725	307	0.0009840489177820435	293	0.0008636367716695837	307	0.0012556082813743753	293	0.0007065325998052571	307	0.0007961525601204164	293	0.0013580708135635035	307	0.0017420916258748833	293
710	0.0008952960240124856	296	0.0010142884352293807	304	0.0010069505368959118	296	0.0012767608966839043	304	0.0006934332180525307	296	0.0008142684293081869	304	0.0009822199723727078	296	0.0016342220133875602	304
720	0.0009780828423007594	294	0.001070128178983138	306	0.0007946317578651705	294	0.0013357059855332236	306	0.0006849959691359115	294	0.0007147591757341442	306	0.0007398556248852621	294	0.0011297233184851066	306
730	0.0009596422623905552	297	0.001018104606470426	303	0.0009519647610551649	297	0.0013577332532314062	303	0.0006960901783672818	297	0.0008056444750003269	303	0.0010483387465571497	297	0.0015697670627159081	303
740	0.000995785693168565	303	0.000982395799601521	297	0.000895130366864551	303	0.0012319154392139155	297	0.0006178287587760841	303	0.0008806868034678238	297	0.001518845959393846	303	0.0017136443210127347	297
750	0.0010472135356691574	306	0.0010188502253495543	294	0.0010265112070621937	306	0.0013345383166682365	294	0.0006472131823275635	306	0.0008355362714773199	294	0.0010823351452687708	306	0.001164664050885	294
760	0.0009870503800446992	310	0.0009713737138484804	290	0.0008972668085116767	310	0.001290260860299692	290	0.0005989978615852582	310	0.0007625582775085034	290	0.0010701329647822668	310	0.0013211424229083704	290
770	0.0008003963714385717	309	0.0010012379896112485	291	0.0009841897969158023	309	0.0013188146534246531	291	0.000714601993144763	309	0.000908665525648099	291	0.0012632876443287747	309	0.0017465497271853291	291
780	0.000999016688995428	306	0.001054883105706935	294	0.000848856161843638	306	0.0012586165685209581	294	0.0007099050409651196	306	0.0008425824425051742	294	0.0015245134614557411	306	0.0018141066633656558	294
790	0.0009544761141096014	298	0.0010484148907668397	302	0.0008545513806691843	298	0.0012791738526533398	302	0.0007415343721484847	298	0.0008667306622202862	302	0.0011456874814078912	298	0.0014090587825986427	302
800	0.0008338923915721219	297	0.0009613469700921541	303	0.0009515434017110481	297	0.0014054955656249484	303	0.0007478108910199052	297	0.0008155190982260302	303	0.0011442415106543533	297	0.0014055694210261724	303
810	0.0008802428170556474	296	0.001024955175203073	304	0.0009587807137778569	296	0.0012967770392285551	304	0.000729725272053079	296	0.000779175044747521	304	0.0011857875142053961	296	0.0012444361354045138	304
820	0.0008201547359128813	295	0.0010173581027358113	305	0.0009691434781892432	295	0.001505477686387631	305	0.0007181618379393065	295	0.000807615474730505	305	0.0009871890194808038	295	0.0017200728423504552	305
830	0.0009515715807959011	303	0.0010615318596138886	297	0.0008848081631790616	303	0.0014778167531446999	297	0.0006927567005633042	303	0.0008456600120956622	297	0.001157164007107185	303	0.0013923849517709394	297
840	0.0008260276187303389	304	0.0009487384343274921	296	0.0008800630928069836	304	0.0012748784973950831	296	0.0006395396931926989	304	0.0007934812196413072	296	0.0012104464585965217	304	0.0014045564526866427	296
850	0.001050208512606794	305	0.0010905780559584894	295	0.0009070299854946744	305	0.0015164754566931499	295	0.0007228340413672561	305	0.0008706012120935775	295	0.0011640099353013268	305	0.0013298500376011193	295
860	0.000920702273526689	304	0.0010607416932252951	296	0.0009155775730621511	304	0.0013631978609741121	296	0.0007957264655545492	304	0.0008605754317966799	296	0.0016823146208190167	304	0.001989386803452629	296
870	0.000946308811003722	306	0.0010917329973761446	294	0.0011285126015369996	306	0.0014007841513446538	294	0.0007607650867570862	306	0.0008030206748945267	294	0.0017300591647494384	306	0.001683909000075042	294
880	0.0009316362133920695	294	0.0010028253990931977	306	0.0009024205367777052	294	0.0013453065781535451	306	0.0007379486504844831	294	0.0007283755961996638	306	0.0012729977766427415	294	0.0014650356951901602	306
890	0.0010404061742380008	300	0.0010834775445103845	300	0.0008911308297838252	300	0.0011717385571550975	300	0.0008113584434178444	300	0.0009488834079669945	300	0.0009238818002772083	300	0.0012795089325127464	300
900	0.0008089935904539325	309	0.0009348350378139622	291	0.0008472029919429851	309	0.0013774839649400286	291	0.0007596896657856711	309	0.000890936250207341	291	0.0013667346061796354	309	0.0015401850470390813	291
910	0.0008879679015359086	312	0.0009129819287636268	288	0.000837265627225052	312	0.001247586750615928	288	0.0006873278910346853	312	0.0008406779929746182	288	0.0013032152277321746	312	0.001620540198514801	288
920	0.0009216480514625637	298	0.0009925682008207384	302	0.0009396993923209034	298	0.0014378272723190256	302	0.000732876891581831	298	0.0010616159024437906	302	0.0012818240698808717	298	0.001506941321352078	302
930	0.0009932555053364022	295	0.001032309156726631	305	0.001017523798033977	295	0.0012399884975599121	305	0.0006652557228415465	295	0.0007920690659470036	305	0.0012426429394235632	295	0.0013477179083457626	305
940	0.0007879433261386739	308	0.0009585412809510401	292	0.0009819414702779178	308	0.0012271268468414447	292	0.0006631752054319537	308	0.0008594450692490089	292	0.0015013019812281077	308	0.0017354612101380391	292
950	0.0009813450875927276	295	0.0012601411493586333	305	0.0008838630484973999	295	0.0014639122550034855	305	0.0007205407863241126	295	0.0008904464457051997	305	0.0014972948740403025	295	0.0016058914389939826	305
960	0.0010308067761502894	302	0.001045040290906403	298	0.0009683061443420204	302	0.0014364377259717155	298	0.000632795150718556	302	0.0008626243991946595	298	0.0014090999119543528	302	0.0016018859295645182	298
970	0.0010022765521574908	306	0.0010645888868998127	294	0.0009522599413097219	306	0.0013680464669240432	294	0.0007082791845802667	306	0.000855898627263518	294	0.0010555819491922553	306	0.0012244052343688028	294
980	0.0008999689361344732	304	0.000951478792763077	296	0.0011088353576471336	304	0.0014542977982193986	296	0.0007903653149604527	304	0.000871283217182596	296	0.001077029713908752	304	0.0017984174188971167	296
990	0.0007106835840583715	303	0.0008081822205778187	297	0.0009297412211727074	303	0.0013682161911926227	297	0.0007098312195638263	303	0.0008824307257647694	297	0.0012115619640724676	303	0.0014318564967006498	297
1000	0.0008133564750721494	303	0.0009646443718111955	297	0.0009619348510073874	303	0.0014505984340585424	297	0.0007239747687209847	303	0.0008085683202485646	297	0.0015542542182466238	303	0.00149557608082637	297
1010	0.0009963062398529324	303	0.0010003524067129206	297	0.0009436365788870133	303	0.0012108170760522508	297	0.0006431295823575988	303	0.0008160516644614026	297	0.0011054000375017383	303	0.0011160822262840596	297
1020	0.0010076258450013218	297	0.0011421154454328262	303	0.0010791325729218363	297	0.0015123403828358173	303	0.0007832885777795309	297	0.0010403449493450946	303	0.0016195640050961151	297	0.0020418361705810827	303
1030	0.0008879899668301093	299	0.0008832713576324524	301	0.0009495615730208706	299	0.0013642842367425165	301	0.0006514296695160404	299	0.000889732150616999	301	0.0009376990735195986	299	0.0016079343384054357	301
1040	0.0010558700425810784	302	0.0011317550476891021	298	0.001042299015427492	302	0.0013274349835656512	298	0.000639506359007806	302	0.0008037017184640972	298	0.0011082686871576118	302	0.001311205590241959	298
1050	0.0009380367174627264	307	0.0010733632484834841	293	0.0008868774916631197	307	0.0014169675150551705	293	0.0007114556432282005	307	0.000783088369881715	293	0.0012712731590522846	307	0.0013005771092434021	293
1060	0.0006476270870524886	309	0.0007908699594822179	291	0.0008700867490917061	309	0.0014589545264627776	291	0.0005714357105549162	309	0.0007546782859581373	291	0.0013680892938278493	309	0.001598107153877016	291
1070	0.0008854062793661677	300	0.000980690292461602	300	0.00094277501295962	300	0.0015803715222384661	300	0.0006410632988852871	300	0.0007997523589690691	300	0.0016718650657254858	300	0.0014842108820130513	300
1080	0.0008646164431018677	311	0.0009064632385841647	289	0.001008419312098394	311	0.0014379083874637233	289	0.0008442841392752707	311	0.0009529016729634779	289	0.0010147834338701165	311	0.0012884288502623528	289
1090	0.0008803278691142147	310	0.0010271540651028632	290	0.0008267590017508319	310	0.0012177981012036188	290	0.0008772882093085455	310	0.0009444636171581804	290	0.0011308734133248712	310	0.0012656000781689292	290
1100	0.0010256966906511805	296	0.0009635234799651782	304	0.000897972458633281	296	0.0013410249757928145	304	0.0006328092786061675	296	0.0007685527015146005	304	0.001365763550331011	296	0.001793313746271276	304
1110	0.0009324915895791867	304	0.000981235127314186	296	0.0010189499883171663	304	0.0014587179034858309	296	0.0006262119828607253	304	0.0008443994167468185	296	0.001192833334977621	304	0.0014086116672445664	296
1120	0.0009573565457129356	304	0.0010161712717650765	296	0.0009783794742179842	304	0.0013174754401233193	296	0.0007075057982406458	304	0.0008302128894388573	296	0.0014156495035967643	304	0.0014020570142538964	296
1130	0.0010684478336583558	302	0.001295479105339927	298	0.0009847490215012934	302	0.0013422373765201827	298	0.0006562457640625784	302	0.000778659872244391	298	0.0010525737838354462	302	0.0011910951434078872	298
1140	0.0010646155446399842	305	0.0010204173369443355	295	0.0012381610189586567	305	0.0014138312111886418	295	0.0008744036474753192	305	0.00088894636780753	295	0.0012093064354051324	305	0.0015162047279959985	295
1150	0.000902705834261281	303	0.001055579481873379	297	0.0009951425793863653	303	0.0014027231481328324	297	0.0007481555577543717	303	0.0008554480653704991	297	0.0011433457874260274	303	0.0015054878599205755	297
1160	0.0008815875609751285	309	0.0011412038019002588	291	0.0009796371821060234	309	0.001312766186950523	291	0.0007090001478854321	309	0.0008544960163517486	291	0.0011081151200450195	309	0.001220402789429684	291
1170	0.0007765958325824747	299	0.0009957599752839247	301	0.0010343088444095103	299	0.0013921944508429754	301	0.0008209968413486679	299	0.0008693389278821501	301	0.0011108019687521094	299	0.001410477000265853	301
1180	0.0009850925823988938	312	0.0009860005499067355	288	0.0010060832420971508	312	0.0013650466069717265	288	0.0006523267935130972	312	0.0007453073109782374	288	0.0011866974784145463	312	0.001756806928960213	288
1190	0.0010305665965557153	302	0.0010656512834840552	298	0.001069967458371216	302	0.0013765034270525826	298	0.0007020909725437542	302	0.0008524742823545929	298	0.0011299727993434637	302	0.0012467174534212418	298
1200	0.0009672814911170003	301	0.0010962947580834288	299	0.0009236546627675	301	0.001223791455071881	299	0.0007887052085954073	301	0.0008331166788602332	299	0.0009659892516439262	301	0.0012058005007070751	299
1210	0.0009979571135011161	293	0.0010011273429840603	307	0.0009039297901339016	293	0.0012272885608456566	307	0.0008350559192585489	293	0.0008514361532775018	307	0.001579653764234825	293	0.0017976352186892014	307
1220	0.0010198696593583182	300	0.0011323894280749764	300	0.0008815292227573745	300	0.0012107993164390705	300	0.0006513535404399266	300	0.0007951104303400577	300	0.001184047494434972	300	0.001360651590843423	300
1230	0.0008709201380765697	297	0.001065344725740806	303	0.0008220981903848297	297	0.0012911088428328402	303	0.0007876720087679434	297	0.000893739953201855	303	0.0014360704900111833	297	0.0013169071979858783	303
1240	0.0008760444346475891	297	0.0008877004584184662	303	0.0008499887904754734	297	0.0011777352145150666	303	0.0006661116366383211	297	0.0008021155185809798	303	0.0010130970468251945	297	0.001551529591529172	303
1250	0.0008986949069913889	308	0.0008553765383281667	292	0.0007865775108629787	308	0.0012095994140783506	292	0.0005704057407469889	308	0.0008000420348548155	292	0.0010176024344950877	308	0.0012856468638179936	292
1260	0.0009891764399752882	293	0.0010873757158438577	307	0.0009669006305415174	293	0.0013018482782410348	307	0.0007173137152009235	293	0.0009131101202520304	307	0.0018411993350412148	293	0.0016558866976246096	307
1270	0.0008522702531566668	293	0.0009626736037188807	307	0.0010575683038836327	293	0.0013534170694540324	307	0.0007570717804192417	293	0.0009965230260880512	307	0.0012555919043888944	293	0.0017232515961535606	307
1280	0.0008367256145503472	314	0.0008436016509755204	286	0.0008512649680820231	314	0.0012485121992696349	286	0.0006668555947044631	314	0.000909027240721661	286	0.0011496732768051644	314	0.001227512957168811	286
1290	0.0008412000593280626	296	0.000875177445942286	304	0.0009162971465398971	296	0.001432205538099161	304	0.0006274482469628684	296	0.0007632564849838749	304	0.0012289955325133473	296	0.0014325889246502362	304
1300	0.0009072528769262465	312	0.0010053641995000245	288	0.0008410789841957528	312	0.001296806237681856	288	0.000680119893841775	312	0.0008768656042967622	288	0.0011447371837969842	312	0.002086158783860269	288
1310	0.0009573313012298468	302	0.0009486340382981519	298	0.0009074474091060148	302	0.0011800327964482274	298	0.0007280725289553163	302	0.0008747692994038302	298	0.00126121435986577	302	0.001174557516753483	298
1320	0.0009626761981372743	312	0.0009531669105411882	288	0.0010309429595778432	312	0.001471685785541121	288	0.0007169597552977128	312	0.0009251240672106211	288	0.001309033781624502	312	0.0014171020304141722	288
1330	0.0008966996644374679	298	0.0008244057907245768	302	0.0010707217802209848	298	0.001386032145130736	302	0.0007715760567308498	298	0.0008590751043116103	302	0.0017310607282379966	298	0.0021001540421602682	302
1340	0.0013175396141517878	304	0.0011810425356124272	296	0.0009319155639409213	304	0.0011759607890920898	296	0.0007218841390682502	304	0.0008999106896382534	296	0.0012326371473052216	304	0.001400340075490546	296
1350	0.0009443418416745919	303	0.0010521696401500427	297	0.000978998322983015	303	0.0012902512441344432	297	0.0007260978689365489	303	0.000849728330564255	297	0.0013391415437260163	303	0.0015205772834470264	297
1360	0.0008883329143182761	301	0.0008989728589082005	299	0.0008765840253846642	301	0.001138918642734672	299	0.0006579818053868478	301	0.0008285887626322887	299	0.0010877992522394055	301	0.0012733565732464007	299
1370	0.0008341119177144974	298	0.0009487290420810012	302	0.0008169784219364174	298	0.0010790245742083359	302	0.000639867608520667	298	0.0007637533366078369	302	0.0015556298379159597	298	0.0017099850752158097	302
1380	0.0008454728721273912	319	0.0009726785794033401	281	0.0007660391017644093	319	0.0010511733477222964	281	0.0006692681386934262	319	0.0007776903775677765	281	0.0015195840323276731	319	0.0014120180029620468	281
1390	0.0009408249494631675	309	0.001017913683356437	291	0.0009976439485781992	309	0.0012721239239968456	291	0.0005776095750504136	309	0.0007968431212233356	291	0.0010439235286983323	309	0.0013362566786671102	291
1400	0.0008443963137763729	299	0.0009441014541690565	301	0.0008743079829873474	299	0.0013334929108235814	301	0.0007580943395071749	299	0.0008128101068755531	301	0.0008787914192998849	299	0.0013682298399089231	301
1410	0.0008717606247827036	299	0.001073272625351774	301	0.0008999000738420426	299	0.0013907920604059995	301	0.0006908425269514062	299	0.0008807304976402472	301	0.0013147579238961841	299	0.0016423642358220365	301
1420	0.0008324094119026598	302	0.0009400946522553384	298	0.0007700608545872943	302	0.0013211425370348946	298	0.0006478422749138373	302	0.0007993168860360115	298	0.001423638450205494	302	0.0015458969672330924	298
1430	0.0010035230694268654	304	0.000984477001548003	296	0.0010650379156157688	304	0.0015185453903070751	296	0.0006571331622686533	304	0.0008200860535832475	296	0.0010839600038348414	304	0.0014805232490154275	296
1440	0.001000192338942035	301	0.0011314182293983993	299	0.000930676654251873	301	0.0013596943648419672	299	0.0006539288313813643	301	0.000810650668796989	299	0.0013668780507984555	301	0.0016144399973294595	299
1450	0.000955775647141923	302	0.0009906489778317012	298	0.0010629600380867125	302	0.0013307553787126102	298	0.0007748368248494389	302	0.000830361138086324	298	0.001231078284968639	302	0.001356973375234015	298
1460	0.0007884947047247144	300	0.0008719107858440854	300	0.0010067015682365624	300	0.0013350786759546746	300	0.0007528466755515918	300	0.0007989451388095667	300	0.001158052782796716	300	0.0014001769621803666	300
1470	0.0009484525296496301	306	0.0010433819955936157	294	0.0009522053545289328	306	0.001310992286396973	294	0.0006949611388377958	306	0.0007521140737503272	294	0.0011792340847589088	306	0.0012966607010085347	294
1480	0.0010499135143260106	305	0.001143298129811731	295	0.0008456419145464796	305	0.0012517960222702621	295	0.0006766936510648298	305	0.000854216163978284	295	0.0010584408005673335	305	0.00121768912915404	295
1490	0.0009795853924572055	307	0.0010087392195306866	293	0.0008386308001220248	307	0.0014150661945293833	293	0.0007293019484977893	307	0.0008735880254090018	293	0.0013179949906022609	307	0.0014865330436416384	293
1500	0.0009668259168042967	296	0.0009900112632484023	304	0.0009557078477594693	296	0.0013351933671484574	304	0.0007177804131931979	296	0.0009346022208507989	304	0.0016532118814258513	296	0.0017330015812909861	304
1510	0.0011705390621780261	299	0.0012351566772255888	301	0.0010073355439751545	299	0.0012141252257798398	301	0.0008087948387399152	299	0.0009041627650401101	301	0.0009361714142358585	299	0.001291203792660039	301
1520	0.0010693824571180914	306	0.0011095104804984862	294	0.0011541552997705196	306	0.001459722116392596	294	0.0007212675219255299	306	0.0008934183594441148	294	0.0014677957152229373	306	0.0016168214585048266	294
1530	0.0009128923291817778	308	0.0009481072651110713	292	0.0009598634107743495	308	0.001437315918629299	292	0.0008648514081613841	308	0.0009609514091210595	292	0.0009332621206041877	308	0.00226846804384691	292
1540	0.0010298482808447395	297	0.0012361099539135974	303	0.0010433809398231132	297	0.0015108499252071597	303	0.0008328400393613413	297	0.0010285087564414386	303	0.001169277167087517	297	0.0014015670978611962	303
1550	0.001072559490356848	305	0.0011219027391352664	295	0.0009073944650408748	305	0.0013666659669287476	295	0.0006828676566629174	305	0.0007408474489197055	295	0.0010445005362628929	305	0.0014021775588915107	295
1560	0.0009256128347186185	297	0.001007513618769208	303	0.0009762247363135282	297	0.0012947842460302084	303	0.0007497177148294617	297	0.0009109006553138213	303	0.0011334497639441622	297	0.0012607777897539242	303
1570	0.001004697302833248	299	0.0010136557528475116	301	0.0009745311296452575	299	0.0013410314387180314	301	0.0006355469896211787	299	0.0007065748978979451	301	0.0009937733452943763	299	0.0012569300786607295	301
1580	0.0009372577081446961	299	0.0009376064122196502	301	0.0009382626841404041	299	0.0013327373536395045	301	0.000711685759029503	299	0.0007752316567918729	301	0.0009263837641997085	299	0.0010745989296834936	301
1590	0.0009434314140997345	310	0.0008699248539591611	290	0.0008175231503847096	310	0.001194140313510644	290	0.000781497238952375	310	0.000965568322687084	290	0.0010725676016780732	310	0.0016838139629249485	290
1600	0.0009905554404893186	290	0.0011102889178241542	310	0.0009566291818483305	290	0.001397221006990134	310	0.0007751103168008739	290	0.0009345949695342492	310	0.0014174505320530637	290	0.0016281160487952816	310
1610	0.0011093424724829709	302	0.0010277866120303332	298	0.0009116360574073163	302	0.0013887950228149491	298	0.0006545267086640029	302	0.0007601071247274563	298	0.0014531263483401823	302	0.0016118664675675264	298
1620	0.0008082508062675674	301	0.0009093732200610254	299	0.0009182199176717885	301	0.0013342696336697667	299	0.0005870331705498286	301	0.0007178851345856883	299	0.000867721618416689	301	0.0009344963886948542	299
1630	0.0008294608436233591	299	0.0008893827623811197	301	0.0009877639595770996	299	0.0014890960874137692	301	0.0007272355153592504	299	0.0008841144527521763	301	0.000998263029045381	299	0.0012033628174322778	301
1640	0.000983091348346845	308	0.001029331583051706	292	0.000998543404400825	308	0.001546413659183384	292	0.0006708274313561387	308	0.0009199618620523363	292	0.0012509726229870536	308	0.0013367287862317478	292
1650	0.0009047569908168539	303	0.0009698578217654143	297	0.000879601768977082	303	0.001370476876756241	297	0.000625174815002159	303	0.0007382929949442583	297	0.0009865279712822602	303	0.001205626044117225	297
1660	0.0010063707317715827	305	0.0008973350561309498	295	0.0007728804978654319	305	0.001078659207765326	295	0.0005959273236635781	305	0.0007000585480110905	295	0.0012855889696075547	305	0.0013391016798125887	295
1670	0.0007946804095512349	292	0.000832682831942715	308	0.0009259659273961228	292	0.001228800341961715	308	0.0007516124508714346	292	0.0008055630913004569	308	0.0013703053228307424	292	0.0016535104043563557	308
1680	0.0007428155936551552	305	0.0008661538703129195	295	0.0008309448282826653	305	0.0013841026269176822	295	0.0007209486470121824	305	0.0008977481235382524	295	0.0011254258031084873	305	0.0013632315690614318	295
1690	0.001141533275722083	305	0.0011765302915058738	295	0.0008710887703945177	305	0.0012135910483604545	295	0.0007502562027391914	305	0.0008157800844041615	295	0.0012737865119939891	305	0.0015720405374007012	295
1700	0.0009324199368348348	302	0.0009752647579197811	298	0.0009534100032848761	302	0.0012701700169187782	298	0.0006219506302775532	302	0.0007344099084128848	298	0.0014024890457344404	302	0.001424637957869064	298
1710	0.0009064083219670744	311	0.0009800687505354033	289	0.0009108333800942143	311	0.001252995877296722	289	0.0006958298370608669	311	0.0007612341586236151	289	0.0012556745506830285	311	0.0014146916371832294	289
1720	0.0010811447119034852	293	0.0011564930715347163	307	0.000942051768493346	293	0.0015432145034460871	307	0.0006618918452540323	293	0.0008567863358215413	307	0.0008928128371604655	293	0.0012176159954820065	307
1730	0.000889818091669379	305	0.0009065670693799516	295	0.0010768088171946165	305	0.0015072259561784737	295	0.0008683945740659571	305	0.0009393004599045543	295	0.0012548325121378558	305	0.0020447245334180996	295
1740	0.0009885891021551604	300	0.0011560275351861417	300	0.0010089895422275177	300	0.0013717020040794306	300	0.0007122613197943367	300	0.000826455937598246	300	0.0010392694841201222	300	0.0014669746959638655	300
1750	0.0008949136039141022	303	0.0009534575293844847	297	0.0008856339623749878	303	0.0012694541083469765	297	0.0007060442691076176	303	0.0008498712964166024	297	0.0010959518118700416	303	0.0012213611491315157	297
1760	0.0010163018221916512	297	0.001003703878612106	303	0.0009249018988986655	297	0.0012055897355011168	303	0.0007470239536696639	297	0.0008753165382503459	303	0.001013026561561806	297	0.0015493593105068131	303
1770	0.0010642623915262262	305	0.001051614829353836	295	0.0009174487470229167	305	0.0014192616426482944	295	0.0007517075770733957	305	0.0008549974408705266	295	0.0016144166227334794	305	0.0017703032622997026	295
1780	0.001049311421443633	291	0.0010469845237264992	309	0.0008861551816269941	291	0.001287347984306409	309	0.0006746275530928232	291	0.0007889463504493537	309	0.001052157145510091	291	0.001429439277216606	309
1790	0.0008618900377022238	315	0.0009159388737813198	285	0.0007722654435185365	315	0.001164631729277135	285	0.0005775717206145433	315	0.0007151874691431178	285	0.0011340244304414886	315	0.0012878392775371027	285
1800	0.0009436345952610509	302	0.0009657033900324209	298	0.0007961786025770861	302	0.0011031108089906152	298	0.0006245324543261797	302	0.0007217047111103471	298	0.001180924426300344	302	0.0011822132234577721	298
1810	0.0008188013668811001	302	0.0009683136468309543	298	0.0007976663735132489	302	0.0011442441410631206	298	0.0006856018179150071	302	0.0008635933631840262	298	0.0012412280382375423	302	0.001438975214890702	298
1820	0.0011335639818418105	302	0.0010510614294351093	298	0.0008658538738216098	302	0.0011385770959209322	298	0.0006724321842685616	302	0.0007959440795703404	298	0.0010823512261435911	302	0.0010681497967489318	298
1830	0.0008855470699831977	292	0.0010165035995739829	308	0.0009297841591151865	292	0.0013530305992848876	308	0.000625908664727203	292	0.0008344992305621924	308	0.0015857081978424216	292	0.001767164762928591	308
1840	0.0008707072171806549	298	0.0010232359312654909	302	0.0009591754878243485	298	0.0013179975278440898	302	0.0006916354287417805	298	0.0008078074396541803	302	0.0015165596312748432	298	0.001529939238757881	302
1850	0.0009242105939834424	308	0.0009410806595095305	292	0.000910307177062782	308	0.0012695132549397357	292	0.0006346972916660899	308	0.000971587560864799	292	0.0013996151334665047	308	0.0016550937190141803	292
1860	0.0009930170419372554	296	0.0010919148377401065	304	0.000999823826058757	296	0.0014163953423179255	304	0.000672860072037579	296	0.0007841477457765303	304	0.0012058172484585125	296	0.001213324852042179	304
1870	0.0009672286158544512	302	0.0010228432946145965	298	0.0008087154377518491	302	0.0012222888722590425	298	0.0008175847132538167	302	0.0008418739353027086	298	0.0012155189392583294	302	0.0014315562649725212	298
1880	0.00084254598778593	297	0.0010226603660900072	303	0.0009721975279988423	297	0.0013739566431035491	303	0.0006840042653088778	297	0.000833363445994495	303	0.0013159433636713246	297	0.0013396062792282487	303
1890	0.0011376254971145743	296	0.0011641940465645009	304	0.000927470845515714	296	0.0014319890372461051	304	0.0007492474992740269	296	0.000970396406039827	304	0.0015051205874415305	296	0.0019188292309398223	304
1900	0.001010389889608856	298	0.0010809601606829112	302	0.0008279882107202542	298	0.0012523172021499556	302	0.0007882183512653905	298	0.0008381753662244296	302	0.0014670217721810684	298	0.001640778019183899	302
1910	0.0008422729216810673	310	0.001030649402164546	290	0.0010573128188892161	310	0.0013336580688114922	290	0.0007263495636680503	310	0.0008044327260362044	290	0.001345482504758105	310	0.0019991227849251326	290
1920	0.001097855219297588	298	0.0011729800960603516	302	0.0010593504640085214	298	0.0015409880649876072	302	0.0006162918485977626	298	0.0008654304234770493	302	0.0010799704318506867	298	0.0013857742641588454	302
1930	0.0009845191811429265	303	0.0009626837508735215	297	0.0009325353225035281	303	0.0013385071688390125	297	0.000780493227809547	303	0.0009800295741121897	297	0.0011239450240983658	303	0.001662715763247166	297
1940	0.0009306789314248855	294	0.0011468758522234065	306	0.0009256675382503243	294	0.00132514804026157	306	0.0008145698906797148	294	0.0010201125570123283	306	0.001176337793374354	294	0.0013271232627637616	306
1950	0.0009412660242505918	302	0.001008127811551505	298	0.0007687365710083892	302	0.0013269404844089437	298	0.0005647983740656784	302	0.0006739484433799842	298	0.0016880426479613752	302	0.001758653757677135	298
1960	0.0007419686203525836	297	0.0009117097680844924	303	0.0009731437074901803	297	0.001363571811788255	303	0.0006635840442147551	297	0.0008769507523859097	303	0.0013763998079713172	297	0.0012972316525029272	303
1970	0.0009177022226114299	302	0.0010120713457750408	298	0.0008059142592454691	302	0.0012435516979081808	298	0.0005882210356451515	302	0.0007409239387327284	298	0.001401094355586635	302	0.0017352124885228583	298
1980	0.0008318248979090109	302	0.000996382271995964	298	0.0009692015045270931	302	0.0013955097530660074	298	0.0007767339991744737	302	0.0008798194534840279	298	0.0013679780340930398	302	0.0015494119833414561	298
1990	0.000874674116639805	310	0.0009331526849665524	290	0.0009133464962255645	310	0.0013530924955000505	290	0.0007298136448140465	310	0.0009956912850792713	290	0.0010673043842434188	310	0.0011217410240517626	290
2000	0.0009912797619820528	299	0.0009172442049325191	301	0.0009267993436035557	299	0.0012533450627649455	301	0.0006019708379341594	299	0.00078391923488454	301	0.0017716228305332087	299	0.00164421268376131	301
2010	0.0011225639692636418	303	0.0012276717251707544	297	0.0010363655106987316	303	0.001345416399646895	297	0.0006949253839137162	303	0.0008440739716096472	297	0.0009159847432093	303	0.0010085569025992485	297
2020	0.0008702028453130831	298	0.000976254031990348	302	0.0008738400348805554	298	0.0013316166752259668	302	0.0007100403841250618	298	0.0007987196710450735	302	0.0012098569815869723	298	0.001326636416217797	302
2030	0.0012058342779546895	306	0.0013244653165494016	294	0.0009269018393478856	306	0.0012485460709523019	294	0.0007284539464222685	306	0.0009215759458717005	294	0.0010246665864409232	306	0.0013294043939382932	294
2040	0.0008686913119576171	305	0.0009457502722323943	295	0.0008657258886679215	305	0.0012753528043181219	295	0.0006452098483196947	305	0.0008462063823136594	295	0.001319065841029851	305	0.0012125470047880545	295
2050	0.0009756150361147396	302	0.0012289081186686677	298	0.0009495565086236076	302	0.0012555597376464433	298	0.0006518119670214254	302	0.0008892176810439627	298	0.0012528494785882228	302	0.001415864992218518	298
2060	0.000940191061110079	307	0.0009658199231464526	293	0.0010075941784688357	307	0.0013991698746790534	293	0.0006001862552281338	307	0.0007742453983867974	293	0.001590844737010617	307	0.0017262171893620214	293
2070	0.001024328051489144	302	0.0009904415175814349	298	0.001104008582133515	302	0.001355808187905826	298	0.0007226313923857634	302	0.0008789564052952385	298	0.0011710893190353619	302	0.0015207424148425983	298
2080	0.000800967741702483	308	0.0009261153097407439	292	0.0008781530927529393	308	0.0013915588433676216	292	0.0007465187871820969	308	0.0009125798883092173	292	0.0016300864363928066	308	0.001915283572135697	292
2090	0.0007726011847623287	298	0.0009724964845116257	302	0.0011113951658890656	298	0.001317859843952464	302	0.0008590765274921715	298	0.0009717765743444256	302	0.0015781195515764655	298	0.0021193502401586554	302
2100	0.0008823533031316004	309	0.0009852272140733994	291	0.0010397114801654745	309	0.0012871072133735578	291	0.0007337204754879423	309	0.0008079797765148421	291	0.0014840779577311833	309	0.0017450917199515437	291
2110	0.001009082231367515	310	0.0009478166932169288	290	0.0008992104336370486	310	0.0012770352642993432	290	0.0007954150166269694	310	0.0008376924252324059	290	0.0012426720323189982	310	0.0015611520514619125	290
2120	0.0009025762408599582	301	0.0009579293975913096	299	0.0009920642250913817	301	0.0011192864420901012	299	0.0006758553440741791	301	0.000806167303456149	299	0.000854739526273374	301	0.0011081452338543194	299
2130	0.0008132198049098458	306	0.0008989805449706451	294	0.0009350580339000154	306	0.0015974305068852275	294	0.0006465526437042377	306	0.0008122522937748076	294	0.0010284366154300554	306	0.0012180564592601884	294
2140	0.0010345540706626385	304	0.0010624290280139205	296	0.0010453645500167156	304	0.0013174361345153042	296	0.000708358525786808	304	0.00088401192624845	296	0.0013149208815557802	304	0.001528526537326453	296
2150	0.0008598047976699684	293	0.0009904476166236876	307	0.000987694042950801	293	0.0014803006116331917	307	0.0006899765182602532	293	0.0008493624389239199	307	0.0013294698420949986	293	0.0013551646635512104	307
2160	0.0008793922464767336	298	0.0009157995761681338	302	0.0010972265436244694	298	0.0012864051790006745	302	0.0005492634287857734	298	0.000678676227477484	302	0.0015028604534977432	298	0.0018832695191258579	302
2170	0.0008228211698932519	310	0.0008990558868114051	290	0.0009567108403021525	310	0.0012117463811040302	290	0.0007195115264810087	310	0.0008760252586332145	290	0.0009688921376216037	310	0.0010581314267469266	290
2180	0.0008407158110289656	304	0.0008761420910694907	296	0.0008284068049432131	304	0.0011000218458317881	296	0.0007796829780598976	304	0.0008552552301200621	296	0.001147082139905634	304	0.0015293712061727447	296
2190	0.000962113457542144	313	0.0009706408212990003	287	0.0010294757489621564	313	0.0013568772175669176	287	0.0007400996145864032	313	0.0008456389152904479	287	0.0010413266056207128	313	0.001399065624349946	287
2200	0.000844183330171004	308	0.0010128261178660376	292	0.0008373294295968108	308	0.0011600927399742506	292	0.0007483715020503891	308	0.0007885302913993336	292	0.001204445498123267	308	0.001531004611373822	292
2210	0.001053768122712031	308	0.0010674031617237344	292	0.0009722025711339613	308	0.0012480767058424096	292	0.0006463050652807323	308	0.00084497867995935	292	0.0013271310009247933	308	0.0016444972369997178	292
2220	0.0010612246599844034	299	0.0010378104632024706	301	0.0011232627403101887	299	0.00135486358743411	301	0.0007952399107415922	299	0.0009134330887613993	301	0.0012445787656409097	299	0.00159005258431546	301
2230	0.0009383107708157306	307	0.0009703644289227212	293	0.000868780265083245	307	0.0013452495007709117	293	0.0007850823516895863	307	0.0008741987679231201	293	0.0016034230674075662	307	0.0018460412363819631	293
2240	0.001193751172357816	306	0.0011952691347177679	294	0.00102942613852699	306	0.0014820448635797206	294	0.0007742859027646341	306	0.0009047414127219432	294	0.0009859001870133873	306	0.0011731419859475733	294
2250	0.0009379444099626832	299	0.0009131801369333425	301	0.0011081360789331357	299	0.001429099662150527	301	0.0007299077349923043	299	0.0008348417633701731	301	0.0012279668279393343	299	0.001438010514913974	301
2260	0.0011418153833054742	300	0.001172827928162118	300	0.001089358849288824	300	0.001468075852260671	300	0.0007681742304359036	300	0.0008694199280640718	300	0.0017671354496904838	300	0.0018411091322638336	300
2270	0.0009242710052274436	305	0.0011830909068502396	295	0.0008366458604468875	305	0.001333169947761565	295	0.0006523522261848574	305	0.0007731332026345971	295	0.0009717527811803567	305	0.00115490968244121	295
2280	0.0009585686809581272	304	0.0011517486744894979	296	0.0009335399828821483	304	0.0012505714765279738	296	0.000697996722577466	304	0.0008374760928143078	296	0.0012568714220643018	304	0.001510099861622607	296
2290	0.0010778020059831377	303	0.0012313148632812016	297	0.0010366107391491265	303	0.001628678024651035	297	0.0007850325424529711	303	0.0008810254183162893	297	0.0014734317372652314	303	0.0016338968121040692	297
2300	0.0011188574019461645	299	0.0010628229020021595	301	0.001281725934534617	299	0.0015873085472403853	301	0.0007804803726638453	299	0.0008778238161702273	301	0.0015678740852221964	299	0.0013631313362430133	301
2310	0.0009205380967040286	312	0.0010349400535715333	288	0.0009368215076398192	312	0.0013324432509832032	288	0.0008185068262018119	312	0.0009152226949273684	288	0.0016043591962981195	312	0.0017265085609362166	288
2320	0.0011104451879697325	304	0.0011363863318311306	296	0.000991548346770668	304	0.001246605273694897	296	0.000804896624843279	304	0.0008395857584110636	296	0.0008845906685224396	304	0.0010521043140699026	296
2330	0.0010157276435029054	304	0.001053539292096348	296	0.0009959033635903631	304	0.0014018229066846966	296	0.0006635897331135083	304	0.0008528262774729977	296	0.0012495489298231226	304	0.0013938566834580447	296
2340	0.0010047354590153753	307	0.001037946983396281	293	0.0009108883572564877	307	0.001280517951432263	293	0.0007139759967668964	307	0.0008648000344436372	293	0.0013705199150186673	307	0.0016092214144671942	293
2350	0.000784437434464793	305	0.0008648252905612172	295	0.0006982016812324885	305	0.0012089036346460999	295	0.00078202882238385	305	0.0009197747862539799	295	0.0011344647060577136	305	0.001350036846912769	295
2360	0.0008976320380128592	315	0.0009212044663960583	285	0.0009819377081083187	315	0.0013151005437036791	285	0.0006705375012766633	315	0.0007401223937319619	285	0.001023476843428318	315	0.0011772121675005212	285
2370	0.0008052166242665742	304	0.000902492391678568	296	0.0009803522945024503	304	0.00139743175589622	296	0.0006881642948585218	304	0.0008456552768839946	296	0.0011707961956142824	304	0.0012167882029535204	296
2380	0.0010719382256292851	307	0.0010139248024100876	293	0.0008838161030743762	307	0.001493452625563826	293	0.000695501488059135	307	0.0008276325176580833	293	0.0010937380718721375	307	0.0017383015516837447	293
2390	0.0009480824006569614	300	0.0009436810636089395	300	0.0009525213030831547	300	0.0014141958545921213	300	0.0007053270867889254	300	0.0008706456983947889	300	0.0011334941324484492	300	0.0014583529737559578	300
2400	0.001051524696816667	296	0.0010224400550524295	304	0.0009993998288027625	296	0.001484173208283268	304	0.0007347708802590603	296	0.0009116748384244371	304	0.0014185928211573426	296	0.0017639652746049021	304
2410	0.0010651095579624517	306	0.0010924434887292357	294	0.0010210434465479437	306	0.0014650150098726646	294	0.0005868869665452172	306	0.000816486049655685	294	0.0012642286895187505	306	0.0014794056624677747	294
2420	0.0010609790108919773	308	0.0010053302772737405	292	0.0009780361979066733	308	0.001316230171364394	292	0.000646497285572326	308	0.0008248124836267521	292	0.0015576633161411002	308	0.0016296121853582504	292
2430	0.0011184566981949416	297	0.0011170792507886797	303	0.0007863451363492467	297	0.00111300943442092	303	0.0007130254626149385	297	0.0008209936767379092	303	0.0014274089698180265	297	0.0012138678225986038	303
2440	0.0009965865251617648	295	0.0010376756954825017	305	0.0010327639429113483	295	0.001424249626376496	305	0.0007193186546112559	295	0.0008072556194524533	305	0.0010955633916079623	295	0.0012914206693544763	305
2450	0.0009798270811963504	294	0.0010067469024768064	306	0.0010043245566814967	294	0.0013908062926293614	306	0.0007902077133988397	294	0.0008711340885971349	306	0.001006177248702096	294	0.0013034236949984713	306
2460	0.001125896727425079	302	0.0011254282801217066	298	0.0008756019172911898	302	0.0013559259215862119	298	0.0006189288623812336	302	0.0008441761775610951	298	0.0008180583977120707	302	0.0010549731391869225	298
2470	0.0010017781787465183	302	0.0012127362073932899	298	0.0007918898007675687	302	0.001178114114549659	298	0.0006196920183294431	302	0.0007592445029520041	298	0.0011531352142818418	302	0.0012505054504908964	298
2480	0.0009004448881425404	299	0.0011011958711587204	301	0.0009232254663829449	299	0.0013240823479067007	301	0.0007126470244058886	299	0.0008422514835690742	301	0.00141198657058787	299	0.0017186128892789025	301
2490	0.0010279752138038377	305	0.0010894919816449133	295	0.0010695955943536672	305	0.0013647195146077944	295	0.0008307880643338795	305	0.000882464813393206	295	0.0013470084532980384	305	0.001707931823941154	295
2500	0.0009421934995345411	294	0.0010906573504839189	306	0.0007803494946532838	294	0.001259031673684135	306	0.0006987657476893495	294	0.0008784687850137246	306	0.0015138339122080261	294	0.0014468854360772932	306
2510	0.0010092868980250817	305	0.0011406120472446843	295	0.0010218320923225002	305	0.0013964831325256955	295	0.0006823156871508876	305	0.0008862344644108742	295	0.001244181013938024	305	0.0012485899450226884	295
2520	0.0009263544940494522	311	0.0011258855253370235	289	0.0008849271968818825	311	0.0012241558176674628	289	0.0006687579095832194	311	0.0007341236535452501	289	0.0012689961002621823	311	0.0019462380828879076	289
2530	0.0008899981950391393	308	0.0009564758150646651	292	0.0008772171717703552	308	0.0013690468668435918	292	0.0006606337104785973	308	0.0007799450103281882	292	0.0012735366492920427	308	0.001364843882532526	292
2540	0.0009451994739840779	301	0.0010227780176486577	299	0.0009332057019235035	301	0.001214608813104471	299	0.000674781430990521	301	0.0008752618264814956	299	0.0009619478680634992	301	0.0013073095375086725	299
2550	0.0008602967497248861	290	0.0010384952692890372	310	0.0009537694820211809	290	0.0012546874631713923	310	0.0007816206754427796	290	0.0008956964167594573	310	0.0016820821344662278	290	0.001922911963424386	310
2560	0.0009039806079505623	292	0.001051808512164482	308	0.0009216137539664237	292	0.0012523791312086154	308	0.0006557238057857094	292	0.0007360187173252802	308	0.0013102139005656006	292	0.0015369576913825194	308
2570	0.0009732013605701367	312	0.0010598255833577386	288	0.0009684871709156706	312	0.0013003911558264357	288	0.0006666713377569156	312	0.0007293587460840473	288	0.0010764070564494284	312	0.0012294215689162323	288
2580	0.0008120331988516383	299	0.0008917007853547778	301	0.0009625741424606187	299	0.0012997630443674529	301	0.0007679984040884766	299	0.0008890590028794777	301	0.0012656038862333561	299	0.001440077684291238	301
2590	0.0010232775993858406	294	0.0010827065337638297	306	0.0010394951826767254	294	0.001386594747291584	306	0.0007446003464128688	294	0.0008661127093512802	306	0.0014902999290175752	294	0.0017467885331018116	306
2600	0.0011164891416633805	292	0.0011747675939406325	308	0.0011055281893285695	292	0.0016220431243079913	308	0.0006768658907419193	292	0.0008454170888833581	308	0.0015014924297075541	292	0.0013097339486789008	308
2610	0.0009189205921798797	300	0.0008870647853631954	300	0.0008810903140383789	300	0.001294828651020321	300	0.0006091595000561248	300	0.0007640196505806967	300	0.0012822311175870822	300	0.001561554018187915	300
2620	0.0009905337789894299	294	0.0009454162423733728	306	0.0009213752343156355	294	0.0012732504796045974	306	0.0006032219284363327	294	0.0007092442098868642	306	0.0013133017041306251	294	0.0015524511508012877	306
2630	0.0010024370362269985	309	0.001053124140276801	291	0.0008840725389425852	309	0.0013476124955877284	291	0.000689837159015273	309	0.0008453829014064712	291	0.0010025291129477124	309	0.0016076929519039363	291
2640	0.0008662228491163769	307	0.0009919158685777697	293	0.000881615798357713	307	0.0012432647536285634	293	0.0007615866703841275	307	0.000836764185432954	293	0.001340247945363715	307	0.0016087759575849905	293
2650	0.0009260311587089284	304	0.0009999620045995554	296	0.0008516114408192056	304	0.001251210670958732	296	0.0006936326171355175	304	0.0008545573299835602	296	0.0015133440674741884	304	0.001703280441788506	296
2660	0.0009482652726499432	304	0.0010628389477073889	296	0.0009262780857288172	304	0.0013844802987711912	296	0.0007471352045476323	304	0.0008313461590379052	296	0.0013554601671704177	304	0.0015225624909584832	296
2670	0.000871179470751917	305	0.0009212078877758658	295	0.0009380609543230559	305	0.0013434989013618977	295	0.000716730537715005	305	0.0008596642071667554	295	0.0011914298037894386	305	0.001363877217666883	295
2680	0.0010249713583520756	305	0.0011424292488956417	295	0.0009120726896067007	305	0.0013230351549030138	295	0.0007024685279800815	305	0.0008281380832652058	295	0.0009745365635194309	305	0.0012176888297443184	295
2690	0.0010010286316764808	300	0.0009484611908634776	300	0.0009218658364412328	300	0.0013330892246986104	300	0.000672908089329124	300	0.0007731721639238018	300	0.001376210962991753	300	0.0013994893326909777	300
2700	0.0009569693491160346	301	0.0009848032771853908	299	0.0010324069461371678	301	0.001442380440073757	299	0.0006807409678519214	301	0.0009317197067871991	299	0.001444691482606835	301	0.001376995677127018	299
2710	0.0009676610825123524	296	0.0011416559423639925	304	0.0010484192058934736	296	0.001681934604105161	304	0.0007811762328455362	296	0.0008654648697684251	304	0.0015378275363181642	296	0.001913757670128271	304
2720	0.0011286213705449827	302	0.001233926509704618	298	0.001066713282865273	302	0.0013215901118990452	298	0.0008359066440691472	302	0.0008514702535620948	298	0.0015322340002052683	302	0.0015949471621213647	298
2730	0.0009037079320458139	296	0.0010970005419236794	304	0.0010312805343747691	296	0.0014112925978118772	304	0.000838517077021168	296	0.0009577234019742677	304	0.001200195628722918	296	0.0012099714502122499	304
2740	0.0011110547928672037	302	0.0012061317611214597	298	0.0009481450508423248	302	0.0013737812057894798	298	0.0006623895958886093	302	0.000782987779445905	298	0.0010502357679238546	302	0.0014919781102980634	298
2750	0.0010598887146140781	303	0.0012629550125999043	297	0.0009434411984087833	303	0.001337449582929308	297	0.0008098887560050395	303	0.0010276379944389276	297	0.0013158278358367482	303	0.0012758841867639057	297
2760	0.0009768199730965583	301	0.001163418211573684	299	0.0009217487746389496	301	0.0014864884312116645	299	0.0006844403001979096	301	0.0009298268110459782	299	0.0009002674219424458	301	0.001506337143787135	299
2770	0.001271443919715178	301	0.0011986610173225349	299	0.0008514140405228158	301	0.0014717117910984312	299	0.0007597924589368829	301	0.0009162726141502178	299	0.0011268561884605001	301	0.001385395053024415	299
2780	0.0009815659721736899	287	0.0010840928791569608	313	0.0009630491573695934	287	0.001303264513062476	313	0.00077935353260252	287	0.0009053525640596625	313	0.001202115548649053	287	0.001489375589701132	313
2790	0.0011284840401219998	296	0.0011751162496385769	304	0.0012268717472956388	296	0.0014735742884233105	304	0.0007907823145550807	296	0.000876371118022913	304	0.0010563978096049407	296	0.0013035500975842153	304
2800	0.0008821555531598484	300	0.0010605141070277205	300	0.0009598778488224657	300	0.0013408219673446424	300	0.0006796871065915633	300	0.0007976950234874958	300	0.0012102336079333417	300	0.0013340031802468969	300
2810	0.0008862749589243994	290	0.0010076162142480841	310	0.0011214993394362638	290	0.0015070972757751592	310	0.0007787328673223195	290	0.0009157347594402634	310	0.0008967969145007557	290	0.001174111830027786	310
2820	0.0007728258087675265	302	0.0008080137204503375	298	0.00083040545458129	302	0.0013368744499802944	298	0.0006601215685124665	302	0.0007853160881032667	298	0.0008629949415014786	302	0.0010048313883073508	298
2830	0.0012203434124402606	303	0.0011463132665309457	297	0.0008685732173117279	303	0.0012481055085751794	297	0.0006394523611381722	303	0.0007541053723731328	297	0.0009549298664787846	303	0.0010323169622374051	297
2840	0.0008456052278119991	301	0.0011518518177191005	299	0.0009018658321275681	301	0.001174038788568449	299	0.0007206913657259414	301	0.0008009771966090381	299	0.001212241343849791	301	0.0013584345742703268	299
2850	0.0010000465207915003	303	0.0009147716460479822	297	0.0008944213705019661	303	0.0014004077139660653	297	0.0007527225440081663	303	0.0008229822234905219	297	0.0009286579285633922	303	0.001087210872227183	297
2860	0.0009874257867835635	306	0.000979840102187348	294	0.000928516356015752	306	0.001237377716071016	294	0.0006448344586980996	306	0.0007907933472933058	294	0.0013411480776796775	306	0.0015024179032617462	294
2870	0.001018204226060649	297	0.0010701749110304732	303	0.0009309861385318966	297	0.0014209820522220586	303	0.0007718460149593648	297	0.000967512334155586	303	0.0015117083023855	297	0.0013513975047547667	303
2880	0.00103172437086708	308	0.0010188457533763034	292	0.0009740496913863953	308	0.0013944960059319687	292	0.0007596503081358064	308	0.0009510635737476613	292	0.0011638242106008015	308	0.0013085742962664344	292
2890	0.0010971301819421104	307	0.001178297556763038	293	0.0010624640837756842	307	0.0013989718493624239	293	0.0006832525233997383	307	0.0008257603017259476	293	0.0010369153564882257	307	0.0012457763856013359	293
2900	0.0010210309266998599	297	0.000988470339160432	303	0.000861037545651978	297	0.0014474454357557903	303	0.0006521508033554023	297	0.0007572893273658021	303	0.001499247059122041	297	0.0016490739533034538	303
2910	0.0008489194270570819	305	0.0009399585291951266	295	0.0009047905642676318	305	0.0013899050804258367	295	0.0007344460450518279	305	0.0008235707252746697	295	0.0013968520688046706	305	0.0013206674160305778	295
2920	0.0010141725005131782	299	0.0010971151451604356	301	0.0007880438801407942	299	0.0012769578974823515	301	0.0006430686621505257	299	0.0008646380705799327	301	0.0013986172623156321	299	0.0016856160667281287	301
2930	0.001153551713811161	298	0.0011735629479985973	302	0.0008337467848949771	298	0.0012189127843820057	302	0.000735245181752725	298	0.0007945655328697193	302	0.0014784326552338483	298	0.0014662579936757182	302
2940	0.0009008097173159635	300	0.0010199959844166176	300	0.000897691532401782	300	0.00148850034818398	300	0.0007262055871720965	300	0.0009217412467533076	300	0.0012508551530956823	300	0.0014334889685989826	300
2950	0.0009536179516399418	294	0.0009698993569034486	306	0.0010073947183658657	294	0.0013071343944803745	306	0.0007120396469194561	294	0.000757190495216143	306	0.001687108767297333	294	0.001192694165952318	306
2960	0.0009684195123129657	299	0.0010135185512478422	301	0.0008086745085522985	299	0.0012788173618056287	301	0.0006947696678449689	299	0.0008702170769128064	301	0.001114605859996928	299	0.0013627485560926838	301
2970	0.0010573445187441926	315	0.0009645413187525832	285	0.0009888491466279398	315	0.0012437563978644915	285	0.000634947311669447	315	0.000817610833212914	285	0.001090557875525814	315	0.0011929828705906462	285
2980	0.0007746664616892302	296	0.0007794214221381903	304	0.0009392567553366368	296	0.0011949073318975676	304	0.0006933987772147125	296	0.0008537142234947204	304	0.0009634568972001617	296	0.0012501008643646795	304
2990	0.0009473957831839858	305	0.0011168240081265548	295	0.0009733928548741601	305	0.0013175384650779345	295	0.0007501533753329513	305	0.0009083016927793467	295	0.0012075620218646923	305	0.0014582537870136822	295
3000	0.0009094009606663795	299	0.0008487826506080829	301	0.0009306047701513866	299	0.0012835781597959524	301	0.0006412838489530865	299	0.0008240402247946364	301	0.0009824278800862319	299	0.0015153668626850117	301
3010	0.0009516592505330927	299	0.0010210444064853946	301	0.0009339498665961229	299	0.001315836210278644	301	0.0006644960113635292	299	0.0007995335696728041	301	0.0011665249087296806	299	0.0014570936930691867	301
3020	0.0008579722765282614	302	0.0009808212746961979	298	0.0008580203892975755	302	0.001257608246417192	298	0.0006677196366141923	302	0.0007609299622380463	298	0.0014208626574914414	302	0.001505760835713598	298
3030	0.0009880894114105226	306	0.000903461858593746	294	0.0008795376444376775	306	0.0012136388367158138	294	0.0006485002523089641	306	0.0008834686364698317	294	0.0009621836470743391	306	0.001010607218841289	294
3040	0.0008084180878660434	304	0.000980045083165446	296	0.0008637019782436574	304	0.0012831239524429155	296	0.0006948402391444257	304	0.0008461561086457163	296	0.0012127289679811735	304	0.0012837951182248933	296
3050	0.0010705684011763775	311	0.0010689503512807616	289	0.00077327361650497	311	0.0013237557492988185	289	0.0005492437639736818	311	0.0007535116843324932	289	0.0010430189204529432	311	0.0012153934965592466	289
3060	0.0009703635562310514	298	0.001053867253690147	302	0.0009260836868409259	298	0.0012957169325342871	302	0.0007536231100318886	298	0.0009299595176824713	302	0.0011097092224986763	298	0.0013867325722229692	302
3070	0.0008938049213333575	300	0.0009346610867513753	300	0.000928569512531142	300	0.0012491787339169824	300	0.0007437015919312917	300	0.0008415080630249747	300	0.0012956592485505061	300	0.0013982796903904244	300
3080	0.000946274864303101	302	0.0008765052538285087	298	0.0008803574744870514	302	0.0013847896560603133	298	0.0007071636377820545	302	0.0008527203726537529	298	0.0009266186892113295	302	0.0014541023933975837	298
3090	0.0009780252189564187	313	0.001085234528125075	287	0.0009434411560303469	313	0.0011663542357206493	287	0.0006842811896714159	313	0.0007965162201188902	287	0.001085834644679911	313	0.0011987996951404623	287
3100	0.0009908129040043336	296	0.0009434076645600122	304	0.001024838567647646	296	0.0015440096844315033	304	0.0007497079155780721	296	0.0008800504571849624	304	0.0013521565687664514	296	0.001310675718772943	304
3110	0.0011487961490091497	298	0.0011808431481219806	302	0.0010132777488289784	298	0.00140556775511588	302	0.0007166959307227994	298	0.0008553024983051521	302	0.0012941421072257813	298	0.0014622401633820042	302
3120	0.0011731062755407139	298	0.001178513925434963	302	0.0009556014868401898	298	0.001312953986662241	302	0.0007981328902513324	298	0.0008746715606245988	302	0.0014421259414039403	298	0.0015176083596432585	302
3130	0.0011202792024363395	297	0.001193219401581116	303	0.001067712387203408	297	0.0013825662630201636	303	0.0007333667082343598	297	0.000850101903637193	303	0.0013422451969651004	297	0.0016034218718347147	303
3140	0.001106584064115917	298	0.0010546925285825962	302	0.000986837044389782	298	0.001293171224022305	302	0.0007599462693235538	298	0.0009149690487213208	302	0.001155286806646303	298	0.001314387906744913	302
3150	0.0008602222176555093	300	0.000950453788371286	300	0.0009485832230190327	300	0.0011743871600783018	300	0.0007675752752699007	300	0.0008687831960012015	300	0.0013417065692220764	300	0.0013883148013138335	300
3160	0.0010356706102725853	302	0.0011297248360983057	298	0.0009487332364922142	302	0.0013179693409184465	298	0.0006750387228901077	302	0.0007615886383673094	298	0.0014295458398608748	302	0.0014431554723517857	298
3170	0.0009470842523614362	315	0.0010486327572168323	285	0.0008757113642384168	315	0.0013695775540510417	285	0.000772238454975328	315	0.0008200242761103074	285	0.001339568653208467	315	0.001781619831384559	285
3180	0.0008288898936856465	304	0.0008284811361697743	296	0.0009856276578104888	304	0.001369744793422911	296	0.0007400433269776794	304	0.0007360207744779864	296	0.0012100380338763172	304	0.0015445882584618508	296
3190	0.0010610457616253698	303	0.0010098156553258113	297	0.0008484179003651323	303	0.0011710389246842976	297	0.0007427649695206474	303	0.0008912034144144369	297	0.0010202656805250042	303	0.0011439563660821483	297
3200	0.001105394335371297	307	0.0011930684254086714	293	0.0009570191617250939	307	0.0013718973578874122	293	0.0006282141078099898	307	0.0007834005556242345	293	0.001854901616090694	307	0.0012929578578956497	293
3210	0.0008850057662229027	299	0.00099302784741515	301	0.0008494150202447761	299	0.0011811821112526315	301	0.0006955018772307866	299	0.0008450580522268034	301	0.0011047206005587009	299	0.0011414037400820452	301
3220	0.000892850557652349	298	0.0010055840085667342	302	0.0009470754352868203	298	0.0013668738867846546	302	0.0007603532160473917	298	0.0009111724431441391	302	0.0011218727116622082	298	0.0012251391522808976	302
3230	0.0009300250883283685	313	0.0010694435347024618	287	0.000972096169239738	313	0.0013444141698501376	287	0.0006658196136988551	313	0.0007875772999228252	287	0.001164952000113153	313	0.0012985739913203378	287
3240	0.0009878158026776747	314	0.0010266818377125707	286	0.0007818977075620258	314	0.0012722066622143982	286	0.000735190926502819	314	0.0008859593868044706	286	0.001559324502387205	314	0.0016606256683294616	286
3250	0.000962255848752179	301	0.001112244570872503	299	0.0009331248635937792	301	0.001380641333886369	299	0.000726837729964906	301	0.0007815374700769662	299	0.001025782284319794	301	0.0011887380651485937	299
3260	0.0008415995153907539	300	0.0008317483197956823	300	0.0009131424340667065	300	0.0013806119693983753	300	0.0007228659113972096	300	0.0008706080719078365	300	0.0012054339415374941	300	0.0014780987771639434	300
3270	0.001142077776032476	304	0.0011340365730650767	296	0.0009154065283620849	304	0.0015174399014898342	296	0.0008316632175775354	304	0.0009383578050484418	296	0.0014423964062784337	304	0.0014067632539885636	296
3280	0.000968632402563623	308	0.0010342981492403444	292	0.0009566401136218553	308	0.0013966491668289318	292	0.0006983570523962648	308	0.0009155295563435142	292	0.0015292336440349973	308	0.0019303946925670278	292
3290	0.0008841247939763499	300	0.001120681410095723	300	0.000977054501491254	300	0.0012771390896510755	300	0.0007104318579368661	300	0.0007853012115510353	300	0.0013828674787567355	300	0.0019212972270306245	300
3300	0.001129291496620189	306	0.0012085027385339976	294	0.0008342267522225105	306	0.001298317319342062	294	0.0007310981543023202	306	0.0008363184748716027	294	0.0011935127883932312	306	0.0013214682831423534	294
3310	0.0009067316574201044	296	0.0010180382099288338	304	0.0010156622891209256	296	0.0013810895559862272	304	0.0007107620740431056	296	0.0008961314960997999	304	0.0014840333409317451	296	0.001643763476790838	304
3320	0.000968893000253709	301	0.001048005238849085	299	0.0010189000088862274	301	0.0013904455493179344	299	0.0008227695792355075	301	0.0008741010208136196	299	0.0015516339079873866	301	0.0016642352856541867	299
3330	0.0008833061412951464	296	0.0010602436835053031	304	0.0008185296769541978	296	0.0012746422760468352	304	0.0006691094714269704	296	0.0009180292344798599	304	0.001067561021408434	296	0.0012473458391189397	304
3340	0.0008018528280990461	305	0.0009418254203435688	295	0.0008176337877374095	305	0.0013438856639189794	295	0.0006208421066868684	305	0.0007887530261508761	295	0.0009338175669313481	305	0.000955103162113091	295
3350	0.0009744141581712643	300	0.0010335080412464078	300	0.0008933581283370723	300	0.0012782523229925916	300	0.0006741937810658403	300	0.001002260489304192	300	0.0012818216558858836	300	0.0014732716763732267	300
3360	0.000725384168886757	294	0.0010507267565069544	306	0.0009787673733337378	294	0.0013321142255004876	306	0.000670624333606001	294	0.0008108893101573613	306	0.001014050759909697	294	0.0016379587167857875	306
3370	0.001021455962444838	290	0.0011302596012724086	310	0.0008718816524011167	290	0.0013251208043389092	310	0.0007323766235878406	290	0.0009107204623696191	310	0.0012109069168436562	290	0.0012401246672050343	310
3380	0.0009274630014802098	298	0.0009958425213349162	302	0.0008948262345784238	298	0.0012825157444655828	302	0.0007213757927771702	298	0.0008080444716217825	302	0.0013415780224020778	298	0.0019384823695019044	302
3390	0.001101305427067836	301	0.0009902900040656523	299	0.0009588844250628777	301	0.0014599324732187345	299	0.0007663467097648179	301	0.0010202798344016851	299	0.0011346321504099141	301	0.0012673136162362224	299
3400	0.0009617141007147596	303	0.001099550155944549	297	0.0008821351990202164	303	0.0012910952892875094	297	0.0007209740947192083	303	0.0008611923780387053	297	0.0011908672854114447	303	0.0014787974623559897	297
3410	0.0010330056749224097	300	0.0009440987595753616	300	0.000970913328301452	300	0.001393080192454347	300	0.0007160138699314014	300	0.0008648932532747933	300	0.0011787361260423813	300	0.001481837793173671	300
3420	0.0009963861237195948	295	0.0010896580600493278	305	0.0008129823606300994	295	0.0013050697985605407	305	0.0006452318131080963	295	0.0008707392231719376	305	0.001237911286724429	295	0.0013607859603209421	305
3430	0.0010032188612711897	304	0.0010067492935865782	296	0.0009542840875331294	304	0.0013436797045450436	296	0.0006826009200506237	304	0.0007899807195866961	296	0.0013947229994133003	304	0.0017650122300359352	296
3440	0.001102047028741143	299	0.001161975987486278	301	0.00107555863261582	299	0.0013435961139144422	301	0.0006817822134499174	299	0.0008390309945130425	301	0.0015881646851911835	299	0.0015352332245246745	301
3450	0.0011964874558326394	296	0.0010033161039468802	304	0.0010076817076009681	296	0.001288339676066685	304	0.000783170546212657	296	0.0009480873013000473	304	0.001698046903540009	296	0.0016713040905976383	304
3460	0.0009137522039303139	304	0.0009259101816484007	296	0.000918259204819668	304	0.0012377421870150627	296	0.0007717227449555431	304	0.00088417599981458	296	0.0012754134292871865	304	0.0014435790672613661	296
3470	0.0008200492146734738	313	0.0009379376963303366	287	0.0008424382452753526	313	0.0011405789989779134	287	0.0007400117369971355	313	0.0008007401008749938	287	0.0014924706633753745	313	0.0015868904607921638	287
3480	0.0008941743866831977	304	0.0009148679452231457	296	0.0009975234293551967	304	0.001296956238193582	296	0.0006788644155300505	304	0.0007314018072858998	296	0.0013437374266740284	304	0.0016691004274046386	296
3490	0.0010576019929730857	302	0.0010990527775101733	298	0.0009427666716341956	302	0.0013720363242733342	298	0.0008061805663737532	302	0.0009362028755501847	298	0.0013156881640269973	302	0.0014421399077257772	298
3500	0.0009939222545982031	301	0.0009359969257862387	299	0.0009244780426020396	301	0.0013390939097061615	299	0.0007420526781543927	301	0.0008000492889151819	299	0.0011088924531233511	301	0.0012912262457057716	299
3510	0.0008370296259638934	311	0.0008427086676281846	289	0.0008694599040440464	311	0.001346288856875445	289	0.0008098047459505324	311	0.0009132170997840545	289	0.0011000906777782844	311	0.0011045142709127185	289
3520	0.0009835561169473281	302	0.0010226031670366581	298	0.0009004806458125881	302	0.0015086430823806043	298	0.000597532633020847	302	0.0008126409594786096	298	0.0012274642704939737	302	0.0019875265158582575	298
3530	0.0007105575195068952	294	0.0008532008152426706	306	0.0009335690352570459	294	0.0011913882692039487	306	0.0007172966003220598	294	0.0008916674167961329	306	0.0012283614925714399	294	0.0015050848276418334	306
3540	0.0008311014632524425	306	0.0009553279877049735	294	0.0008993628569513608	306	0.0015225744862678576	294	0.000822819996276222	306	0.0008941467166861987	294	0.0013444074220944008	306	0.0015101634805104174	294
3550	0.0009397507301166112	303	0.0009642622948718623	297	0.0008888013443757823	303	0.0012158412654055036	297	0.0008124014194379426	303	0.0009180622968323431	297	0.0008780465733635068	303	0.001556380893050771	297
3560	0.0009389509084721339	294	0.0010401240150168809	306	0.0008947465513676438	294	0.001321965794673007	306	0.0007301028094001148	294	0.0007590347299085767	306	0.0011906273941938866	294	0.0014579199040525399	306
3570	0.0010396680981773366	303	0.0009893963961596836	297	0.001015201487895865	303	0.0011958981073563117	297	0.0007167585457395406	303	0.0008134039408758785	297	0.001254638431768544	303	0.0014646139605221944	297
3580	0.0009854919667217354	301	0.0010522696683433785	299	0.0007725906080832315	301	0.0011960359499474439	299	0.0006684847217055315	301	0.0007746855159806006	299	0.0012397910288011846	301	0.0012597395550420422	299
3590	0.0011882219973829442	305	0.0010809140457221098	295	0.0009575518290789436	305	0.0012185825165684952	295	0.0007180253423288393	305	0.0008059984935683356	295	0.0010331016314691804	305	0.001206279522231623	295
3600	0.000885987714766261	308	0.000954362111429824	292	0.00104400449165964	308	0.0013436069471433525	292	0.0005854041019910562	308	0.0007452146136123149	292	0.001104999422661247	308	0.001360799689570315	292
3610	0.0010521746061399144	289	0.001255505935582576	311	0.001111230727727011	289	0.0013783696564641742	311	0.0008704565042369502	289	0.0009064770985527398	311	0.0011219858351734367	289	0.0013791443095674983	311
3620	0.0009058006195592788	299	0.0009483841667918706	301	0.0009156527451725795	299	0.001470238280747299	301	0.0007128785625288574	299	0.0007988537996697376	301	0.0009988995696837122	299	0.0012128442342466488	301
3630	0.000819765392969412	299	0.0008432822389561905	301	0.0008584766732387084	299	0.001342782485103241	301	0.0006701003326902116	299	0.0008144521677741533	301	0.0008205750652794657	299	0.0008627843825970375	301
3640	0.0008085279825781286	308	0.0009351374758587958	292	0.0008774792447595715	308	0.001254266751348048	292	0.000673075592163223	308	0.0008349856730319112	292	0.0011972008299974161	308	0.0013114019252412166	292
3650	0.0009234908599566451	301	0.00094408610981034	299	0.0009773715637544347	301	0.0013590494597487093	299	0.000741817081654616	301	0.0008468450327522624	299	0.0009358565770348283	301	0.001259350992755613	299
3660	0.0008538556432317702	303	0.0008338434189068163	297	0.0009281033550398111	303	0.0012116550663406635	297	0.0006558646595009813	303	0.0007674818316378143	297	0.0012375773926445511	303	0.0013286345942260694	297
3670	0.0008995659951312962	309	0.0010060261035501354	291	0.0007964333118955179	309	0.0012070104425921106	291	0.0007217163705597712	309	0.0008022403155069839	291	0.0009809753588607818	309	0.001282797378339444	291
3680	0.001117830561121799	300	0.001210530942314698	300	0.0008485829724576011	300	0.0013510855268676102	300	0.0007267707224612978	300	0.0008818954488088604	300	0.001532172659713263	300	0.0016324568570949356	300
3690	0.0008979280219208576	306	0.0010284470339093697	294	0.0008543730207901954	306	0.0012952057673939544	294	0.0006661014063887188	306	0.0008419008559206475	294	0.0014813336018650938	306	0.0017258662733550423	294
3700	0.0008616824676531156	299	0.0010829188074809883	301	0.0009149414796339834	299	0.0011822140298300304	301	0.000755021650173419	299	0.0009181490069228251	301	0.001147352544564662	299	0.001188568856176454	301
3710	0.0011696898947352642	302	0.0013229527888932759	298	0.0008355387908390527	302	0.0013303827202968909	298	0.0007505299652201009	302	0.000870540926068248	298	0.0012659186651433733	302	0.0014784019892856014	298
3720	0.0009299953687212078	291	0.000938450594357986	309	0.0009194129178037932	291	0.001377778739885778	309	0.0006721005018978566	291	0.0008762463742005154	309	0.0013860139971660491	291	0.0014687324378433932	309
3730	0.0008802299393310076	298	0.0010756797845634547	302	0.0009569370657701665	298	0.0012748593566632089	302	0.0006687627111058121	298	0.0007882651037294706	302	0.0012843233508314977	298	0.001649795244632264	302
3740	0.000996924223281802	300	0.001145776080209739	300	0.0010605307817789262	300	0.0014485992727852192	300	0.0007281355359453993	300	0.0007782169258585954	300	0.000995731874284954	300	0.001499444655028021	300
3750	0.0009872011279799678	303	0.0010865954264959576	297	0.0010967823698431775	303	0.001291266280708408	297	0.0007717678148608139	303	0.0009632325621758944	297	0.001569529772776802	303	0.0017144946228216656	297
3760	0.0009352761228790975	307	0.0010389337501393097	293	0.0009017222777576703	307	0.0014131262148748874	293	0.0006150190727163479	307	0.0008377403939862738	293	0.001145012429863117	307	0.0013755603216777683	293
3770	0.0008192612539269475	302	0.000960722043222366	298	0.0008319845683778228	302	0.0012683500048360312	298	0.0007063772475799511	302	0.0008526720098099852	298	0.0015209202605038087	302	0.0016878193248113954	298
3780	0.0010539060814733342	297	0.0012169978340853703	303	0.0007908657195357811	297	0.0012418299759173427	303	0.0006753376423021958	297	0.0007841907743030188	303	0.0012835176090126483	297	0.0012192689970401335	303
3790	0.0009981368292874683	311	0.0009879000480762935	289	0.0009522559142395354	311	0.0013918202107036477	289	0.0006216850097949508	311	0.0007727957962871003	289	0.0010981496095637372	311	0.0013787818571168499	289
3800	0.0008826401952238636	303	0.0009613596798197061	297	0.0008006577922307431	303	0.0011995415817332032	297	0.0007304193104720842	303	0.0008464096071476192	297	0.0012991653719387837	303	0.001410732538529797	297
3810	0.0009353466822196398	298	0.0009248487985727521	302	0.0008431862479291475	298	0.0012387860925086665	302	0.0006803613353800928	298	0.000785860624574837	302	0.0017284019173751622	298	0.0017772668148726056	302
3820	0.0008621212565654727	305	0.0008256427069403233	295	0.0009327490547895635	305	0.0013213156551647328	295	0.000684385565098374	305	0.000836008113387384	295	0.0012801285935171809	305	0.0016987817271396765	295
3830	0.0007695904213961573	305	0.0007910643222110822	295	0.0009664639375623888	305	0.001399974183852172	295	0.0007748615389493736	305	0.0009297541368748361	295	0.001343822627555593	305	0.0014885073428131195	295
3840	0.000998483226769484	299	0.0010264918618721772	301	0.0009556433777810499	299	0.0013703170367194977	301	0.0008445287943800418	299	0.0010590441701205018	301	0.0011738847054426947	299	0.0016110326039105289	301
3850	0.0009244251033142496	302	0.0010779778390888413	298	0.0010246444995667906	302	0.0013909098398789369	298	0.0007041662246197127	302	0.0008278166457934207	298	0.0015462447820359722	302	0.0016026044682772198	298
3860	0.0007542167519723749	303	0.0009391664058266165	297	0.0010090572637946953	303	0.0013093475879025964	297	0.0007077223702987529	303	0.0007660711904803491	297	0.000999751047263891	303	0.0011627961815966967	297
3870	0.0008354579744643526	310	0.0008644779297478089	290	0.0008692805831455137	310	0.0013310926464084856	290	0.0006566633849117968	310	0.0007788447477232398	290	0.0011881348824439675	310	0.0014714259029912334	290
3880	0.0009554343052444922	303	0.0009264442720631867	297	0.0009066184702170162	303	0.0011969815293181721	297	0.0005913570057548703	303	0.0007356444877315945	297	0.0012135500567825948	303	0.0012138430581166287	297
3890	0.000993419618177405	302	0.0010425684901367164	298	0.0009595334835259988	302	0.0013799126001332895	298	0.0007633534280616905	302	0.0008664872210892457	298	0.0014065252783154768	302	0.0017620158654358413	298
3900	0.0009476876649024253	303	0.0010459441695897134	297	0.0009216651962400975	303	0.0014041239847337704	297	0.0007939763592081335	303	0.0008733945625231616	297	0.0013886407789368185	303	0.0015443392465601547	297
3910	0.0009901397561436931	301	0.001165797009664953	299	0.0008993043322230686	301	0.001329964867669703	299	0.000646449159057222	301	0.0007540733435804853	299	0.0014357754365890885	301	0.0014336692553978928	299
3920	0.0009721854000429994	310	0.0011365880839741206	290	0.0008942493701368939	310	0.0013851244587794506	290	0.0006934540403475516	310	0.0008067570083768496	290	0.0012588067730191675	310	0.0014300537731257207	290
3930	0.0010731260213218308	307	0.001065724582765938	293	0.0008798252864073807	307	0.001442872652851163	293	0.0007620293516605955	307	0.0009466436261757714	293	0.0013805987267949491	307	0.001448476279244574	293
3940	0.0011086739802407257	300	0.0009941213765854592	300	0.0010268732146971648	300	0.001422284893656876	300	0.0006400817853542435	300	0.0007603573096115419	300	0.0010271425882455935	300	0.0013269893746461613	300
3950	0.0008838924037035255	302	0.0010110704448083026	298	0.0010055345465650974	302	0.0013458139061585483	298	0.000773863675900033	302	0.0009040190898559777	298	0.0012108274643204463	302	0.0012227847029409288	298
3960	0.0006802163741385855	307	0.0008695839002403818	293	0.0009258901487645483	307	0.001269818540638945	293	0.0006336026179475193	307	0.0007810072267259876	293	0.0009841265330024908	307	0.0015091444801080883	293
3970	0.0008534266378649645	308	0.0008805312393142163	292	0.0009443553498778126	308	0.0013333111935019304	292	0.0007441711235427359	308	0.000832916945011468	292	0.0008146641309461576	308	0.0009919262896956997	292
3980	0.0011300822544068852	311	0.0010500786291299613	289	0.0009397167574841219	311	0.001290057935149444	289	0.0008050842664148058	311	0.000969947357723069	289	0.0010359709413456692	311	0.0013800108821461763	289
3990	0.0009202754437115553	307	0.000870532989160217	293	0.0007920009146814612	307	0.0011414229045224882	293	0.0006886975895668838	307	0.0008284280820173237	293	0.0015364432932648395	307	0.0015553397618547247	293
4000	0.0009068614452517218	306	0.00099354908257936	294	0.0008181050859754446	306	0.0013283317148949625	294	0.000736922030969029	306	0.0008786814119571765	294	0.0010155188224533443	306	0.0016247085166425214	294
4010	0.0008978546451461476	305	0.0009315900637436241	295	0.000877932003643693	305	0.0012771134870756058	295	0.0006291773647963116	305	0.0008590481837512151	295	0.001310200839726617	305	0.001285882611986583	295
4020	0.0010570444068240211	306	0.0011078889995330176	294	0.000914305916192907	306	0.0013782378040448188	294	0.00074551417307859	306	0.0008708227654941961	294	0.0012732323822799187	306	0.0015449198320436138	294
4030	0.000822340266543384	300	0.0008547446862036571	300	0.0008656272232733889	300	0.001299032882046241	300	0.0007078321517781712	300	0.0007563202386223213	300	0.0011581577523565798	300	0.0016355892824372017	300
4040	0.0008594422814325104	303	0.0009514506181416048	297	0.0009992413993636805	303	0.0012548392846294814	297	0.0006564542191944206	303	0.0008092881660950478	297	0.0009784086227353122	303	0.0011763226541718656	297
4050	0.0008734819344490599	298	0.0008811173772764125	302	0.0008808038146474696	298	0.001286880963104868	302	0.0006745082673694676	298	0.0008060624465602687	302	0.001020292266677733	298	0.0014401944816415976	302
4060	0.0008294745863412648	306	0.0009242935667677686	294	0.0007683391835001996	306	0.001197554842891554	294	0.0005972968737995553	306	0.0007033106280390016	294	0.0011906690124860659	306	0.001308606457909052	294
4070	0.0008458863825472351	307	0.0009575907480542579	293	0.0008464881349685531	307	0.0012191294542807543	293	0.0004952821066824048	307	0.0006732523658945077	293	0.0013446543845490417	307	0.0015317677850684955	293
4080	0.0009530115317513347	295	0.0011488290744217028	305	0.0009722886051848657	295	0.0013226391124468875	305	0.0005525217179140313	295	0.000749672734974985	305	0.0013896194072969734	295	0.0015760095897954381	305
4090	0.0008035284481987834	308	0.0009124491965724823	292	0.0010016364385092857	308	0.0013916494275930202	292	0.0007048920349802932	308	0.0007776512252849199	292	0.0013415795683262338	308	0.0014250308583910408	292
4100	0.0010180095178500884	301	0.0010114869898732988	299	0.0007888501336276092	301	0.00119269650760681	299	0.0006490431743121228	301	0.0007398044409351771	299	0.0012392118624643394	301	0.0012945572163119683	299
4110	0.0008695365147179894	305	0.0009158556671392663	295	0.0009109154195207454	305	0.0016180051805839625	295	0.0005731839761477793	305	0.0008016333124696148	295	0.00136777378102748	305	0.0013691816007593077	295
4120	0.0008690086015148653	316	0.000888947342931663	284	0.0009487285860239092	316	0.0012862848632675195	284	0.0007040841396121746	316	0.0009420895588272851	284	0.0008018047892292729	316	0.0014721791360828122	284
4130	0.0009241406231745685	306	0.0010016938206488795	294	0.000866321650863605	306	0.0011647070672038313	294	0.00059747195774555	306	0.0007544036447121128	294	0.0007747399554656935	306	0.0013116954079840332	294
4140	0.0009537561730283277	302	0.0011010607473159917	298	0.0009137874168200409	302	0.0011863758011796135	298	0.0007333397640376844	302	0.0008079761962366056	298	0.0013268279038012292	302	0.0014699160988391458	298
4150	0.0009665844378259037	304	0.0009936643227618821	296	0.0006669221187616462	304	0.0011896311880714764	296	0.0005632064258862466	304	0.0007304557665584795	296	0.0009617345813892393	304	0.001565906712249789	296
4160	0.0008367932387641411	310	0.0010091382698051632	290	0.000830975486668887	310	0.0011554401944452654	290	0.000606327060775243	310	0.0007129326063444512	290	0.0013053022372378536	310	0.0012325061136355018	290
4170	0.0006798090453088823	293	0.001038691904275355	307	0.0007871787339561134	293	0.0011590774218925197	307	0.0006850217171448802	293	0.0008686665254754455	307	0.001405053473508315	293	0.0014771764496144255	307
4180	0.0010732815803901597	296	0.0009621106422502485	304	0.0008914535605468586	296	0.001323019796786497	304	0.0007767781408678367	296	0.0008913070047150401	304	0.001345945885474544	296	0.0014521989159502805	304
4190	0.0009872920427134806	294	0.0010877602949717494	306	0.001042904530174348	294	0.0013506098726550752	306	0.0007012830538117141	294	0.0008358944074535738	306	0.001720785218489082	294	0.0021459739274520147	306
4200	0.0010461406386785648	290	0.001199314834672188	310	0.0009157226372344553	290	0.0012531938605760654	310	0.0007403317325798331	290	0.0008347673588533598	310	0.0014836012537407842	290	0.001265210690416126	310
4210	0.0009628000887238152	304	0.001211429455586457	296	0.0009065544995913842	304	0.001265598164093948	296	0.0007210993790167037	304	0.0009066945448718435	296	0.0010329340922141355	304	0.0012430344383605205	296
4220	0.0008537863825089836	301	0.00097749939741357	299	0.0007886361720855228	301	0.001214427900106815	299	0.0006176801852076677	301	0.0007024444310547194	299	0.0013707427270045938	301	0.0013005502447457188	299
4230	0.0008218698621492718	296	0.0009339048305855028	304	0.0008790806313127417	296	0.0012582359465652456	304	0.0006527932079415987	296	0.0007543657070411837	304	0.0011922743891149424	296	0.0015135576621285597	304
4240	0.000946491479608825	296	0.00098004241143679	304	0.0008061760452671322	296	0.0011690159766341382	304	0.0007959339461576892	296	0.0008927825349102523	304	0.0011513487074811307	296	0.0012767286894130347	304
4250	0.0009323723296832502	299	0.001045197142915012	301	0.0009369768134208385	299	0.0013033600594963939	301	0.0007258606599374876	299	0.0008347030853892178	301	0.001373744530871429	299	0.001539175864013328	301
4260	0.0010864147644864082	297	0.0011165443666777003	303	0.000950807262843998	297	0.0013485575095512038	303	0.0006902679366078458	297	0.0008528504481971428	303	0.0014665468310489848	297	0.0016248035234443876	303
4270	0.0009063371321424355	289	0.0010620155849368283	311	0.000976881530116097	289	0.0013479167633423318	311	0.0007517927754376446	289	0.0008765421310289646	311	0.001240364700828047	289	0.0013809081034900986	311
4280	0.001023358345245479	301	0.0011650588387678432	299	0.0009677635776064393	301	0.0013208453253613982	299	0.0006688679141053243	301	0.0008915270585622534	299	0.00133015635160309	301	0.0014577817437337924	299
4290	0.000966954607925432	302	0.0010419235602234344	298	0.000913197595360915	302	0.0012614910602424037	298	0.0007421174904369419	302	0.0009882383672531131	298	0.0009533203886080186	302	0.001111460933155266	298
4300	0.0010146882863444815	308	0.0010853856326546658	292	0.0008677737060750634	308	0.0013196257132431933	292	0.0007048742083461977	308	0.0009132077945764775	292	0.0011746216157881779	308	0.0013388942162118665	292
4310	0.0007527648038478962	299	0.0007128549035061028	301	0.0008020756189782199	299	0.0012449262247908777	301	0.0006703613774008393	299	0.000805617278328318	301	0.0012604980524666088	299	0.001577027962408603	301
4320	0.0009875843100786176	308	0.0010341592712561087	292	0.0008427149131982996	308	0.0013936817058604588	292	0.0007281127799612484	308	0.0007565121990214741	292	0.0009560656241992941	308	0.0014100691348849356	292
4330	0.0008753555715784451	307	0.0008854618048149297	293	0.0007987720576431387	307	0.0012816285169507983	293	0.0006804702378717732	307	0.0007137153390746538	293	0.0010475207971199776	307	0.0013459370191824718	293
4340	0.0007654488289387789	305	0.0008492603342910523	295	0.0008538962945479872	305	0.0012310210767288816	295	0.0007101773836416324	305	0.0007754228001135567	295	0.0008975744033253288	305	0.0013604224232625147	295
4350	0.0010062725320340675	304	0.0010831873412304007	296	0.0009999992080845053	304	0.0013012302647633543	296	0.0007034172855304515	304	0.0009232720798281096	296	0.001395675674606683	304	0.0018963838611488362	296
4360	0.001047470081975145	294	0.0010340239491273956	306	0.0008836385336716765	294	0.0012702807037880915	306	0.0006574043049820732	294	0.0007771123340507161	306	0.0010624526301979082	294	0.0013108334582811348	306
4370	0.0007090582692711642	300	0.0009159710097864639	300	0.000847130290831288	300	0.0011953245010395991	300	0.0005772081475811838	300	0.0006518578541576418	300	0.0011939553143768726	300	0.0011821700344573317	300
4380	0.0008877531072987963	305	0.000998342962847177	295	0.0008262033830430215	305	0.0012015807024920429	295	0.0005885793893964297	305	0.0007210503970903412	295	0.0009873959194830772	305	0.0012395107055090545	295
4390	0.0006968649010446684	302	0.0008880514101861929	298	0.0008468599622853314	302	0.001237395490843058	298	0.0005405425865589729	302	0.000708690183519554	298	0.001103772598792022	302	0.001224646000415707	298
4400	0.0009324454819381985	294	0.0010387595509276403	306	0.0008154973138616814	294	0.001241926427803435	306	0.0006495694200632027	294	0.0007957668565354312	306	0.001057194641257082	294	0.0014683445959981951	306
4410	0.0009365718877977825	296	0.0010320264436435313	304	0.0009688090956210129	296	0.001361181847596808	304	0.0007205832912425561	296	0.0007856927490007707	304	0.0016877182395954372	296	0.0016027402127126702	304
4420	0.0008266670648945726	298	0.0008704033197843023	302	0.0008875492178432127	298	0.0012626877730745932	302	0.0006576728882657857	298	0.0007057990974153396	302	0.0013884004684971475	298	0.00152915565698916	302
4430	0.0008867688716705771	306	0.0010840739812053915	294	0.0009479846830505211	306	0.0012828491505903433	294	0.0006812375125023359	306	0.0008260062914222723	294	0.0010012341449159108	306	0.0013417399037058558	294
4440	0.0010415487812829155	297	0.0010671589895438337	303	0.0008209514995866126	297	0.001412625631681009	303	0.0006361200313454419	297	0.0008529760198455588	303	0.001245028470767188	297	0.0013581507958470142	303
4450	0.0008537072601654213	301	0.00092631812765215	299	0.0009560870809999143	301	0.0013399440085348734	299	0.0007106451995089123	301	0.0008641493750812444	299	0.0013475833201218267	301	0.0017860943871795861	299
4460	0.0009931690022688515	307	0.0010536171956141923	293	0.0009821573863756778	307	0.001300171183549147	293	0.0007990335577407257	307	0.0010045296014725208	293	0.0012698325648155282	307	0.0014812259685530978	293
4470	0.0008625221248583984	301	0.0009621786902990209	299	0.0009159843750657192	301	0.00115600427184671	299	0.0008638357963690115	301	0.0008989719707149634	299	0.0013965132605237931	301	0.0017672536065339833	299
4480	0.0009991222742187671	293	0.0010297233122242406	307	0.0008282602988264178	293	0.0013810517923611145	307	0.0008225217648264366	293	0.0009317158495391115	307	0.0012779717619953175	293	0.0015975639059163053	307
4490	0.0009976261772450755	295	0.0012275223054014084	305	0.0009718735688358212	295	0.0014705907886620024	305	0.0007560182911389359	295	0.000928224443959947	305	0.0014998802950222368	295	0.00170875284500256	305
4500	0.0008322608905064179	296	0.0009099810109530796	304	0.0009597900506628034	296	0.001310141964086696	304	0.0005830534887897486	296	0.0007611964261717085	304	0.0010328812029916157	296	0.0011306888161831494	304
4510	0.0009891369822428815	301	0.0010766383745466036	299	0.0009416017876712486	301	0.001274486647807014	299	0.0007303611458735153	301	0.0009267911685020648	299	0.0010289826604286104	301	0.0012547278059144048	299
4520	0.0008232630785695774	309	0.00094003563384935	291	0.0008881030727732815	309	0.0012879952687443255	291	0.0006452048285541687	309	0.0007732697502289156	291	0.0012784723729871398	309	0.001538463822581194	291
4530	0.0011253167774350117	303	0.0010932532554600127	297	0.000799442489595636	303	0.0013666127854755792	297	0.0007311824304713444	303	0.0008136096114850852	297	0.0011800396582240305	303	0.0013359790212644684	297
4540	0.0008655808450525333	297	0.0010199837997217978	303	0.0009665152688074854	297	0.0012801016406878848	303	0.0006727611996942737	297	0.0007801730254375329	303	0.0010194043854041984	297	0.0015735870996221712	303
4550	0.0007570133181895577	300	0.0009236937158657201	300	0.0009647683316817683	300	0.0012818763715122818	300	0.0006940885504883393	300	0.0007504276195580926	300	0.0015976242787241954	300	0.0018407081517110286	300
4560	0.0011537148387743888	304	0.001252542494752675	296	0.0008762363132054984	304	0.0013987003195886588	296	0.0005926987228870723	304	0.000838204498052223	296	0.0011968778180141216	304	0.00140213957559085	296
4570	0.001026668619852312	294	0.0011110151618835117	306	0.0008506301696956064	294	0.0012528877544126652	306	0.0006548879633549409	294	0.0008584790028558934	306	0.0009676643615668064	294	0.0012277500930504897	306
4580	0.0008831194377079242	298	0.0009894686535925881	302	0.0010512778239749117	298	0.0014347985458110048	302	0.0007698070505120732	298	0.000822579512974443	302	0.0015658950414770936	298	0.0013152186110197061	302
4590	0.0010706775812232194	300	0.0011374969168362514	300	0.001059360903024265	300	0.0014571511634038593	300	0.0007365965392723717	300	0.0007893076975719455	300	0.0011304597185907764	300	0.0016198745634099503	300
4600	0.0009617717935632124	306	0.001027719694894175	294	0.000998939117005277	306	0.00129218148142963	294	0.0008036285108880746	306	0.0008684761918767425	294	0.0013434019103218235	306	0.0014811264889303512	294
4610	0.0011446468633754252	294	0.0011955588691333451	306	0.001001343776779097	294	0.0013539892630481463	306	0.000731810616620606	294	0.0008615852461322588	306	0.0012891695518110096	294	0.0015112214667917542	306
4620	0.001128455960788222	301	0.001181481105167964	299	0.0008234563567249896	301	0.0012947320394486382	299	0.0007137688650510306	301	0.0008528423005022871	299	0.001525260346425231	301	0.0014114128960868795	299
4630	0.0010392178742874457	294	0.0010994751663034026	306	0.0010474967272523074	294	0.0014251943771916105	306	0.0007550500415346971	294	0.0009316799608165669	306	0.001373884715169195	294	0.0015321709249248412	306
4640	0.0010455263279422209	295	0.001079216690621122	305	0.0011278408743052967	295	0.0016505429828683684	305	0.0008055327551009365	295	0.0009560220955890254	305	0.0007585233629928999	295	0.0010462576433759227	305
4650	0.0011185045907709961	304	0.0011083716541771878	296	0.0009799303055942525	304	0.0014313212930778256	296	0.000775011292290344	304	0.0009272403305967932	296	0.0012211666436318363	304	0.0015302016733963035	296
4660	0.0010842497958756078	296	0.0011825559532266778	304	0.0009921233272467715	296	0.001511381519042037	304	0.000654479951172228	296	0.0009081536609242245	304	0.0010669927005240905	296	0.0015219420444690915	304
4670	0.0008502563714340088	303	0.0010310075922839333	297	0.0009346253916245479	303	0.0013570662678756601	297	0.0005639448230705361	303	0.0008991074391971118	297	0.0014523168777799663	303	0.0016745955045411546	297
4680	0.0008932478652230593	294	0.000965224322628037	306	0.0009349254536101391	294	0.0013431457366487958	306	0.0006134295240829724	294	0.0007670857552501648	306	0.0014449739669223146	294	0.002167109839294478	306
4690	0.0009727506545375562	302	0.0011626278048243507	298	0.0009611575787594495	302	0.0014691824723171544	298	0.0006463550378417777	302	0.0007825866620378974	298	0.0014524846828121332	302	0.001438919144271521	298
4700	0.0010071094134720794	296	0.0011042812710737849	304	0.0010716485468303578	296	0.0013762440336078678	304	0.0006874832698368951	296	0.0007530982462375038	304	0.0010614402245757153	296	0.0014102338722110092	304
4710	0.0011698665627773404	304	0.0011907271381646994	296	0.000834302966664915	304	0.001277495600727839	296	0.0008690338710548135	304	0.000912796975019493	296	0.0015010516257473142	304	0.0018090442820266651	296
4720	0.0010436908735180239	304	0.0011637943774356287	296	0.0009493002557616665	304	0.0013606347572009399	296	0.0007520173792161292	304	0.0008187232254986126	296	0.0016584854815630968	304	0.0018094735959020933	296
4730	0.0011295390577097445	308	0.0010439786215338514	292	0.0009383783359484802	308	0.0014917011499414475	292	0.0007034444154972872	308	0.000913822642261198	292	0.0009535588059471432	308	0.0014281978032978098	292
4740	0.0008143712116097817	306	0.000955632695307683	294	0.0009795115571997843	306	0.0014478337161030084	294	0.0006459530427341441	306	0.0008191925650189676	294	0.00131936694758084	306	0.0014742641306843183	294
4750	0.001082678391608722	298	0.0010829201155276211	302	0.0008877628682488263	298	0.001391265756886213	302	0.0006656431369497267	298	0.0008408538825359402	302	0.001346413586214663	298	0.0012585234459548162	302
4760	0.0010895601928199608	297	0.0010106905673963238	303	0.0008906455126467911	297	0.0013032364878592124	303	0.0007000486518772825	297	0.0008413267767768784	303	0.0009649117468730144	297	0.0013369395228629848	303
4770	0.0008234121945275956	295	0.0009057637739363997	305	0.0009021279771940995	295	0.0011696783253096208	305	0.0008023365455789801	295	0.0008855716623115034	305	0.0009786411321858392	295	0.0013962214717211166	305
4780	0.0009542418316799894	309	0.0012142704722813461	291	0.0008118590733251499	309	0.001311028889259924	291	0.0008183845980662907	309	0.0009648989984071828	291	0.0012246054939070094	309	0.0012777040775924203	291
4790	0.0009611718629664213	308	0.0009061074456757349	292	0.0008753413137307893	308	0.001503806925053975	292	0.0007659952260544946	308	0.0009073026508177298	292	0.001607219486710849	308	0.001726999117560105	292
4800	0.0008934238022680812	298	0.0008931321260704973	302	0.0010026260679391241	298	0.0013578135460650357	302	0.0007750768047984399	298	0.0008923758905754758	302	0.0011798723306737564	298	0.0015965099822562775	302
4810	0.0010425283600285875	303	0.0010352398767095317	297	0.0009706262931749625	303	0.0013152544516716613	297	0.0006733611506888812	303	0.0008073765217682183	297	0.0009057662548168848	303	0.0011731860511248384	297
4820	0.0008825268102002324	301	0.0009618064149963021	299	0.0008450545129809378	301	0.0011814245541170586	299	0.0006799354398025601	301	0.0008008300421702832	299	0.0012644360408470073	301	0.0017534580573161892	299
4830	0.000856907311134251	300	0.0008984367257664821	300	0.0010867210646010811	300	0.0014441827794448065	300	0.0007668075461258582	300	0.0009920277352935961	300	0.0013495466563574073	300	0.001402486341161625	300
4840	0.0012794395154694669	301	0.0012114078458099827	299	0.0011321514416017496	301	0.0015440935086970548	299	0.0007061881401143151	301	0.0008440127127330061	299	0.0019243636351410763	301	0.001400141510608271	299
4850	0.0009055944037286763	304	0.001001742792440024	296	0.001027235605994112	304	0.0012966347703450352	296	0.0007573472326244311	304	0.0008055236353351716	296	0.0011768423671017886	304	0.0013010201693126977	296
4860	0.0009888407507817134	295	0.0009568077614097694	305	0.0009400142250897695	295	0.001342194944002216	305	0.0007250393684240267	295	0.0008262897093049963	305	0.0010038375448954253	295	0.0015279673399385628	305
4870	0.0009422014482484886	303	0.0009874741804619116	297	0.0008520024240285957	303	0.001226547725249291	297	0.0006624224912404655	303	0.0007751025686164059	297	0.0009507865477820566	303	0.0011787419448204173	297
4880	0.0008763600850517095	312	0.0008314787125457464	288	0.0009868244194341119	312	0.0012790820144042406	288	0.0007781974560612117	312	0.0009265485808196551	288	0.0016360492701593858	312	0.0016102875356023864	288
4890	0.000887441098668275	292	0.0009696510234376579	308	0.001025059212695926	292	0.0013959300974094465	308	0.0006014401171842676	292	0.0007691986179669119	308	0.0014621909048952548	292	0.0017295474586660746	308
4900	0.0009535875749242443	299	0.0009856492952807659	301	0.000847333336908579	299	0.0012236698044544628	301	0.0007015968993338834	299	0.0008294143397863128	301	0.0012046896382123665	299	0.0012943455563224214	301
4910	0.0008361394025340577	303	0.0011028143181962484	297	0.0008826036543745377	303	0.0012810913585918405	297	0.0006856449185693905	303	0.0007615054009386052	297	0.0015731981604839667	303	0.0018025677638574896	297
4920	0.0007961822203044158	314	0.0008588268893621655	286	0.0008412568012110894	314	0.0011198540116957136	286	0.0006392593652261978	314	0.0008238098906448572	286	0.0010759079773408709	314	0.0015699539431574708	286
4930	0.0008498749904119417	303	0.0009226049970607399	297	0.0009300417008068622	303	0.0012066429516179214	297	0.0006964084818495679	303	0.0008869375410639278	297	0.001085228686087865	303	0.0011664519272573887	297
4940	0.0009057686457132905	309	0.000988890650258016	291	0.0008896401499670536	309	0.0011771916171639985	291	0.0007030736046125072	309	0.0007553925165484444	291	0.0010000696878446683	309	0.0012534372891966211	291
4950	0.0008972854131268214	298	0.0010025524545695765	302	0.0008821361441819468	298	0.0013345205966256238	302	0.0006277081252664926	298	0.0007493848788604456	302	0.0015142536276935058	298	0.0014220123870566594	302
4960	0.0009074211174555734	304	0.0009114294797185073	296	0.001011396166164972	304	0.0012918139579326407	296	0.0007080693433299748	304	0.0008755562719808031	296	0.0012716993774426865	304	0.0016739999578722442	296
4970	0.0008841495469934612	300	0.000972478542749546	300	0.000992613862726093	300	0.0014439075921245988	300	0.0005552395558362879	300	0.0007135201905346792	300	0.0013128036030618474	300	0.0014048213571797026	300
4980	0.0008568954604674964	291	0.001052199848554988	309	0.0009057606353017612	291	0.0011885027026216424	309	0.0006443147678135908	291	0.0008362396318909481	309	0.0010479075694560048	291	0.001431949967593506	309
4990	0.0009022224381792377	298	0.0009630998444705068	302	0.0009259959470958963	298	0.0013063814986041815	302	0.0005625043518012233	298	0.0006706492617600762	302	0.001271260519723072	298	0.0013892569494229387	302
5000	0.0009507817451611097	304	0.0010291106622331236	296	0.0010215092340777167	304	0.0012882261992921535	296	0.0006443500361972627	304	0.0007497939695859639	296	0.0009571914159044627	304	0.0012556781471183642	296
5010	0.0008699999675968111	296	0.000881562210630595	304	0.0010249049783465681	296	0.0011657882682334423	304	0.0007591009440073563	296	0.0007991559865348271	304	0.001306068697947444	296	0.0014459469995403715	304
5020	0.0009945612753683164	309	0.0010296662418998335	291	0.0009743309371156137	309	0.0011987590527489616	291	0.0007382097200397468	309	0.000889667461857962	291	0.0011390459592067368	309	0.001168842681793666	291
5030	0.0009674461408880752	299	0.0010529214177846698	301	0.0009822868074881054	299	0.0012596124052423137	301	0.0007404705372986836	299	0.0008609729214041129	301	0.0014455514574386531	299	0.001801224990784259	301
5040	0.0009597482964238368	309	0.0011211227846907217	291	0.0009498807179160939	309	0.0014090902645427603	291	0.0007039770458667277	309	0.0008050018789848003	291	0.0011228555936272958	309	0.0011949226203753585	291
5050	0.0008043764487560719	309	0.0009130877842315883	291	0.000862108577896697	309	0.001273472697932602	291	0.0007725722499385138	309	0.0008474055623585255	291	0.0012142231024455372	309	0.0014378448481061738	291
5060	0.0007265674647960861	308	0.0007615303371879842	292	0.0008648085329054866	308	0.0011308751702953776	292	0.0006775197783185766	308	0.0007935285852949401	292	0.001009204995065754	308	0.0010405392274640893	292
5070	0.0008217590538084193	309	0.0009240162512701815	291	0.0010107697454861738	309	0.0013623740132598812	291	0.0005840166832008022	309	0.0008229549587108831	291	0.0011182516725030526	309	0.0012014845905098665	291
5080	0.0007863018713545256	302	0.0008670394995897446	298	0.0008892792190868627	302	0.0012517193402643509	298	0.0006847182245380826	302	0.000862722448005386	298	0.0012059288062939157	302	0.0013403027097323808	298
5090	0.000810671137913525	305	0.0008518660645712707	295	0.0007902103217760999	305	0.0012110225494717148	295	0.0006593374528607726	305	0.0008834375315271924	295	0.0010733640596326912	305	0.0015363630403269063	295
5100	0.0008880153895820006	307	0.0009603063777551401	293	0.0009520027292436381	307	0.0012308719567068883	293	0.000725086849906955	307	0.0008496417143730238	293	0.0011410570792967755	307	0.001407279000186653	293
5110	0.0007822698710556117	298	0.0008315132484187992	302	0.0009786113920576438	298	0.0014370834588487212	302	0.0007080704648828147	298	0.0009800370031811854	302	0.0011638962360917627	298	0.0011748499915442165	302
5120	0.0009976729481254766	297	0.0010259546303538994	303	0.000963662923428328	297	0.001466103207342274	303	0.00078540015679003	297	0.0009161349976198909	303	0.0011390438983927408	297	0.001217121495803517	303
5130	0.0008313763640337388	309	0.0009123869190080982	291	0.0009380410846698784	309	0.0014326138856778537	291	0.0006636249093061415	309	0.0008939059237895544	291	0.0014269895170854236	309	0.0014619017153568183	291
5140	0.0008231988699398871	300	0.0010075582434094248	300	0.0009685251219477335	300	0.0012970065795635825	300	0.0007189890991616958	300	0.0008266093115528806	300	0.0012359335517109138	300	0.0018119455005616097	300
5150	0.0009428056731242087	293	0.0010209100921765469	307	0.0008622479033696829	293	0.0013077127938757056	307	0.0007255936820627356	293	0.0008372161272104505	307	0.0009191147692974914	293	0.001379514742966895	307
5160	0.0009404536606080412	298	0.001029166992928523	302	0.0010608031347702077	298	0.0014176128969383207	302	0.0007092675324362869	298	0.0008580726434142612	302	0.0014913904406824257	298	0.0011640492557895106	302
5170	0.0009054111074405167	303	0.0010449178026339697	297	0.0009727663542352891	303	0.0013481055726772611	297	0.0007872387226106704	303	0.0009750235110817774	297	0.0011691612083753117	303	0.001572729085492429	297
5180	0.0008373433183098498	299	0.0009727043190596196	301	0.0009603599945226088	299	0.001316024783996659	301	0.0007308193522454933	299	0.000789174396841975	301	0.0011490574879850714	299	0.0012596770386528082	301
5190	0.0007888649325110557	297	0.0008756718666456726	303	0.0009060868665181975	297	0.0015043700485052659	303	0.0007463772641792905	297	0.001040792485389031	303	0.0010911375091047935	297	0.001243849006415346	303
5200	0.0008915283728764017	312	0.0007914600939936482	288	0.0009694108171594618	312	0.0014900269977396708	288	0.0006293868868173897	312	0.0007585945499649626	288	0.0011954697655929348	312	0.0012233013642453253	288
5210	0.0011445945246484305	304	0.0012844187968893673	296	0.0009182957862690792	304	0.001289626132756452	296	0.0007658507015482448	304	0.0008865725685101102	296	0.0015279254793272813	304	0.0014437655096574689	296
5220	0.0008820370137643451	303	0.0009446431108718308	297	0.000866810176531408	303	0.0013496639563344971	297	0.0007183363122314345	303	0.0008398988050897647	297	0.001278295558059437	303	0.0014812458802743917	297
5230	0.0008941546036870118	305	0.0010782194620555432	295	0.0009917381319193377	305	0.0012977064672165066	295	0.0006529024734891898	305	0.0008483026676573443	295	0.0017045285733525946	305	0.002018483677677782	295
5240	0.0008511575427654483	305	0.0008954557633090721	295	0.0009501249766635953	305	0.0014414066828059954	295	0.0005763560541160407	305	0.0007327537860012881	295	0.001210271496308579	305	0.0011887448233295359	295
5250	0.0010643399369839816	300	0.0011291875889619329	300	0.001071576982176555	300	0.0013762208598095136	300	0.0007053955369467626	300	0.0008829373335660517	300	0.0011321328953061338	300	0.0010850789075289484	300
5260	0.001006986793798819	308	0.0010858611984418144	292	0.0008206036090609208	308	0.0012549268907008967	292	0.0006596992307076294	308	0.0007492807571738239	292	0.0007868031104404067	308	0.0012800427792460315	292
5270	0.0009983600362479408	302	0.00106182780250419	298	0.0009697012053505614	302	0.0014079632151109706	298	0.0006899881350153896	302	0.0008314249473605685	298	0.0010620636837466299	302	0.0014209454970958504	298
5280	0.0011133358208444376	299	0.0010342260054494983	301	0.0009942896568815834	299	0.001261564895531536	301	0.0006410665665404152	299	0.0008412039582125001	301	0.0011126797936976724	299	0.0014780654009494806	301
5290	0.0009181825188932889	291	0.001144314787309149	309	0.0009674072063000013	291	0.0013330755428877534	309	0.0006907022392078326	291	0.0008476403111797214	309	0.0008908718020840804	291	0.0013943799381466255	309
5300	0.0007817455214811945	305	0.0008673164086198819	295	0.0008036576630301831	305	0.0012657097722205209	295	0.0006321083922084321	305	0.0007350169267280715	295	0.0010338311808952038	305	0.001166527237048056	295
5310	0.0006880962455116763	307	0.0009364635871009361	293	0.0007823148650527047	307	0.001356294019764214	293	0.0006951394309051918	307	0.0009076572074875576	293	0.000898790329347911	307	0.0011021414267865103	293
5320	0.0009250830878357122	309	0.0008598195497525569	291	0.0009522586146195855	309	0.0013917697497017442	291	0.0007510323994260918	309	0.0007892942851551618	291	0.0014726005551334524	309	0.0016023605599268316	291
5330	0.0008565227042936823	296	0.0008885626367378359	304	0.001010114974379346	296	0.001405771736970885	304	0.000694460886285175	296	0.0008029208532847339	304	0.0016365053132319028	296	0.0014119807693856437	304
5340	0.0009519876930257872	298	0.0009394507219534767	302	0.0007702089557106469	298	0.0012278203279048679	302	0.000765996373951159	298	0.0008739039622713958	302	0.0013274545377629354	298	0.0016951292913196037	302
5350	0.0010697016496236445	305	0.0011520906590269408	295	0.0010093687018523803	305	0.0013617350120948453	295	0.0007784044107227221	305	0.0008803982992649937	295	0.0011295918015659435	305	0.0012065302041942714	295
5360	0.0010451365671272758	296	0.0010550265483268582	304	0.001001026670311438	296	0.0013008077254101993	304	0.0007686914991444062	296	0.0008674271793096715	304	0.0009906432300631522	296	0.0014870263878842293	304
5370	0.0009017641985220045	304	0.0010506429932901136	296	0.0009454258084477752	304	0.001336705585334602	296	0.0005546771619014277	304	0.0007314640112381954	296	0.001623362041171866	304	0.0017693678201196473	296
5380	0.0009693625667038947	302	0.0009307531145781545	298	0.0009270692769587444	302	0.0012428932706214323	298	0.0006612048385927544	302	0.0007593844292097023	298	0.0013659521035391867	302	0.0016175474915320598	298
5390	0.0008521570473276922	300	0.000924342409350473	300	0.0008335000836284879	300	0.0011658493446372199	300	0.00058761215332516	300	0.0007302137570300713	300	0.0009603920861986566	300	0.001225657312677974	300
5400	0.0008169186895727632	294	0.0007527902936949918	306	0.0007490653636889521	294	0.00106866770269358	306	0.0006892321909301448	294	0.0007852897614249563	306	0.001093311276792626	294	0.0012871520895623362	306
5410	0.0007890374438272197	295	0.0008639547461944053	305	0.0008052177730913866	295	0.0014076378725922385	305	0.0007612055336288198	295	0.0009716136031920569	305	0.0010719851333192009	295	0.0013561938124582002	305
5420	0.0008203429162820872	305	0.0008388219653897233	295	0.001049717929042884	305	0.0014660170522552184	295	0.0006400914878107679	305	0.0008718281667626776	295	0.0012065022008075394	305	0.0015529407028165292	295
5430	0.000916888576750132	310	0.0011157791594288988	290	0.0009552131225216346	310	0.0012629336517353447	290	0.0007051969870761376	310	0.0008686713355541386	290	0.0007746387170289963	310	0.0014170816243939616	290
5440	0.0009567161321352136	311	0.0010650304178672855	289	0.0008515379061564397	311	0.0013093836493251096	289	0.0007058203428319658	311	0.0008289869110412404	289	0.0010368348886173012	311	0.0012139294693232652	289
5450	0.0007843926103071077	303	0.0008846232945329693	297	0.0008645322526932775	303	0.0012716923360747217	297	0.0007386403139270915	303	0.0007496748207636639	297	0.0013489126495635163	303	0.001405033456168195	297
5460	0.0010132389204884835	305	0.00103562330669496	295	0.0009152991169940329	305	0.0012732248767277738	295	0.0007341356071024465	305	0.0009151127424576989	295	0.001418695014350293	305	0.0014524029379657498	295
5470	0.0010373081416784802	294	0.0010627247069939362	306	0.001069492080649075	294	0.0013880606754129359	306	0.0006970126206553846	294	0.0008002012567744142	306	0.001348455981496062	294	0.001624720170918117	306
5480	0.0012638136087092067	300	0.0012980946899289253	300	0.0008597377313993675	300	0.0012138686605246713	300	0.0007650946201388506	300	0.0009011122054410036	300	0.0013004280199664373	300	0.0017067467977880024	300
5490	0.0008749091210440427	298	0.0009330530537003055	302	0.000897710001523572	298	0.0012905631578788333	302	0.0006519460775353225	298	0.0007586137187853405	302	0.0010396792496511083	298	0.0013454011694845004	302
5500	0.0009121019936457632	296	0.0009868485765189621	304	0.0010330136054749453	296	0.0013336770905000997	304	0.000725145875934882	296	0.0008843517263688233	304	0.0010007169726938825	296	0.001203544691432124	304
5510	0.000880989073417568	302	0.001010382853709835	298	0.0008575866210372143	302	0.001361012642616209	298	0.0008307063339104018	302	0.0008721804184830519	298	0.0009534329725800837	302	0.001265252688024143	298
5520	0.0009289484145723476	304	0.000945172420185893	296	0.0010118034240030487	304	0.0014724093470718284	296	0.000714120226485024	304	0.0008358879058462623	296	0.0013868244846678003	304	0.001696338080727697	296
5530	0.0008493587750872018	289	0.0010174018695935782	311	0.0010439525914698084	289	0.001463341859915417	311	0.000660581371513346	289	0.0007814655766499787	311	0.0012540600823652077	289	0.001352020739726598	311
5540	0.000862505750418451	295	0.0009670688637482638	305	0.000839937365835009	295	0.0011566906546178293	305	0.0006302663741380155	295	0.0007810003307394509	305	0.0012742666788652407	295	0.0012955926793364384	305
5550	0.0009235105924737774	305	0.001142135625267585	295	0.0007700029254168266	305	0.0012685210117995482	295	0.0006570393049890641	305	0.0008479581876169933	295	0.0010912621089020115	305	0.0012170893848639606	295
5560	0.0007513229881745972	306	0.0009160960234795247	294	0.0008474768033755845	306	0.0012643083444291566	294	0.0007389527895986372	306	0.0009625230905313358	294	0.0012550972772312143	306	0.0015007434719678586	294
5570	0.000911562706584321	308	0.0009626674490476308	292	0.0008364138120160145	308	0.0013009844401481855	292	0.0006602864493553574	308	0.0008032299379092725	292	0.0010459557636511127	308	0.0013791112240300323	292
5580	0.0009116100439338728	297	0.0011066338832089353	303	0.0009517145313658835	297	0.0013503087716330961	303	0.0006472089833342127	297	0.0008108044834120439	303	0.001695902645504971	297	0.0017909580369724514	303
5590	0.0013977897275382263	300	0.0012586703084726599	300	0.0008574511722503679	300	0.001304930615225498	300	0.0006855200383101912	300	0.0008000622443583036	300	0.00132817076741659	300	0.0014720805833558358	300
5600	0.0009154033612834159	306	0.0009678488424445224	294	0.0009168917056781056	306	0.0013157131712889434	294	0.0007166464418207254	306	0.0007774326820921558	294	0.0009640397445312664	306	0.0010987702517431435	294
5610	0.0010290803367703388	294	0.0012518273775480738	306	0.0008857486757881932	294	0.001343114338547696	306	0.0008045919078835486	294	0.0008869707875578212	306	0.001303669703324673	294	0.0014966622562213746	306
5620	0.0009859503087032845	311	0.0010730523694385322	289	0.0009325908998912379	311	0.001203459463905089	289	0.0006493250509541221	311	0.0007933303106837622	289	0.001074977521137046	311	0.0013147174786639032	289
5630	0.0009420017791187282	302	0.0009582394753276227	298	0.001014281723163718	302	0.0013533457703265124	298	0.000613962255341123	302	0.0008119524258813378	298	0.0008002514314699907	302	0.0011752813675662708	298
5640	0.00090521917375723	305	0.000980418075107253	295	0.0009441061227365711	305	0.0014548765729012895	295	0.0007506321890915	305	0.0008475634558900528	295	0.00127542131071325	305	0.0016048665656893009	295
5650	0.0008231161119966821	301	0.0009621372972100866	299	0.000956521997378111	301	0.0013404843952003634	299	0.0006963769118493702	301	0.0009542718579115826	299	0.0011252999347345328	301	0.0015117083536731837	299
5660	0.0010190016501152581	301	0.0010672736431820826	299	0.0009422032443368655	301	0.0014218657163720331	299	0.0007210467733539562	301	0.0008539411028017337	299	0.0013877641312270352	301	0.0017794308974625342	299
5670	0.001083514597819333	303	0.0010555045947540386	297	0.001290310278425687	303	0.001517525706160282	297	0.0008453061744725424	303	0.0009299058429419961	297	0.0013941845990115137	303	0.0015490120438751349	297
5680	0.0011466783494383903	301	0.0012756591478964813	299	0.0010197734927840413	301	0.0014201062323985292	299	0.0007775882758588176	301	0.000899082754286975	299	0.0009808964109504202	301	0.0014222772676624747	299
5690	0.0010007568497858868	297	0.001164946520290225	303	0.0009030350414623852	297	0.0013649090911003513	303	0.0007585393118245109	297	0.0007965857003839169	303	0.0010663486685622725	297	0.0012468015954585083	303
5700	0.0012615822894209091	299	0.0012701019051645824	301	0.0009601911179582372	299	0.0013128392598201976	301	0.000669356374246637	299	0.0008103280358574352	301	0.001493693751914793	299	0.001949877560375333	301
5710	0.0011021168179712003	302	0.0011637666293795854	298	0.0008936361740312185	302	0.0013035188093503635	298	0.000840595919917989	302	0.0008597674671564735	298	0.0013649695555382195	302	0.001347155123521155	298
5720	0.00089801539775407	309	0.0009815105173329227	291	0.0008647967334911297	309	0.0012678965790837505	291	0.0006450141703970303	309	0.000783532700671449	291	0.0012068149290422798	309	0.0015056261193371714	291
5730	0.0009582576852614475	304	0.0009817097945255628	296	0.0008725066990615882	304	0.001341147451264576	296	0.0006814124352010495	304	0.0008293800576834144	296	0.0009907693193839141	304	0.001152913392321039	296
5740	0.0009461652117627022	313	0.0009632817635181332	287	0.0010233207569949618	313	0.0013286290542814847	287	0.0006696385463011322	313	0.0008591666837871025	287	0.0012388976313986845	313	0.0012955311611473083	287
5750	0.001107088075308324	303	0.001153648397733741	297	0.0010353194227183014	303	0.0013372819923619982	297	0.0007118389308804105	303	0.0008020637368620992	297	0.0012841934890215937	303	0.0014901801692345994	297
5760	0.0011373995768722482	302	0.0011213338058416852	298	0.0009943559421895709	302	0.0014809498906231127	298	0.0007623100524387405	302	0.000906346784230589	298	0.0012507032713877527	302	0.001743487163409833	298
5770	0.0009258747857253527	298	0.0009414010636092357	302	0.0010220120788856045	298	0.0013679051838230095	302	0.0006947957324949063	298	0.000739914020855816	302	0.0008975546109828428	298	0.0012101130603058424	302
5780	0.0010805789823723074	297	0.0009748233277994009	303	0.0008654026461493123	297	0.0014430486700878539	303	0.0006620212550264242	297	0.0007934962172862884	303	0.001419064345380876	297	0.0015829720276426154	303
5790	0.0009298108637198423	299	0.0010646453562190882	301	0.0009421619457320668	299	0.0014204520850149933	301	0.0007333995471728541	299	0.000841143323312457	301	0.0015711365787944413	299	0.0017778168015433187	301
5800	0.0012374793278132291	297	0.0011486074310709934	303	0.0009342863876240223	297	0.0014805113150030244	303	0.0007357533977000024	297	0.0009178054613133396	303	0.0011937731034609893	297	0.001537885974181463	303
5810	0.0007465883195830064	304	0.0009653225385125274	296	0.0008438852271190096	304	0.0011403647912557615	296	0.000644551693428932	304	0.0007547050544535894	296	0.0008861904195013609	304	0.0014631900528974374	296
5820	0.0007081038829511483	307	0.0008427488772520488	293	0.0008114726427237977	307	0.001297583830012705	293	0.0006402038051836621	307	0.0007451517537357245	293	0.0009685580272541221	307	0.0015795754002478533	293
5830	0.0008923693850373149	309	0.0010827873424747152	291	0.0008812759071522314	309	0.0013763657995186972	291	0.0006257505624553636	309	0.0007730912766258023	291	0.0014429793649078306	309	0.001575572028847384	291
5840	0.0010680989457092034	307	0.001081844254358253	293	0.0009191072352923463	307	0.0013459641774982538	293	0.0007207591173673732	307	0.000869413240084996	293	0.0010663211156361175	307	0.001243265143894873	293
5850	0.0008377800850780259	308	0.001041247915374651	292	0.0008251052583810989	308	0.0013138735655725657	292	0.0007171859173151882	308	0.0008427375353796308	292	0.001349143845709187	308	0.0015762263173637577	292
5860	0.00111094254659514	296	0.0013817691178344231	304	0.0009293212364401243	296	0.0013400818038207753	304	0.0006504016458171171	296	0.0008248011131697517	304	0.0013029455151209457	296	0.0016137079264053385	304
5870	0.0010071471502434077	298	0.0010939488810484393	302	0.0009691652161918916	298	0.0013801191162445858	302	0.0006137582680669339	298	0.0007920172082795677	302	0.0012608154798469553	298	0.0013066872657087993	302
5880	0.0010399220871074766	298	0.0011299271937043128	302	0.0008439240646309813	298	0.001355721642018474	302	0.0007079232303597998	298	0.0008547559301652957	302	0.0013823625224107167	298	0.0021700774402962425	302
5890	0.0011565560796946224	297	0.0011376510872418762	303	0.0008569583332998824	297	0.0013671345318962526	303	0.0006666036899527283	297	0.0009011892364911042	303	0.0010486341885069944	297	0.0013193293824824118	303
5900	0.0009679090278038048	293	0.0010482506354563994	307	0.0009679232196709566	293	0.0015208907323225602	307	0.000669379712840357	293	0.0008816638033642137	307	0.0013155980685865508	293	0.0013276804695114084	307
5910	0.0009806691762535328	296	0.001026312159374277	304	0.0009622139442025248	296	0.001318625301322103	304	0.0007079048264303515	296	0.0008832533329180043	304	0.001117026153576388	296	0.0011655331092736308	304
5920	0.0011050277308337067	309	0.0012042291032605327	291	0.0008723038193547723	309	0.0014013167309998298	291	0.0006565258558584237	309	0.0008490077748902509	291	0.0012159153400737228	309	0.0013488800572367644	291
5930	0.0011423146951699804	315	0.0011190838859148255	285	0.0008849331869690291	315	0.0013005366765719943	285	0.0008099905754218762	315	0.0009439149584194741	285	0.0014484016872389057	315	0.0016715103654065032	285
5940	0.0009236488536854695	302	0.0009709270738783209	298	0.0010129944570147504	302	0.0015389041502197746	298	0.000831131548801335	302	0.0009482985776580796	298	0.0014751464495561533	302	0.0014693186589954342	298
5950	0.0009391816527704733	299	0.0011691081889320903	301	0.0010584960452943537	299	0.0015712097017884646	301	0.0008716189563005859	299	0.0011212528179805187	301	0.001712796324737896	299	0.0016611001419908683	301
5960	0.0008132441300970119	301	0.0009209912244514609	299	0.0009287317189401856	301	0.0013268352853733302	299	0.0007004571330760994	301	0.0008745263699623075	299	0.001471070081871525	301	0.0012811529017016073	299
5970	0.000804091114859195	307	0.0008334090176177481	293	0.0008299564651190322	307	0.0012188316195323632	293	0.0006852920678066557	307	0.0008107268457260638	293	0.0014905822041808303	307	0.001624460401786612	293
5980	0.0009420832031421658	295	0.0009008840085877787	305	0.0010774130713567633	295	0.0016031004065348662	305	0.0007573910826631307	295	0.000841226299864106	305	0.0014262843264768832	295	0.001485602346120819	305
5990	0.0009855626838421747	299	0.0010874755263919652	301	0.0009244550814665743	299	0.0013997448658208988	301	0.0008347075776285168	299	0.0009128905704404614	301	0.0009643686018964984	299	0.001118267447961631	301
6000	0.0008213396360043513	295	0.0009685149434786873	305	0.0009150542848786535	295	0.0012658113850426153	305	0.000657568110350758	295	0.0008454917035257654	305	0.0011462241577515073	295	0.0016126565152234425	305
6010	0.0010407406861249015	301	0.0010586912999854265	299	0.0009090698237685532	301	0.0013119225996989765	299	0.0007297977203758418	301	0.0008724774986988844	299	0.0012359830545453432	301	0.001340694208874265	299
6020	0.0012008502715506672	298	0.0011923569128045144	302	0.0010412811805036097	298	0.0015522699913056142	302	0.0008102460292671164	298	0.0009633981970495586	302	0.0011919268910330933	298	0.0014480299378093662	302
6030	0.0010314703881496954	319	0.0010881837308559473	281	0.0010346157439997362	319	0.0014107624397228951	281	0.0007502325561769777	319	0.000827700070561575	281	0.0013113300963543064	319	0.0018537719401272878	281
6040	0.0010310454764578475	302	0.0010066767539810568	298	0.0010131660810319535	302	0.0014192962453565593	298	0.0007233961316942354	302	0.0008129772881440883	298	0.0013727961386749024	302	0.0014749160689235177	298
6050	0.0009700144614888919	304	0.0009149215905262551	296	0.0009424042254575392	304	0.0012792294916716372	296	0.0008436079976732799	304	0.0009510348280974757	296	0.0016418632679835417	304	0.0019993147233920874	296
6060	0.0009715976723914413	305	0.0009719007157619811	295	0.0008117461591004424	305	0.0013953813520547454	295	0.000670299292548339	305	0.000860593692154182	295	0.0010171998750289524	305	0.0012263915326635548	295
6070	0.000788811181868964	303	0.0009421798523333198	297	0.0008605683227081352	303	0.0013539498443166452	297	0.000558333728277175	303	0.0006664322793987726	297	0.0013912338126860345	303	0.001425403197145785	297
6080	0.0010096802777771155	300	0.0011415567379667632	300	0.0010249784163918862	300	0.001453910281083329	300	0.0007005579241998262	300	0.0008844875967938731	300	0.0011218398800649746	300	0.0016168734167645393	300
6090	0.00099888622090677	312	0.0009783827865900191	288	0.0007096075169564802	312	0.0012074896340533337	288	0.0006405788113994938	312	0.0007854345210368146	288	0.001271022454524634	312	0.0014324944421714512	288
6100	0.0009869478510022285	305	0.0010531729172991227	295	0.0009012087806245637	305	0.0013402681617106405	295	0.0006650458532913938	305	0.0008625627154262527	295	0.0014494850566637864	305	0.001964524061884428	295
