tree_index	02a_SPIKE_21563_25384_human_WTD_187_171_.Nmasked.rate__human	02a_SPIKE_21563_25384_human_WTD_187_171_.Nmasked.rate__n_human	02a_SPIKE_21563_25384_human_WTD_187_171_.Nmasked.rate__PA_WTD	02a_SPIKE_21563_25384_human_WTD_187_171_.Nmasked.rate__n_PA_WTD	02a_SPIKE_21563_25384_human_WTD_187_171_.Nmasked.rate__mixed	02a_SPIKE_21563_25384_human_WTD_187_171_.Nmasked.rate__n_mixed	02b_ORF1a_266_13468_human_WTD_187_171_.Nmasked.rate__human	02b_ORF1a_266_13468_human_WTD_187_171_.Nmasked.rate__n_human	02b_ORF1a_266_13468_human_WTD_187_171_.Nmasked.rate__PA_WTD	02b_ORF1a_266_13468_human_WTD_187_171_.Nmasked.rate__n_PA_WTD	02b_ORF1a_266_13468_human_WTD_187_171_.Nmasked.rate__mixed	02b_ORF1a_266_13468_human_WTD_187_171_.Nmasked.rate__n_mixed	02c_ORF1b_13468_21555_human_WTD_187_171_.Nmasked.rate__human	02c_ORF1b_13468_21555_human_WTD_187_171_.Nmasked.rate__n_human	02c_ORF1b_13468_21555_human_WTD_187_171_.Nmasked.rate__PA_WTD	02c_ORF1b_13468_21555_human_WTD_187_171_.Nmasked.rate__n_PA_WTD	02c_ORF1b_13468_21555_human_WTD_187_171_.Nmasked.rate__mixed	02c_ORF1b_13468_21555_human_WTD_187_171_.Nmasked.rate__n_mixed	02d_N_28274_29533_human_WTD_187_171_.Nmasked.rate__human	02d_N_28274_29533_human_WTD_187_171_.Nmasked.rate__n_human	02d_N_28274_29533_human_WTD_187_171_.Nmasked.rate__PA_WTD	02d_N_28274_29533_human_WTD_187_171_.Nmasked.rate__n_PA_WTD	02d_N_28274_29533_human_WTD_187_171_.Nmasked.rate__mixed	02d_N_28274_29533_human_WTD_187_171_.Nmasked.rate__n_mixed
1000	0.00091156039475483	330	0.0011191554052863062	107	0.001021261921414509	49	0.0006532420775660912	330	0.0008463268341959361	107	0.0005685119155677488	49	0.0004257162308980973	330	0.00057939681708015	107	0.00042399470392860174	49	0.0009439402813434842	330	0.0009534268003781326	107	0.0011372249675895368	49
1010	0.0009251239367876917	335	0.0010063426382476387	107	0.0008778746237518478	44	0.0007827455936891465	335	0.0009372818946084652	107	0.0006629003408076544	44	0.00038933381658095624	335	0.0005732831769565404	107	0.00047335486812203633	44	0.0008222191870822183	335	0.0008012110857624886	107	0.0006802294307192221	44
1020	0.0006797580794994897	331	0.0007971718018395504	107	0.000730639903300263	48	0.0006054892856146339	331	0.0009644540572964797	107	0.0006593438503832523	48	0.00047043606677397884	331	0.0006054100897302714	107	0.0005092634496291575	48	0.0009389844661903726	331	0.0009726766766151091	107	0.0010281874164343107	48
1030	0.0008035187246919492	329	0.0007855488695312948	107	0.0006645948882073579	50	0.0006002694708869835	329	0.0008767822161108925	107	0.0005310256711918117	50	0.00040935431132975534	329	0.0006583190700376525	107	0.0005661811749656874	50	0.000756834672497018	329	0.0006838041487909012	107	0.0007015788145174794	50
1040	0.0008424574646299521	328	0.0009147690202926887	107	0.0008407200521039091	51	0.0007420806481803709	328	0.0008828899668274894	107	0.0006802062715874583	51	0.00044664097841430166	328	0.0004929179597652993	107	0.00046730033298898266	51	0.0012801563834666813	328	0.0008000992261696627	107	0.0011189256068773355	51
1050	0.0009715720068385195	332	0.0010758211678091117	107	0.0010689182793736408	47	0.0007467729513378546	332	0.0010202588810165213	107	0.0008232009693979511	47	0.00044680238392020026	332	0.0006214516172692891	107	0.0005163561448421985	47	0.0010105879885314644	332	0.0011128488343312226	107	0.0011444815555750575	47
1060	0.0007647306058520098	330	0.000847936549180653	107	0.0007265868352273279	49	0.0005041279763303394	330	0.0009783666411683925	107	0.0006243627013898909	49	0.00034870868121732694	330	0.0005276781670476435	107	0.0003741470734922319	49	0.0011984910033973808	330	0.0011001976221350464	107	0.0012938297250629548	49
1070	0.0008094758801609526	332	0.0008605900510388873	107	0.0006663980536195307	47	0.0007407811048701068	332	0.0011338707913481653	107	0.0008049908211589711	47	0.0005093342791713994	332	0.0005846346408624023	107	0.000545237841599211	47	0.0010987051909559279	332	0.0008706290856738333	107	0.0010683632824386791	47
1080	0.0010348813520608185	324	0.0009634626574282236	107	0.0012477930549582557	55	0.0007384351865964437	324	0.0010278605240636712	107	0.0007799289229007831	55	0.0005236165202574101	324	0.000627949660659169	107	0.0005675835761628779	55	0.0012046260057443565	324	0.0009321714789229759	107	0.0009606392929559697	55
1090	0.0009413952658955918	330	0.001046901170673004	107	0.0007404180401939649	49	0.0007575301191908229	330	0.0009822016842095803	107	0.0006601684116981787	49	0.00044580842016985156	330	0.0007106220259873617	107	0.00048630528272877016	49	0.0008194124077349742	330	0.0007056893953503434	107	0.0006589933037136481	49
1100	0.0009171200958655339	331	0.0009690142604985734	107	0.0008230620503495213	48	0.0006700620559372808	331	0.0008269114235851396	107	0.0006548937331238329	48	0.0004910294873995126	331	0.0006158688072984193	107	0.00042198713361162147	48	0.0010183382076420558	331	0.0008146516635509288	107	0.0009949565066300619	48
1110	0.0008211486297651858	329	0.0009033854524680085	107	0.0007717680062165759	50	0.0007118018417872474	329	0.0010417833472479384	107	0.0005676935763486839	50	0.0004367805104679327	329	0.0005090287152558223	107	0.0004794817100912639	50	0.0012186267336098595	329	0.001156109793395025	107	0.0011758802299708469	50
1120	0.000752982677456867	333	0.0009122698305866435	107	0.0006394049037895154	46	0.0006727316206629716	333	0.0009364308030095043	107	0.0007167658569980883	46	0.0004611176891010638	333	0.0005638648502798757	107	0.0005108501721459861	46	0.0011289668120295865	333	0.0009650449162159765	107	0.0011919657955527531	46
1130	0.0009500236815472783	331	0.0010727654779298513	107	0.0008637617067353628	48	0.0005938236109595757	331	0.0009619163071747629	107	0.000586058366401627	48	0.0005574682361740805	331	0.000580884212899144	107	0.0005080458188150271	48	0.0010413251267475674	331	0.0007216771976257127	107	0.0006267626470030061	48
1140	0.0008814305039448074	337	0.0009100597139285307	107	0.0009227865362573298	42	0.0006095936738304938	337	0.0009366250314513801	107	0.0006251642294086764	42	0.0004301073559819522	337	0.0006503503418096434	107	0.0003718081377269936	42	0.001140802962259194	337	0.0010543149902646483	107	0.001393617846610601	42
1150	0.0010362797994754127	327	0.0012182465135591538	107	0.0010504786925536786	52	0.0006907828010817266	327	0.0009180996908712346	107	0.0006106499554802443	52	0.00039199889678655047	327	0.0006484234546341884	107	0.00044993131699410223	52	0.0009253194886252626	327	0.000866789030875048	107	0.0006513432415319573	52
1160	0.0007910196323903695	336	0.0007589513443544554	107	0.000651747650583745	43	0.0005837268066702911	336	0.0010281503293844436	107	0.0005801860170728193	43	0.0003507371253213297	336	0.00052287023439808	107	0.0003861740085028577	43	0.0009386014534278687	336	0.0009628292993785827	107	0.000926122909281511	43
1170	0.0007812843798540133	332	0.0009501486297810901	107	0.0007251488039529449	47	0.0006667676373928317	332	0.001041775154724949	107	0.0007076213975073508	47	0.00048356912044488116	332	0.0006238612889251679	107	0.0005054979004012082	47	0.0009482481068662701	332	0.001283045046304724	107	0.0012092006928882473	47
1180	0.0008633825938483466	332	0.0008919436952230449	107	0.0008579422319438588	47	0.0007643626886787112	332	0.0009185100556010858	107	0.0007311620718149863	47	0.00038162693384828064	332	0.0005058492879562193	107	0.00034386880022766034	47	0.0007168071312966389	332	0.0007402920330655273	107	0.0009348290105404207	47
1190	0.000788375062817648	332	0.0008284008902947401	107	0.0008900834500361642	47	0.0006281458665520111	332	0.0008510823947232163	107	0.000634590752445675	47	0.0005989835940731435	332	0.000741581718158568	107	0.0007076617274610779	47	0.000656107114180383	332	0.0007039470145700525	107	0.0007597586718489622	47
1200	0.0010133432254039044	328	0.001149132090750827	107	0.0011190710750592628	51	0.0007325901466022623	328	0.0011898649797394529	107	0.0006020778993487763	51	0.0004333481853317573	328	0.0006261770183247241	107	0.0005176857452649688	51	0.001240505924622774	328	0.0010649946382744306	107	0.0014363208729798805	51
1210	0.0009403869184183783	333	0.0010230030883274022	107	0.0009586993908278808	46	0.0008062174814379887	333	0.0011246039365103645	107	0.0008048313754665808	46	0.00044164984954816696	333	0.0006287991753730791	107	0.0005738275364478811	46	0.000713958215281789	333	0.0007650169083841448	107	0.0010087386288489815	46
1220	0.0007986928531820291	333	0.0008611766268987483	107	0.0007877150388059197	46	0.0006933851988024352	333	0.0010497341154709645	107	0.0006994691082689385	46	0.000399566569794218	333	0.0006208791189047729	107	0.00042515981652069924	46	0.0012426628335586063	333	0.0009034671383800187	107	0.0014956028947736742	46
1230	0.0006845128275791962	334	0.0007370304302060166	107	0.0007581811669927156	45	0.0006771267567702863	334	0.0008358262306257261	107	0.0007967767619518383	45	0.00042700654051216114	334	0.0005397201872176174	107	0.00037313495315696336	45	0.0021119023588338955	334	0.0012451080489545388	107	0.0026024155894365853	45
1240	0.0007475110604227857	337	0.0007996508038376448	107	0.0007733561477776149	42	0.0006442536096850784	337	0.000912742074707501	107	0.000650326125889427	42	0.00046994981320826564	337	0.0005440675800184427	107	0.0005333770641683144	42	0.0009671705315099729	337	0.0009371368082756966	107	0.0008405622714516297	42
1250	0.0006111727066633095	325	0.0007236706773606355	106	0.0005622579427434519	55	0.0006193188130925702	325	0.00082713204279293	106	0.0006344127265459846	55	0.0004268458804707913	325	0.0005837776290389939	106	0.00043061946064171214	55	0.0010562764571893212	325	0.0011360617624107594	106	0.0011053518828260326	55
1260	0.0007614552403216605	335	0.0007811703764422718	107	0.0007473038326594983	44	0.0006536538424368141	335	0.0008985871888106979	107	0.0007284681591345158	44	0.000494015509056377	335	0.0005591918896464734	107	0.0005315706533710869	44	0.0008776789733056841	335	0.0007702678399518087	107	0.0006966562949043488	44
1270	0.0008602012227468283	324	0.000890275527024897	107	0.0008147015543564169	55	0.0006009208953061366	324	0.0008052422203343108	107	0.0006695097833804605	55	0.000436719981166671	324	0.0006154915886258059	107	0.0005246354184236568	55	0.0008626805616160336	324	0.0007790773394431193	107	0.0008882192837083432	55
1280	0.0008545515723850469	332	0.0008704328628803813	107	0.000983552808039805	47	0.0006728256559434514	332	0.0009715254197810969	107	0.0007641690902167933	47	0.0004204525692740432	332	0.00047370390163689504	107	0.0003759517440395064	47	0.0011222723018230291	332	0.0009435930412943149	107	0.0011254181459675256	47
1290	0.0008528360203752089	331	0.0009448931389746138	107	0.000793385017020138	48	0.0005366600300721812	331	0.0008029186175018237	107	0.0004755230650542613	48	0.0003990013847891227	331	0.0006116362503063598	107	0.0003852775897878296	48	0.0006917725917288122	331	0.0007395656406222465	107	0.0006369862351211626	48
1300	0.0007755006589515197	329	0.0008974108800356413	106	0.0009050902009559403	51	0.0006304961724982607	329	0.0010655725843716653	106	0.0006102105844503777	51	0.0005216604618214169	329	0.0006988892766615768	106	0.0006142870503762193	51	0.0007698678248106454	329	0.0007925459031566382	106	0.0007624186013995778	51
1310	0.0008865552458922485	332	0.0008741353455816542	107	0.0008178625958882384	47	0.0006316964342673105	332	0.0010148261650595111	107	0.0006251191715942202	47	0.0004237237342053255	332	0.0005207499347363084	107	0.0005437312926146841	47	0.0009455921433901892	332	0.0011342251362130083	107	0.0012029942453241338	47
1320	0.0007377164742103915	334	0.0007488349661223942	107	0.0007620726403774609	45	0.0007703857279609701	334	0.0010407163142842322	107	0.0007762112075011058	45	0.0005134764844699775	334	0.0006882916775723748	107	0.0003837470512575714	45	0.0009538840254877381	334	0.0009931728855398147	107	0.0010526832038122572	45
1330	0.0009037834244806633	329	0.0010217829270652754	107	0.0010488442446599956	50	0.0008282371644933015	329	0.0010185152669992506	107	0.0009543561620235076	50	0.0005450723242383989	329	0.0007060199234330919	107	0.0006006280500094477	50	0.002073896326467168	329	0.0009805780928243497	107	0.0009946568078108462	50
1340	0.0008211892225738629	331	0.0010089093160202476	107	0.000852389625504157	48	0.0007541303571245903	331	0.0009652926726056097	107	0.0006761771788866048	48	0.0004547421798041519	331	0.0007737151994834695	107	0.0004804991109264847	48	0.0007664806158317824	331	0.0007994629784368592	107	0.0007639804065819189	48
1350	0.0008543033928354886	337	0.0008527850282035335	107	0.0008986607686300553	42	0.0006162249293863312	337	0.0009411677170168786	107	0.0006943708815763001	42	0.0003686131773941341	337	0.000583958573304549	107	0.0004828630961536907	42	0.0007355691481532968	337	0.0006981246681622661	107	0.0006104835813270048	42
1360	0.0009454826344192171	335	0.0010093322312494124	107	0.0009565467015146026	44	0.0006538212969007433	335	0.0009653657847070814	107	0.0007338242863034421	44	0.0004782887561928533	335	0.0006389309712890006	107	0.0005668486297753627	44	0.0011638419434129995	335	0.0009949719179423368	107	0.0010469998099561224	44
1370	0.0007987300450017483	332	0.0009324659441826832	107	0.0007748766747519421	47	0.0006943121052616463	332	0.000998429969939458	107	0.0006154248534059003	47	0.00046743989050843944	332	0.000502841268188519	107	0.00040322345202656974	47	0.001095823422598776	332	0.0009817769965155116	107	0.0011916235899883617	47
1380	0.000871135781404291	339	0.0010220478406159715	107	0.0005793325652942594	40	0.0005567642853087212	339	0.0008789841125821993	107	0.0006202329903963434	40	0.0004434227983255781	339	0.0005775209602326969	107	0.00037687700300576904	40	0.0008717067012078462	339	0.00102522025681271	107	0.0009493507537069164	40
1390	0.0009429590327913968	329	0.0011663936643836663	107	0.001024233445903624	50	0.000804799693758957	329	0.0010320547398118853	107	0.0008114439700831726	50	0.0006088997810961749	329	0.000877010389789883	107	0.000619108589120266	50	0.000956454542610954	329	0.0011024834628333632	107	0.0010249696155444784	50
1400	0.0008302531483036498	331	0.0008209707802852527	107	0.0006862917959806216	48	0.0007045660198594328	331	0.0011113372066348342	107	0.000901782509674569	48	0.00046518086151589615	331	0.000684747136365564	107	0.0004897677807211339	48	0.0007488653737698657	331	0.0007710428385617044	107	0.0007415351724118915	48
1410	0.000909661015657036	337	0.0009972553400982235	107	0.0008515702023156211	42	0.0007854452427742191	337	0.0009334908138883221	107	0.0007401395265705264	42	0.00045747642187154595	337	0.0005539667408815426	107	0.00046157824852105115	42	0.000882462892153152	337	0.0008301922630164693	107	0.0008942019530319737	42
1420	0.000866092294884165	331	0.0009508829979855731	107	0.0009762017244284697	48	0.0007011537602421906	331	0.0009505825481622094	107	0.0006556852510370385	48	0.0005042787919199161	331	0.0005805990153246237	107	0.0003942762409091699	48	0.0008313714722962798	331	0.0007489172453081251	107	0.0008810234896279658	48
1430	0.0009346775522745307	331	0.0009844333422881271	107	0.0009791973368668664	48	0.0006017549290045204	331	0.000879397026011663	107	0.0004814715955992111	48	0.00048357499036478385	331	0.0006183888863721491	107	0.00043921410949536807	48	0.0009113864168093825	331	0.0008348273358167529	107	0.0007790121750046837	48
1440	0.0009416787031618434	334	0.0008597901270352157	107	0.0009974477207490354	45	0.0007967159417361659	334	0.001085018011477238	107	0.0007992484331067225	45	0.0005350255274646229	334	0.0005841124127514387	107	0.000492737741937043	45	0.0008496616730080971	334	0.0007860850464455441	107	0.0012944135675097114	45
1450	0.0007636544398470815	333	0.0008061041979075256	107	0.0007755600602935598	46	0.0007327272027700562	333	0.0010200346559382655	107	0.000877944804617967	46	0.0004562049872880568	333	0.0005732952553130466	107	0.0004067351547079106	46	0.0007418905156045723	333	0.0008106666334695556	107	0.0009083624674640611	46
1460	0.0008494709110473433	331	0.0008931411773483493	107	0.0007303006663020574	48	0.0007285707322280424	331	0.0010140242793666822	107	0.0007065038269903979	48	0.0005065251361551187	331	0.0006596889095202808	107	0.00046482298106192505	48	0.0008919784078078416	331	0.0010545175290463812	107	0.0012589388455711973	48
1470	0.0008695234516382866	336	0.0010144844310571194	107	0.0008655494197195092	43	0.0006498303007794968	336	0.0009028296169406374	107	0.0005951497350682549	43	0.00041660961386886646	336	0.0005881954372070248	107	0.0004950810606848004	43	0.0009929984620967037	336	0.0006443049929751757	107	0.0010279448634390952	43
1480	0.0009849448998803618	329	0.0009976319613328663	107	0.0008943522296363082	50	0.0006466410478166487	329	0.0009850398962315354	107	0.000611438989853762	50	0.0005768556940425365	329	0.000641829294912174	107	0.0005940898983731397	50	0.0011963363652054938	329	0.000887285276423756	107	0.0014111103357223665	50
1490	0.0006931280356404838	337	0.0007624252338806093	107	0.0007940868007953143	42	0.000713068906584201	337	0.000914547248513947	107	0.0005632425506603022	42	0.0005082254024334783	337	0.0005844333220665835	107	0.0004723140146591303	42	0.0007700589391679337	337	0.0008601449689081937	107	0.0010862095954850344	42
1500	0.0008515214301016736	330	0.0009454995162500703	106	0.0008409490265420911	50	0.0007775157062548004	330	0.0010076507589600403	106	0.0007283139836122063	50	0.000451409952828877	330	0.000578919026860818	106	0.0004481614587948386	50	0.0009953482352083182	330	0.0008853608131915098	106	0.001078262809142798	50
1510	0.0008109212415932027	336	0.0008031135702894073	107	0.0006854420780065978	43	0.0007195681772287945	336	0.000916438300328057	107	0.0006941688130589237	43	0.0004573121564853963	336	0.0005517907220773355	107	0.000457886867326054	43	0.0011386085805305363	336	0.0010534710055259899	107	0.0011894155559673703	43
1520	0.0006638628862058958	332	0.000868060056696309	107	0.0007062238847632935	47	0.0006566746286402165	332	0.0008399980425446745	107	0.0007441095308283413	47	0.0005074382833242618	332	0.000771788053104588	107	0.0005269911574295011	47	0.0009509435486147563	332	0.0010561348807735815	107	0.0010443444026605074	47
1530	0.000954029824583414	330	0.0010460710869476682	107	0.0009905419127322905	49	0.0007502446336395131	330	0.0009664374274289366	107	0.0007500341785964441	49	0.0004878056655772676	330	0.0007110198752242158	107	0.00039578333783013	49	0.0006571247235158075	330	0.0005763608834951215	107	0.0007966575069124123	49
1540	0.0008941885434721139	327	0.0009496019889677951	107	0.0009292215067387895	52	0.0006948071206411713	327	0.0008669441363268516	107	0.0007386389822372388	52	0.00043136197970833226	327	0.0005588275266690526	107	0.00039242497323568393	52	0.0009189966257610029	327	0.000853442506517198	107	0.0009204189943759818	52
1550	0.0008529717181473062	329	0.0009271995282889195	107	0.0009599459815166394	50	0.0007978704253836155	329	0.0010736890239589289	107	0.0008062860168640411	50	0.0005288054028875257	329	0.0006570028193995707	107	0.0005954864069738677	50	0.0008281902949618173	329	0.0008618768182647044	107	0.0006728145444671993	50
1560	0.0007928910899954503	334	0.0008049223833734954	107	0.0007026601789358336	45	0.0007003177077784537	334	0.0009718581585144629	107	0.0006732720297294304	45	0.0005115950815427353	334	0.0005691036500924911	107	0.0004305451871779106	45	0.0009302497521767405	334	0.0006645613603232371	107	0.0008915450924328497	45
1570	0.0008674601741906441	334	0.0008581454383494344	107	0.0008987569916147239	45	0.0007302931548466069	334	0.0010146930821770084	107	0.0006335061365875225	45	0.0005604089267634914	334	0.0007177003628989539	107	0.0005357105331491285	45	0.0007948172964452593	334	0.0011504807375888936	107	0.001039835790249976	45
1580	0.0008371534691671663	330	0.0008813216375249501	107	0.000643203692164213	49	0.0007442199319514912	330	0.0009664265852588852	107	0.0008173458033413163	49	0.0005256295805260951	330	0.000650068974227147	107	0.0005492383797488043	49	0.0009234515868134645	330	0.0008309425005112031	107	0.0008108499076770173	49
1590	0.0007257615802960551	335	0.0009802781271087656	107	0.0008785364299343675	44	0.0008260650067269149	335	0.0009721228475855078	107	0.0006615888259428603	44	0.00044655750805355115	335	0.0005198678353929651	107	0.00040684592344761056	44	0.0010454908653624501	335	0.0007735798941884454	107	0.0010359875080834208	44
1600	0.0008418985799843838	332	0.000926625889606705	107	0.0008057648378649077	47	0.0007399480555055239	332	0.0009928131833133237	107	0.0005738344584439039	47	0.0004591387915963469	332	0.0007279605744084259	107	0.0005329886201639143	47	0.0008887215604551666	332	0.0010488202883243204	107	0.0011589460010178823	47
1610	0.0007684045745636893	333	0.0008215893119087729	107	0.0007325392304442841	46	0.0007906001592238983	333	0.0011207371088275849	107	0.0008106509324058802	46	0.0005133793666464058	333	0.0006597891182748055	107	0.0004988338990739447	46	0.0010118464932942174	333	0.0009691087908973609	107	0.0012663456671020742	46
1620	0.0008653967249588995	327	0.0008610686464568562	107	0.0008654728673338668	52	0.0007748946765102582	327	0.0010089685475829751	107	0.0007256248327689331	52	0.0004579563911521952	327	0.0007134755235331537	107	0.0005273705600061372	52	0.0011333700254360704	327	0.00100222175748156	107	0.0011763520113242999	52
1630	0.000826709350486248	340	0.000970978047650463	107	0.0007687596513416672	39	0.0008319002831010112	340	0.0009936754652878832	107	0.0008819084857409489	39	0.0005207266491054991	340	0.0005724084802284469	107	0.0006014762467727915	39	0.0007732559641614263	340	0.000770322763032016	107	0.0007065375034955371	39
1640	0.0009697132565193644	334	0.000980099802651893	107	0.001129953966215726	45	0.0006737991258620258	334	0.0007965409111729062	107	0.0007423252539187199	45	0.0005191847589780174	334	0.0006813405767606618	107	0.0007436363264481352	45	0.001022238288169825	334	0.0009969177020443386	107	0.0008841904818073283	45
1650	0.0008592742713640254	335	0.000864017015216394	106	0.0008464803445649997	45	0.0008271077118529276	335	0.0008821641417769902	106	0.00074513671606603	45	0.000553174808317805	335	0.000635526252350573	106	0.0005698742347860327	45	0.0010180986309144282	335	0.0010084865375926111	106	0.0009438241929366763	45
1660	0.0009239196968894712	333	0.001058313910410693	107	0.0009781474218980707	46	0.0007615682553025736	333	0.0009200084594354838	107	0.000713900806332475	46	0.00039678513506648315	333	0.0004949521613376084	107	0.0004206389296533711	46	0.00087703438709953	333	0.0008330774696715534	107	0.0007859800663201177	46
1670	0.000664820706527575	334	0.000795969872289692	107	0.0005836976770195369	45	0.0006990204792328511	334	0.0009668554657696411	107	0.000612265687231281	45	0.0005019404201052084	334	0.0005604144740191529	107	0.00042026411512433536	45	0.000794208498209255	334	0.0008126571061206534	107	0.0008811750937472185	45
1680	0.0007148497097028151	336	0.0008832322571332356	107	0.0007595554229859317	43	0.0005763079973420352	336	0.0009051160811505455	107	0.0005199471050071613	43	0.00045060924836527863	336	0.0007067181061193084	107	0.000356701497064419	43	0.0005946028632290304	336	0.0005718531524375443	107	0.0006742464889178255	43
1690	0.0006865040840656859	330	0.0008048010929447602	107	0.0007707309145922627	49	0.0005927081049669774	330	0.0009320013009748128	107	0.0005634020163297787	49	0.0004140356509013621	330	0.0005087724203971626	107	0.00035457323749895053	49	0.000501005523863999	330	0.00047774552889892	107	0.0004898428166525263	49
1700	0.0009366860429138139	337	0.000921311978337296	106	0.0007617767371669297	43	0.0006411951637178436	337	0.0009216477047530503	106	0.0006564307469630535	43	0.0004456066599945769	337	0.0005408970234260517	106	0.0004996404346628444	43	0.001019582064716169	337	0.0010427975097829268	106	0.0010261537919069852	43
1710	0.0007306099332912246	338	0.0007840399881725301	107	0.0007006433266376097	41	0.0006090238597053912	338	0.000730649779454306	107	0.0005890508342771935	41	0.0004796001543213989	338	0.000682564356688598	107	0.00046587654749832933	41	0.00046276715377511596	338	0.0006074468410728722	107	0.000564760670599965	41
1720	0.0008493149275400345	334	0.0008386973286117857	107	0.0008125985713756519	45	0.0006981169274670547	334	0.0010423252850246107	107	0.0006931344145110908	45	0.0004850136842852682	334	0.0006467020884062445	107	0.0004344514124735783	45	0.0008400189469536485	334	0.0009158088374486121	107	0.0009720945445716336	45
1730	0.0009500103192641797	335	0.0009868626079716253	107	0.0007821860369223183	44	0.0007013282538232022	335	0.001061134030670225	107	0.0007652976122016687	44	0.0004111108831025691	335	0.0005602455505536182	107	0.0003667796005805782	44	0.0008522913110714953	335	0.0007446348380193657	107	0.0011788693771885106	44
1740	0.0010957333672172618	334	0.0010327982373520353	107	0.0011279357976844283	45	0.0007286231944254032	334	0.0010836319041981862	107	0.0008392757951694317	45	0.0005963409728239083	334	0.0007157439617507242	107	0.0005918213974429373	45	0.0009458624048775595	334	0.0009602098310117113	107	0.0008617544598696993	45
1750	0.0009493798749219195	336	0.0011055788042278964	107	0.0011034792993110316	43	0.0006643426021712201	336	0.0008979276143907878	107	0.0006266554859534609	43	0.00048059140261704067	336	0.0008416883669033824	107	0.00047201475439549923	43	0.0008999597331050271	336	0.0008692784957904621	107	0.0009490152027243372	43
1760	0.0008746519652944676	339	0.0008785768265617242	107	0.0009014044109338509	40	0.0007990452522924264	339	0.0010468645980520248	107	0.0009816677169041822	40	0.0004014031647516687	339	0.0006503013126064981	107	0.0005206677917149818	40	0.0007506819447334961	339	0.0007856801909658028	107	0.0007457170047274718	40
1770	0.0010790820793356909	335	0.001386206999518595	107	0.0011286967349392531	44	0.0007621849285670013	335	0.0011012326502688428	107	0.000755991299162967	44	0.0004562492659248877	335	0.0006650041698810146	107	0.0005695803569219621	44	0.0009446845030027868	335	0.0010664253043165442	107	0.0008421662464758308	44
1780	0.0009286582890111632	332	0.0008367460264389638	107	0.0007677022814447373	47	0.0006299280474348215	332	0.0008548452057283892	107	0.0006635460608864053	47	0.0004554209736871933	332	0.0006097222682599377	107	0.0005179665864214671	47	0.0007844940876192814	332	0.0007266391322593766	107	0.0007218432654652446	47
1790	0.0007116251686427425	334	0.0009050558677803772	107	0.0005152606875471254	45	0.0006766711023682864	334	0.0008041309749798884	107	0.0007412946146026799	45	0.00046221004760374853	334	0.0005805202676890138	107	0.0003789142030440499	45	0.0009887952710400394	334	0.0009945505963696061	107	0.0009625531885625826	45
1800	0.0008166177002548775	331	0.0008306838405770366	107	0.0008540981440253347	48	0.000624432576491576	331	0.0008881496736779541	107	0.0008976075409433895	48	0.0004313140303217003	331	0.000542182539404292	107	0.0004259216775555974	48	0.0006994355528570762	331	0.0011823971486739462	107	0.0009547120735053279	48
1810	0.0007816223021100316	330	0.000896079541421097	107	0.0007580297316817848	49	0.0007430862979786822	330	0.001023094427980545	107	0.0008118176614665329	49	0.0004206235245707494	330	0.0005448797738272008	107	0.0004675959016838801	49	0.0009981338567351835	330	0.0007488760444700783	107	0.0018859509366019394	49
1820	0.0009866860230988332	334	0.0009129568775563041	107	0.0007180659792866303	45	0.0008023733040311485	334	0.0008984607206387541	107	0.0007934192662581697	45	0.0003867587097770435	334	0.0004939672474133852	107	0.0004740644413268964	45	0.0009259916961499551	334	0.000860922058080236	107	0.0010354532220132552	45
1830	0.0008354291853403848	335	0.0009004708696215022	107	0.0008442667596984553	44	0.000659084881287635	335	0.0009020137424910603	107	0.0006262476009971548	44	0.00045042759846932785	335	0.0005371534320290396	107	0.000485842697733828	44	0.0009963573859747173	335	0.0009380324722728881	107	0.0011775089441873985	44
1840	0.0007853873619673896	340	0.0008944959521638507	107	0.0008291485219910476	39	0.0006926235264830543	340	0.0009544488771870355	107	0.0006133351642873921	39	0.0004956160926706566	340	0.000682732815017977	107	0.0005287562409989877	39	0.0007566884687262034	340	0.0007399976340835252	107	0.0008547118932170745	39
1850	0.0008446143371704931	333	0.0009762951894619112	107	0.0008267593773083082	46	0.0006575640289571037	333	0.0009064939105120223	107	0.0006455715269617346	46	0.00045354823432378056	333	0.0006983630797313755	107	0.0005178793540995282	46	0.0007369574615443294	333	0.000851103597149638	107	0.0008101991998910872	46
1860	0.0009691020645771697	337	0.0009674776419687498	107	0.0009666670608694004	42	0.0006150314138733005	337	0.0009216891435193662	107	0.0007116952163524597	42	0.0004839869372380846	337	0.0006141561939367042	107	0.0004159396246029437	42	0.0008043021525642855	337	0.0007681211586330703	107	0.0008081660019153716	42
1870	0.0007982985555875195	336	0.0008661989815118771	107	0.0009069199173677353	43	0.0006688996697703816	336	0.0009450635287318122	107	0.0006362150516266318	43	0.00048498272558523514	336	0.0005621039984832496	107	0.00047546060619654314	43	0.0008099473884826828	336	0.0009825716101529778	107	0.0006649610710397319	43
1880	0.0008932754513988373	335	0.0008964303596593388	107	0.0008738668063827021	44	0.0006291478556448738	335	0.0009035945118957346	107	0.0005623003608398616	44	0.0005444123112818681	335	0.0005500030046609669	107	0.0006121782086083472	44	0.0008376874941170138	335	0.0010067410714659024	107	0.0009322372081690552	44
1890	0.0008533854907065215	336	0.0009887707234008628	107	0.000816927528615424	43	0.0006382639268158488	336	0.0008881711285970531	107	0.0006884072542417617	43	0.00043692325027551817	336	0.0005734090331279872	107	0.0004443491082467883	43	0.0009128822968783811	336	0.0009403216364204471	107	0.0012194639224654311	43
1900	0.0009843086774754559	333	0.0010628809820499368	107	0.0010334671889795765	46	0.0006319303611863141	333	0.000848600077670837	107	0.0006392286415711001	46	0.0005709201363404755	333	0.0007012930866108067	107	0.0004801117003905788	46	0.0012262403381766188	333	0.0008333687449317715	107	0.0009242984701452288	46
1910	0.0008332684574448975	335	0.0008896215863452597	107	0.0007916060389445357	44	0.0005706642879226249	335	0.0008493406936709197	107	0.0005404476993342372	44	0.00041060850445704663	335	0.0006029209929127702	107	0.00047630553188879934	44	0.0007224497196683648	335	0.0007454657333308454	107	0.0005923733119453327	44
1920	0.0009888598906465694	328	0.0011528201054938749	107	0.0008969163201400548	51	0.0006679846343924307	328	0.0008914653567800346	107	0.0006230239899969028	51	0.0003740181944573706	328	0.0006276544309884117	107	0.0003959405833111703	51	0.0010516644438959277	328	0.0011498092904810566	107	0.0009466062363565484	51
1930	0.0007192124273677509	339	0.0007120020949053726	107	0.0009147311556260661	40	0.0006339954577551094	339	0.0008335452013065583	107	0.0006099380439017074	40	0.00036381220209323953	339	0.000511268081520937	107	0.0004706422317705119	40	0.0008165593464596897	339	0.001505886846502404	107	0.0008599570919563661	40
1940	0.0008276893140546978	336	0.0009232933740058904	107	0.0008353200123074532	43	0.0006816790725850179	336	0.0009597939068657306	107	0.0006363118335249172	43	0.0004343913096608199	336	0.0005966157948123973	107	0.0004662298156359388	43	0.0009123624146698576	336	0.0007984933276720438	107	0.0008926031701935066	43
1950	0.0007278298985575521	335	0.0008267566124127799	107	0.0006812791549352136	44	0.0006540127314488235	335	0.0008859929609974808	107	0.0005862493624957959	44	0.0004078460615971749	335	0.0005302930612216855	107	0.0004419031216915352	44	0.0008339668666074971	335	0.000881087792066577	107	0.0007508374356207837	44
1960	0.0008461036419201232	333	0.0009234163053908901	107	0.0007886510745212154	46	0.0006619227310932282	333	0.0009521844151059045	107	0.0005580787585125898	46	0.000502072320262405	333	0.0006304816002035024	107	0.0005150780176546122	46	0.0020339032369012687	333	0.0009134439964471186	107	0.0008028286175307897	46
1970	0.0008329614766588557	334	0.0009060463975621365	107	0.0012806385107380714	45	0.0007096664667015656	334	0.0010668693287538573	107	0.0007247267330993007	45	0.00042155234461651214	334	0.0005107911652822545	107	0.0004198650198841001	45	0.0010762906861609667	334	0.0008239353102122151	107	0.0010707608130969546	45
1980	0.000940396321696872	336	0.0009002549654701116	107	0.0008816131429041882	43	0.0007123227839920208	336	0.0009423693484346115	107	0.000656783412035244	43	0.00038247335098736307	336	0.00048420551792461116	107	0.0004071417436685922	43	0.0010268056997031721	336	0.0011949148702160644	107	0.0007319962879359783	43
1990	0.0010434242851264286	336	0.001057953725776976	107	0.0009200655832710268	43	0.0006929458391512268	336	0.001007096013760569	107	0.0008403498586579537	43	0.0005835198815802423	336	0.0006749150180874032	107	0.0005224396707515923	43	0.001039629649314756	336	0.0011007791405731394	107	0.0009388353664600769	43
2000	0.000851094350039389	335	0.0009453478808017662	107	0.0007561163998839978	44	0.0007320223956010386	335	0.0009446599284067	107	0.0007361163270970948	44	0.0004923624155946871	335	0.0005661555251108805	107	0.00045110463111992793	44	0.0007043254044109652	335	0.0007695093945336936	107	0.0007668505254497807	44
2010	0.0009076782494782075	332	0.0010876572426771237	107	0.0007015549523685622	47	0.0007508650281689655	332	0.0010801439945409754	107	0.0006154246118640635	47	0.0004093174810559908	332	0.0004913510180965034	107	0.0004956128891890867	47	0.000485037764134364	332	0.0005415800281195457	107	0.0005755925752325096	47
2020	0.0009070166708212474	337	0.0009752334327726397	107	0.0008842732943874198	42	0.000647825002656228	337	0.0009250635335776486	107	0.0005775383990336509	42	0.0004263099402561834	337	0.0006398729568827616	107	0.00037364519410953127	42	0.0008702511632807956	337	0.0007851359091772188	107	0.001005231165691634	42
2030	0.0009645325569103239	335	0.0010086807832279461	107	0.0009031149272109111	44	0.000621331703406985	335	0.0008712025452307249	107	0.0006246190699460796	44	0.0004674038979919525	335	0.000671828997567426	107	0.00048665378032061864	44	0.0007016530956702436	335	0.0007453274390114489	107	0.0007686644805499711	44
2040	0.0007986817605858288	337	0.000890913599220787	107	0.0009206679855370709	42	0.0005800647166631807	337	0.0009074258375910264	107	0.00049111682016804	42	0.00042397985960518483	337	0.000565805635143846	107	0.00045872985847109066	42	0.000753580440276772	337	0.0007674862831925223	107	0.0008390727108287529	42
2050	0.0008390908991202765	330	0.0011623811655178755	107	0.0007751731132877092	49	0.0006890927281451374	330	0.0010402520362383441	107	0.0006684257253700324	49	0.00041221269043017247	330	0.0005744222745984496	107	0.0003528926753924147	49	0.0012573539286047867	330	0.0007740114252625194	107	0.0006151809116793187	49
2060	0.0008026475098620482	339	0.0008755323175338452	107	0.0009768188327985525	40	0.0006997838972003801	339	0.000905186709094927	107	0.0006473894080273089	40	0.00048289551196164604	339	0.0005877090887943534	107	0.0004922164068884415	40	0.0011731857817242877	339	0.0012211406720266818	107	0.0010795261876071077	40
2070	0.0009191556051356048	340	0.0008752610568585724	107	0.0009819560930157795	39	0.0006664703878948467	340	0.0007589488668419904	107	0.000669156280323051	39	0.0004679336860472802	340	0.0005600403324634247	107	0.0005035835532017147	39	0.0008494025193734868	340	0.0006564626299054016	107	0.0006155902692587596	39
2080	0.0005861059331058951	336	0.0006711198894193632	107	0.0006990632601917291	43	0.0007236289942478049	336	0.0009769059040610924	107	0.0006226324698629311	43	0.0004703771448275362	336	0.0006392172752539545	107	0.0003724198958414769	43	0.0010612783105979243	336	0.0006329241277143951	107	0.0013129585278890412	43
2090	0.0009110314368832991	331	0.0009248443404853294	107	0.0010374001582487433	48	0.0007067153444206065	331	0.001136584872844658	107	0.0005848613701120422	48	0.000533735794122505	331	0.0005604799601863782	107	0.0005571207006242202	48	0.0013239090670665455	331	0.001244945836104097	107	0.0016409954297587476	48
2100	0.000898153326159045	328	0.0008902776546998452	107	0.0008821525405321627	51	0.0006614358814796111	328	0.0009063259737763659	107	0.0008178152008900104	51	0.0004405136021559221	328	0.0005304958290371015	107	0.0006078247493473349	51	0.001041195143795015	328	0.0010972448961319432	107	0.0011195199058681722	51
2110	0.0008328106390628681	336	0.0009418842836395194	107	0.0008315268579971272	43	0.0006809693230312869	336	0.0009269269322985074	107	0.0007953930434065857	43	0.0005229595977190564	336	0.0006345723597447493	107	0.00048575559468401475	43	0.0011399263548027834	336	0.0007327827879745294	107	0.001279459631280532	43
2120	0.0007529318212846703	329	0.0008248426797142095	107	0.0007713974104639688	50	0.0005904423305185331	329	0.0008810909849946624	107	0.0006150241626241989	50	0.00044039837833938727	329	0.0005629558243816354	107	0.0004167168626991865	50	0.0006943339752025876	329	0.0007483848437895878	107	0.001092499473064965	50
2130	0.0010128123363849436	336	0.0010075830483849324	107	0.000987282139674112	43	0.0005954493096115474	336	0.0008233468319052372	107	0.0005790878622494471	43	0.0004375544956300729	336	0.0005632454715433487	107	0.0005253942737794051	43	0.0008539983849865518	336	0.0007428530752054416	107	0.0008500407790978348	43
2140	0.0006840279262313819	338	0.0009451261859206291	107	0.0010297427166220386	41	0.0005700915605583588	338	0.0009307283368850545	107	0.0005984382258417966	41	0.0003438033787359634	338	0.0005533312093256134	107	0.00039920891281673774	41	0.0009945000893703106	338	0.000902361936864263	107	0.0011209827046025351	41
2150	0.0007836801366424423	335	0.0008580453630718472	107	0.0007874717081786452	44	0.000554461600888077	335	0.0009370998380082923	107	0.0005041585280027369	44	0.00042433364589889344	335	0.0004686209670513466	107	0.0004209205550492052	44	0.0009367783735370757	335	0.0009631624988351606	107	0.0006786241197342967	44
2160	0.000789907397720702	334	0.000869947471477324	107	0.0005529117824938361	45	0.0006465072926591282	334	0.0008133853043672955	107	0.000645402177075653	45	0.0004818690804414308	334	0.0006053297674475685	107	0.00040575757343881366	45	0.0010908447941858287	334	0.0010936146040823917	107	0.0010912188340298323	45
2170	0.0006962316234694295	332	0.0007323841481098947	107	0.0007449067180903379	47	0.0005486181540507168	332	0.0008388930973425638	107	0.0004813557300517499	47	0.00038283397117511365	332	0.00047536226517505385	107	0.00033444592361027973	47	0.0009279580068603632	332	0.0008255365382092221	107	0.0008105599313567815	47
2180	0.0006955992354664507	335	0.0007647124427599089	107	0.0006015585814866294	44	0.0006175022706566668	335	0.0009279977108050311	107	0.0005731753126534384	44	0.00034756708618093746	335	0.00038929181522800045	107	0.0004032974880341459	44	0.0007119853871421478	335	0.0007336865064909175	107	0.0007335978691257721	44
2190	0.0009215477173220934	337	0.0009640630069681953	107	0.001115652153117167	42	0.0007237509192117378	337	0.0009988784786495709	107	0.0008265547989296197	42	0.00047547187713022624	337	0.0005643289921345363	107	0.0005384336778003585	42	0.0009504319454163112	337	0.0010422074082152557	107	0.0013637073717854497	42
2200	0.0006621228621266089	332	0.0009613309990684461	107	0.0007232959814939133	47	0.000666325352472899	332	0.0008373060357130977	107	0.0006654774477194149	47	0.0004648094674327009	332	0.0005417563391885643	107	0.0003597705609760596	47	0.0008103451062514979	332	0.0009614190565345396	107	0.0007937980235717708	47
2210	0.0009536510121578625	339	0.0009534086575894638	107	0.000975376293446175	40	0.0007186206005879371	339	0.0009406766625486727	107	0.0005508408948421455	40	0.0005052844647243475	339	0.000521545987064689	107	0.0005429247110169897	40	0.0010690301159065388	339	0.000844148113273748	107	0.0010679138057474746	40
2220	0.0007997781773669137	337	0.0008258796962993657	107	0.0006750514785504718	42	0.0007480841501158372	337	0.0009315627083021319	107	0.0006159419382351591	42	0.000435822502334235	337	0.0006539891109560456	107	0.00039268639951990327	42	0.00063655539353135	337	0.0007567488705979872	107	0.000816568802346378	42
2230	0.0010211093809391512	334	0.001114706817351207	107	0.001077812198992844	45	0.0006630241984113463	334	0.0011053805443107783	107	0.0007544227639721241	45	0.0005267699455770848	334	0.0005868250559056977	107	0.00035365624746893363	45	0.0009518995706872532	334	0.0010615150641898293	107	0.0009221834187749584	45
2240	0.0007732209043817346	336	0.0008481245836519101	107	0.0009063627092749472	43	0.0006732366467549269	336	0.0009892584437658164	107	0.0007036135176230346	43	0.0004899907997092233	336	0.0006285179660431055	107	0.0005510486008488974	43	0.0008950254385309855	336	0.0011319601465442015	107	0.001244573083454583	43
2250	0.0008942790118167441	330	0.0009753701312399279	107	0.0008820202462656227	49	0.0007095837368668909	330	0.000986344917336031	107	0.000690417971034706	49	0.0004435527270818741	330	0.000568022048347722	107	0.00042585003597243344	49	0.001010111326659635	330	0.0010555335368101144	107	0.0014259312322999727	49
2260	0.0008492913600403686	338	0.0010639487383304253	107	0.0006768315419921104	41	0.0007124956501847234	338	0.0008987264685655713	107	0.0006752350062617787	41	0.0005114734136609814	338	0.0006231194287140531	107	0.0005395937889940989	41	0.0008557324244402426	338	0.0009265956744164582	107	0.0008104894502058367	41
2270	0.0007553333029311127	330	0.0009759667159838954	107	0.0007384225043702938	49	0.0007176262187844194	330	0.0010316085234484337	107	0.0006789685656116004	49	0.0004759812154307627	330	0.0006223417700278341	107	0.0005307051352830294	49	0.0008624998023093887	330	0.0009611269775095837	107	0.0008320177674328605	49
2280	0.0009826609898518654	331	0.0012628889329337107	107	0.0011577446758286277	48	0.0007657157883597365	331	0.00114109490353045	107	0.0008782220155559415	48	0.0004769590234343568	331	0.0006245377726152915	107	0.0004621554387016405	48	0.0009667278160747357	331	0.000924895536355865	107	0.0008633864692489255	48
2290	0.001088377903386597	334	0.0010931287757579694	107	0.0011292197991584361	45	0.000650386478497137	334	0.0009926336344718543	107	0.0006902908011775997	45	0.0004361208117330334	334	0.0005493961773236079	107	0.00039691023241256645	45	0.0012318092697081243	334	0.0013733326234622299	107	0.0008325798112199417	45
2300	0.0008239667261934738	336	0.0008408236124804939	107	0.000682855806227546	43	0.0006656324059628392	336	0.0010476764580349927	107	0.000741676761722724	43	0.0004918388511476473	336	0.0005244773275749032	107	0.0003931825177568928	43	0.0008298256790288674	336	0.000938425229722383	107	0.0007739952773352958	43
2310	0.0008496794184169101	337	0.0008920133825423856	107	0.000830153756881735	42	0.0006329714042644688	337	0.0009033352377536958	107	0.0006181731859632996	42	0.0004069983176481364	337	0.0005559450682853093	107	0.0005189542392486938	42	0.0008331561086675417	337	0.0007676893597108363	107	0.0005958437156709026	42
2320	0.0006147897968136318	334	0.0006951070281035776	107	0.0007244042320683407	45	0.0006771102588545475	334	0.0008208160736859886	107	0.0005270870222975844	45	0.00047628121247143487	334	0.0005500750296806963	107	0.0004543568474748537	45	0.0009094639512642614	334	0.0009428019339134535	107	0.0011667206635998385	45
2330	0.0007836532265051082	338	0.0007548370359370417	107	0.0008451382913559064	41	0.0005669026554315134	338	0.0008203191467111485	107	0.0005404252558181098	41	0.0004091401295296126	338	0.0004700310137114391	107	0.00037170764106458486	41	0.0008833335293093028	338	0.0007431370939328966	107	0.0015251820523962164	41
2340	0.0007727682483116394	337	0.0009774242787588593	107	0.0008474148847294191	42	0.0007436473327734237	337	0.0010013660867833109	107	0.000677105598891759	42	0.0005105840821489715	337	0.0007124086315695076	107	0.0005119747844892852	42	0.0006695238058431469	337	0.0005295968053513178	107	0.0008058582243575923	42
2350	0.0008447556739746202	335	0.0009086035899323921	107	0.0007022394041182118	44	0.0007117011512166933	335	0.0009983594335681858	107	0.0007092050119343377	44	0.0005621224216643344	335	0.0006192170449908422	107	0.0005946998053186343	44	0.0008408862835963002	335	0.000811206517833844	107	0.000589492076555307	44
2360	0.0008756255407239906	329	0.0008883777584032175	107	0.0009163592904685778	50	0.0007026084356578617	329	0.0009068091917120032	107	0.0007361486383429212	50	0.0005569196379764447	329	0.0006601408159656223	107	0.0005938918400445855	50	0.0008681406291301612	329	0.0009165838068550958	107	0.0008533981444501133	50
2370	0.0007376722073797185	337	0.0007751314304525114	107	0.0006779009444906419	42	0.0007095682411361636	337	0.000955093363822258	107	0.0007144789953799661	42	0.0004588248879426098	337	0.0005898827091262338	107	0.0004477790169915792	42	0.0009408618937073117	337	0.0007880459165712647	107	0.0013759893275292014	42
2380	0.0009110402533704232	329	0.0009179650779681454	107	0.0009765592005038972	50	0.0007625850892208468	329	0.0010213623481863188	107	0.0006693593992887783	50	0.00045099010046951077	329	0.0006458784538231339	107	0.000657555323475972	50	0.00103921460757458	329	0.0008115495561345626	107	0.0010020046124864733	50
2390	0.0009403849168424579	336	0.0009320945600089462	107	0.0009948450507835573	43	0.0007633893851197065	336	0.0011200682833653758	107	0.0007546173380743811	43	0.00048088161019309154	336	0.0006058419542835232	107	0.00045344782160889555	43	0.0008084668450237108	336	0.0011063923133323482	107	0.0009930484439584484	43
2400	0.0008478769969868399	333	0.0008622282176465825	107	0.0008202619119846613	46	0.0007699206849276249	333	0.0010113642516021142	107	0.0007320278335381283	46	0.00045705990901162997	333	0.0005466119432568216	107	0.0004235841820025008	46	0.0008751197746122731	333	0.0010185442287357037	107	0.001177694047681327	46
2410	0.0008291749611663626	331	0.0008395497303766958	107	0.0008713274185107424	48	0.0007840237569505055	331	0.0009609117852052244	107	0.0007008500589077032	48	0.0005192064812445884	331	0.0005933434194896825	107	0.0004708892090637153	48	0.0016648437707533696	331	0.0008129407631312287	107	0.0012422653540831309	48
2420	0.0008241915060527969	337	0.0008282422985252288	107	0.0007774250230227814	42	0.0007706002569031527	337	0.0010597751988630523	107	0.0007320515369575156	42	0.000498769082331227	337	0.0006466032549285046	107	0.0003971227395831424	42	0.0009117935143160711	337	0.0007200993664877001	107	0.0010351267761121324	42
2430	0.0009016768691324516	337	0.0008835604393697755	107	0.0008374129104356893	42	0.0005968124685436681	337	0.0008735966011895097	107	0.0005572288464756486	42	0.0005319659598020201	337	0.0006931965155863393	107	0.0005211820292909707	42	0.000703983867845393	337	0.0007123053618682983	107	0.0009614666649766696	42
2440	0.0007982765130178007	337	0.0010415441391394703	107	0.0009230705600345253	42	0.0006807812226968329	337	0.0007771079067930654	107	0.0009162516354893453	42	0.00045685901672340673	337	0.0006188443137586835	107	0.0005066774785066242	42	0.0008985770385636697	337	0.0010735421836525723	107	0.0012450824877356058	42
2450	0.0007611439835737714	338	0.0008857814100736714	107	0.0006346054236708234	41	0.0008320394177924662	338	0.0009929521922970946	107	0.0008375110083934322	41	0.0004820497726057695	338	0.0006039266162551212	107	0.000496046767498963	41	0.0010798105449250932	338	0.0013070160946819197	107	0.0012572507921360465	41
2460	0.0008317905991745468	332	0.0012418126791255478	107	0.000809232853416791	47	0.0007759549507674994	332	0.0011185458110484956	107	0.0007353660978514276	47	0.00040275044617484865	332	0.000591080605459799	107	0.00029712218624054326	47	0.0008974403216390034	332	0.000917367160244796	107	0.001075399777120645	47
2470	0.0008902512527457657	331	0.000921931610714378	107	0.0007798855036100903	48	0.0006885264597354187	331	0.0008927529335761646	107	0.0006858622507237242	48	0.0003997515229488431	331	0.000701399554648285	107	0.0005274734555577634	48	0.0013663142528951198	331	0.0010328685446696856	107	0.0017819789844221482	48
2480	0.0007517103329358592	338	0.0007596940661002911	107	0.000842675473427592	41	0.0007171607140501966	338	0.0008223427400407151	107	0.0005143334136869302	41	0.00033373589490463986	338	0.0006539126617619138	107	0.00042476004531943396	41	0.0006216371187341001	338	0.000538201694534632	107	0.0005712963350040298	41
2490	0.0009111305920412137	335	0.000970020682109079	107	0.0009057977382968974	44	0.0007002764555908592	335	0.0011166419458972733	107	0.0007932949052162265	44	0.0005296005160678004	335	0.0006919508419440957	107	0.0005798705245037881	44	0.0011210738081127655	335	0.001447051044797966	107	0.0013830928070009908	44
2500	0.0007170013520635192	334	0.0007414625037248132	107	0.0007051715061645551	45	0.0006318545313338061	334	0.0009932689361695781	107	0.0006750782822911186	45	0.0004330692450725801	334	0.000594537596428037	107	0.0005321791150620523	45	0.0013847292825966964	334	0.0009852874869396534	107	0.0011982030708918786	45
2510	0.0009028266348363959	328	0.0008773774903969979	107	0.0007362557065702379	51	0.0008168878184112074	328	0.0011196997454785268	107	0.0007698604457512814	51	0.0004739242051989187	328	0.0006735741471832444	107	0.0005127401404499176	51	0.0009596578570939677	328	0.0008662097019276436	107	0.0009919654842510718	51
2520	0.0010776592105673525	330	0.0010432122879717022	107	0.0010312871293335745	49	0.000715583208933291	330	0.0010152995968397088	107	0.0006242286598597323	49	0.0005480453967205458	330	0.0006730831255883183	107	0.0004734828241382875	49	0.0007936379147100332	330	0.0005787973705808393	107	0.0006856626701275955	49
2530	0.0010454926235490415	337	0.0011687715271967044	107	0.001170623177115861	42	0.000809869721067161	337	0.001029230435494379	107	0.0007517064366445702	42	0.0005002548563117814	337	0.000672294840197294	107	0.0006930390879870331	42	0.0008614262095670004	337	0.0008582849093278521	107	0.0007561350800948691	42
2540	0.0009247823642597888	335	0.0009169163604060221	107	0.0009218817085116733	44	0.0006365379255602549	335	0.0009812768270534803	107	0.0005761652152895088	44	0.0004978703210034411	335	0.0007181974209916843	107	0.0005244335488894925	44	0.0010923566636094752	335	0.0010870004925389765	107	0.0010291167097372018	44
2550	0.0009527134835090333	331	0.0009432777734750101	107	0.001055706154032651	48	0.0007578950484104305	331	0.0010642787067177363	107	0.0006897941115315318	48	0.0005028713568092869	331	0.0006265368217243513	107	0.00042458720950838317	48	0.0007682060182439207	331	0.0008426554135635216	107	0.0013032944554418533	48
2560	0.0010496237237035545	330	0.0011289383638238917	107	0.000981448331955326	49	0.000777201424802249	330	0.0010634359239292267	107	0.0007988336349035474	49	0.0005540169529664022	330	0.0007554065585709399	107	0.0005717904003850415	49	0.0009573847295602353	330	0.0008157967978392935	107	0.0008110768092713768	49
2570	0.0008897655604606507	333	0.0008416962089386411	107	0.0009259170832104738	46	0.0006275561248352539	333	0.0008259538413900008	107	0.0006426804082610447	46	0.0005068312841314356	333	0.0005458921385522156	107	0.0005369503981227266	46	0.0008665851594247748	333	0.0008020412314686241	107	0.0007433367176142965	46
2580	0.0009758661285190279	334	0.0009920216350199653	107	0.0008951079404482503	45	0.000745778188295978	334	0.0009824684946314742	107	0.0006219517122177394	45	0.0004941283809286879	334	0.0005905217845884549	107	0.0005162529742329881	45	0.0009177832068598922	334	0.0009110264311335843	107	0.000982787831241333	45
2590	0.0009990094076349951	329	0.0010059877335795472	107	0.0010298280053750624	50	0.0006298835528133268	329	0.0007817748183712919	107	0.0006614976755547516	50	0.0004844990799876932	329	0.0006601577581289128	107	0.0005661758794013633	50	0.000894353254041076	329	0.0007701792563866018	107	0.001063424793831247	50
2600	0.0009328422460484782	333	0.0009974463855313078	107	0.0009899871800972172	46	0.0007488636562945154	333	0.0009597532833816632	107	0.0007437221891503627	46	0.0005473345587408281	333	0.0006925465022730958	107	0.0005163885564911461	46	0.0008341972061964333	333	0.0008572985059535267	107	0.0010462873705137717	46
2610	0.0008059158072306319	331	0.0009360060958440692	107	0.0006856291503633885	48	0.0006631153849633602	331	0.0008673171802550794	107	0.0006599699471259455	48	0.0004680901979640481	331	0.0005400395151294892	107	0.0004966103134115556	48	0.001036841302408259	331	0.0008362787546325538	107	0.0010190870512822774	48
2620	0.0007605175384055538	331	0.0007733839107898296	107	0.0007483318212880881	48	0.0006344276739174234	331	0.0008847135422074294	107	0.0006411253810908827	48	0.0004126595451848748	331	0.0005201247074376512	107	0.0004432643924677985	48	0.0011011821563112413	331	0.0008094542621829442	107	0.0011035345414614065	48
2630	0.0009227418367508889	330	0.0009550701229558284	107	0.0010042521839599271	49	0.0007884489781653627	330	0.0009997411548777967	107	0.0010151407251749313	49	0.0004986792558619895	330	0.0006714582855295521	107	0.0004109080480863415	49	0.0012985019666573946	330	0.001591625336230624	107	0.0011846808552468439	49
2640	0.0009356765762221528	332	0.0009417517314719872	107	0.0008314622344001649	47	0.0007552103336451394	332	0.0010774570216698046	107	0.0008151000798623275	47	0.0005512757405462942	332	0.0007326105467465879	107	0.0004508570290626289	47	0.0006702631479734482	332	0.0007694620246280003	107	0.0007012886383423517	47
2650	0.0008743605818727119	333	0.001024239424171541	107	0.0008761255865424806	46	0.0007567250968547948	333	0.0010291563078284373	107	0.0006785421320022554	46	0.0003651072992120465	333	0.0006005384999540429	107	0.0003467096414639112	46	0.0008923483475944172	333	0.0007999975498918372	107	0.0009491690510811757	46
2660	0.0007978314032795475	337	0.0009514436385669229	107	0.0009086846297027268	42	0.0006435288026742131	337	0.0009412269556059504	107	0.0007003253776163488	42	0.0004046400155463581	337	0.0005146169790736665	107	0.00048406767968554767	42	0.0009490165306523683	337	0.0009344020826949059	107	0.0013381902921590443	42
2670	0.0008931413788409433	335	0.0008598010814806769	107	0.0007532042345533853	44	0.0008612399017403727	335	0.0010210827655482374	107	0.000868673451427128	44	0.0005128345632419672	335	0.0006303112084741238	107	0.000561102948487057	44	0.0005916708957406149	335	0.0006176165539948452	107	0.0009546609443486808	44
2680	0.0009594938553994408	339	0.0009726446259191561	107	0.0009906958105989794	40	0.0007054645723401986	339	0.0009088274244370884	107	0.0007309794904191232	40	0.0004782067489911754	339	0.0005522627616577347	107	0.0004320297343942552	40	0.0010163933364260552	339	0.0011400410701661878	107	0.0013504267585948092	40
2690	0.0010059186865072967	334	0.0009960491386165637	107	0.0009731267020178313	45	0.0005882036092694647	334	0.0009137841391210252	107	0.0008123525034665139	45	0.0005038599152994746	334	0.0006533886264163942	107	0.0005707871147412809	45	0.0008088348887276531	334	0.0006860960372973206	107	0.0010394815544237056	45
2700	0.001042895971948152	331	0.0011708944484544093	107	0.0009825934516070071	48	0.0008431641458383687	331	0.0010773513178332023	107	0.0008072996768775843	48	0.0003985992367424945	331	0.0005609487909536681	107	0.000429844355043167	48	0.0009237184766094861	331	0.0009940889500744542	107	0.001428717281910758	48
2710	0.0009647443258767474	333	0.0010792460043720711	106	0.001006934320211409	47	0.0007015075014255433	333	0.0009848554444548915	106	0.0007171418223302234	47	0.0005597435231810182	333	0.0007192574341524862	106	0.0005486723659133099	47	0.0009052771067863713	333	0.0007582201473653141	106	0.0009884600454864731	47
2720	0.0009937894282497906	331	0.0010865513073764494	107	0.0009821285967881212	48	0.0007624383293351304	331	0.0010370380434631462	107	0.0008496193990125434	48	0.0005561453398801574	331	0.0006278772703019231	107	0.000599150390034732	48	0.0008802366607105432	331	0.0009487782468829122	107	0.0012791151947030568	48
2730	0.0007964322908001046	333	0.0008512489211968082	107	0.0008253834097561016	46	0.0006994097242831245	333	0.0009238487171162344	107	0.0008817575295630092	46	0.0004905573612371501	333	0.0005849394502028298	107	0.0005416418249733262	46	0.0009846842024855095	333	0.0010074407585815989	107	0.0013402320059447024	46
2740	0.0008779079668496003	337	0.0010201410793131468	107	0.0011214372948403248	42	0.0007001614602811048	337	0.0008674811763924022	107	0.0008058049817871221	42	0.0005858839509380364	337	0.0007109236145925902	107	0.0005561114566147427	42	0.0007417076350407999	337	0.0008115679366878407	107	0.0008309986310050489	42
2750	0.0009269531336781101	332	0.0009737443835936826	107	0.0008870870165601264	47	0.0007097339735858736	332	0.0008451746238453952	107	0.0008812439196148771	47	0.000470252759244795	332	0.0005748196120191863	107	0.0004440375102408391	47	0.0008082600470995046	332	0.0007724594186872952	107	0.0010413645963208693	47
2760	0.0007406584251100067	332	0.0008814458096339715	107	0.0005829035142352957	47	0.0006454559633962134	332	0.0008047924962665709	107	0.0006150341763192791	47	0.0004202700008823312	332	0.0005423622492774646	107	0.00046447750852321153	47	0.0009738679428922323	332	0.0011210998458015507	107	0.0009579838616091872	47
2770	0.0008661577126068883	335	0.0009620505949894994	106	0.0009073700348442343	45	0.0006650735149687455	335	0.0009510871238900972	106	0.0005506590352064096	45	0.0004840691305843395	335	0.0006119690863678059	106	0.0004717112119650406	45	0.000882803327182511	335	0.0008990940383276884	106	0.001078840515872344	45
2780	0.0008855778828895992	339	0.000848198100965941	107	0.0008415589664103887	40	0.0006489995499229799	339	0.0009289580939640714	107	0.0006910381614588128	40	0.00043026737524527454	339	0.0004971025424157055	107	0.00043446416585292815	40	0.0006347745657283535	339	0.000583882962852861	107	0.0008219981697441857	40
2790	0.0006718286768306606	334	0.0008638500567410001	107	0.0006574037545156075	45	0.0006630008938456974	334	0.0010120505671105551	107	0.0007461114022113472	45	0.0005405455752590146	334	0.000626540581816616	107	0.000548031279260609	45	0.000808512659148575	334	0.0006650701240127959	107	0.0009508144660478787	45
2800	0.0008952368563254792	332	0.0011000070587395046	107	0.0010485339579712227	47	0.0006880035844450297	332	0.0009594441656605684	107	0.0006427472022191594	47	0.00046387040587765995	332	0.0005871219258991007	107	0.0004676347296902682	47	0.0010362526348946782	332	0.0008201728331258879	107	0.0015036641542933269	47
2810	0.0009160353824598303	337	0.001054435736623501	107	0.0009472245713346261	42	0.0007238920019478588	337	0.000945760966388035	107	0.0007013530076897005	42	0.00047710362228419747	337	0.0005331802100103055	107	0.0005925165706929486	42	0.001417147506322762	337	0.0014569221959975548	107	0.0014052856872792414	42
2820	0.0009336360272164922	336	0.0010694752746001576	107	0.0008379023666401776	43	0.0007456908155089693	336	0.001071694859301843	107	0.0007422085737791734	43	0.00041454660181163607	336	0.0006034889250071316	107	0.0005949224202328064	43	0.001241230916017051	336	0.0008242730937812921	107	0.0010455752128921113	43
2830	0.0007583334311486465	335	0.0008629666775225169	107	0.0009064996463805648	44	0.0006928148290746768	335	0.001117387041147107	107	0.0008337092461367427	44	0.0004490395645580441	335	0.000509404022550165	107	0.000502818873611364	44	0.0011710591387606379	335	0.0011503931002568046	107	0.0008187302266313246	44
2840	0.0008205562854460205	340	0.001016159574283495	107	0.0008720923095082713	39	0.0006475437662640836	340	0.0008537066398970659	107	0.0005649378091377725	39	0.00046552155155929345	340	0.0004886452333479369	107	0.00043813084719216165	39	0.0008834898734351467	340	0.0009764132406980669	107	0.0008502490161179019	39
2850	0.0010150402445243223	332	0.0009948900643171822	107	0.0009789768875886392	47	0.000591499965884861	332	0.0009166711749983504	107	0.0006532686535885143	47	0.0006130542521725681	332	0.0007423668305898413	107	0.0005790435763223523	47	0.0006966455109983386	332	0.0006217861690479328	107	0.0006946040552713249	47
2860	0.0007070504383874596	339	0.000845834728368972	107	0.0006170853682476716	40	0.0006785619432864795	339	0.00088007202315669	107	0.0006950725173760265	40	0.00042362881149248796	339	0.0005445316345569629	107	0.0004596328703426902	40	0.0008538276915979664	339	0.0008443687216159164	107	0.0007843491005302728	40
2870	0.000674597663803754	333	0.0009948202607143132	107	0.0006057372649696395	46	0.0006385339588852239	333	0.0009822749440939877	107	0.0007173923158055476	46	0.0004545166008580204	333	0.0005577025840224843	107	0.00046966835038711463	46	0.0008846256784249324	333	0.0009859249502900318	107	0.0009992329987569412	46
2880	0.000973764771284348	337	0.0009946602362208839	107	0.0010732843547800015	42	0.0006671766144694888	337	0.000859209231412125	107	0.0006492011368173677	42	0.0005068519464904487	337	0.0007595966886845847	107	0.0007444731846688584	42	0.0009222741109078525	337	0.0011085805811755956	107	0.0008015096095268672	42
2890	0.000918401205261204	332	0.0009956365547181003	107	0.0008800676257884239	47	0.0006630008162071028	332	0.000813630065475127	107	0.0007562379329746782	47	0.0004739593298578451	332	0.0005380178715292352	107	0.0005345019955740348	47	0.0008299221969617413	332	0.0007511972372201511	107	0.0008800422021208654	47
2900	0.0009837585706444732	332	0.0009751005459024872	107	0.0009906549324430985	47	0.0008400860163942164	332	0.001072181710046797	107	0.0007468742397817325	47	0.0006324093776962402	332	0.0006958808277091348	107	0.0006708156047246501	47	0.001199257597535046	332	0.0012863981460130014	107	0.0008497075807507063	47
2910	0.00095590345142552	334	0.0010338836858737874	107	0.000994385376631953	45	0.0006704850189855563	334	0.0009984963629236286	107	0.0008641943746591521	45	0.0006132896120531996	334	0.0006707468222997691	107	0.0007486141698728341	45	0.0007157702884449005	334	0.0008723965600951227	107	0.0007978080907085328	45
2920	0.0009421892690728204	337	0.0010902443537588098	107	0.0009673898971769365	42	0.0007069744612630722	337	0.0009709968733585558	107	0.0008090181395821029	42	0.0004931592536020323	337	0.0005591787831795233	107	0.0005575202590725235	42	0.0010993074926489172	337	0.001139836117395197	107	0.0006472134004034417	42
2930	0.0009297638350138827	334	0.0009831040775537129	107	0.0008783220597520392	45	0.0005928339549499501	334	0.0009211297785611902	107	0.0005139081501653998	45	0.0004228111034431833	334	0.0005383369411574335	107	0.00038614749962837105	45	0.0011137339307841637	334	0.0009451087148062158	107	0.0008415137219920984	45
2940	0.0008318728573255213	336	0.0008552377699407417	107	0.0007893251469207098	43	0.0007163966769820999	336	0.0009500423385302379	107	0.0007853678712767058	43	0.0004996722148168997	336	0.0005629148958115666	107	0.00045137429235824514	43	0.0008883228482017025	336	0.0009255673983105147	107	0.0008787047444698396	43
2950	0.0007021525544315333	336	0.0007189493255547682	107	0.000618748819299123	43	0.0006789701802148296	336	0.0009590490658002162	107	0.0006968741267944971	43	0.0004862057179738732	336	0.0005747820682735246	107	0.000575450784631654	43	0.0006642170514119957	336	0.0005487742573853446	107	0.0008438469556088909	43
2960	0.0006403265395610817	331	0.0008710061608739652	107	0.0006020592966303319	48	0.0006941361065007976	331	0.0008695371827187425	107	0.0007080885860519221	48	0.0004038421208462664	331	0.0004317596684146416	107	0.0004472895331343436	48	0.0009080953693618482	331	0.0009147337781051348	107	0.0007666812855319462	48
2970	0.0007814015733222833	337	0.0008145173435425095	107	0.0008299987916733914	42	0.0005469550586935031	337	0.0009364096064897945	107	0.0006152203521554818	42	0.0004209621042022688	337	0.0004949967224694103	107	0.0004432798374150223	42	0.0008725971150294021	337	0.0007332861924249955	107	0.0009366528512060936	42
2980	0.0008111016204183083	331	0.0011278554880821026	107	0.0008449646747659819	48	0.0006538645062355776	331	0.0007953943998422795	107	0.0004655804451450141	48	0.0005543127475466802	331	0.0006303376244538288	107	0.00040404237473847595	48	0.0013503208398404124	331	0.0017756883277587916	107	0.0011775647362946603	48
2990	0.00086883325737001	338	0.0008474367684714896	107	0.0008337163505917649	41	0.0006583043070247294	338	0.0010282436256470002	107	0.000731598415144979	41	0.00047941614338928084	338	0.0006649363033124176	107	0.0005030934346512146	41	0.0007906623990377294	338	0.000791444366594921	107	0.0009796249204271537	41
3000	0.0010544500811165407	334	0.0011405126162016388	107	0.0009951314858957737	45	0.0006798797712070234	334	0.0009245552090131236	107	0.0009665318090637615	45	0.00048286253290420153	334	0.0006033874317066375	107	0.0005871817698381054	45	0.0007988087836410529	334	0.0008283350030456939	107	0.0008996708199427758	45
3010	0.0010162113211411071	325	0.001165605215000988	107	0.0011003388629084324	54	0.000800113379689699	325	0.0009595941725047901	107	0.0007877865164894451	54	0.0004732386529402638	325	0.000621188615796731	107	0.0004740694365878447	54	0.0010481938082341755	325	0.0011358491640159273	107	0.001266332814824341	54
3020	0.001031603078399023	330	0.0010586155909912821	107	0.0011024956024148855	49	0.0006923243372037739	330	0.0009382618862791407	107	0.0006391201346447583	49	0.0004554403431323172	330	0.0005776270347717078	107	0.00041827233014706693	49	0.0007806315465516706	330	0.0007980958110107192	107	0.0007703054982872151	49
3030	0.0010905411233934762	331	0.0010179635370304674	107	0.0011743758264534043	48	0.0007118379368274197	331	0.0010335678342093806	107	0.0007486525287985882	48	0.0004984776900783922	331	0.0006106237148342	107	0.000530867156539994	48	0.0008438689627167071	331	0.0009521918318306895	107	0.0010840697544104326	48
3040	0.001018601161744879	331	0.0010855629447201701	107	0.0010268993490670682	48	0.000707043274550701	331	0.0009786040398783674	107	0.0008783476198524395	48	0.0005291706827951254	331	0.0007295807283856014	107	0.00043956867742027053	48	0.0010561431982988574	331	0.0010328483935727203	107	0.0010882273032376815	48
3050	0.001121946134090744	328	0.0012485788598413045	107	0.001263045643621734	51	0.0007635087290719792	328	0.0011625227172733965	107	0.0006978486019174281	51	0.000512040021267411	328	0.0006195810611393394	107	0.0008365924567234344	51	0.0007543600898123205	328	0.0009601236741659545	107	0.0006588412980749961	51
3060	0.001241355049439585	335	0.0013638487543802895	107	0.0015987659092391116	44	0.0007992247974579225	335	0.0009968609381879353	107	0.000681912518246363	44	0.0005008705762402339	335	0.0007592823478465921	107	0.0005051693996547791	44	0.0007569920242563445	335	0.0006446160634602844	107	0.0009640802182770532	44
3070	0.0009336192332388367	330	0.0009339637937894488	107	0.0009361910960924125	49	0.0007600402533307938	330	0.0012199948416800651	107	0.0008243665525913006	49	0.0005274910784547175	330	0.0006493773764305488	107	0.0005195142459090594	49	0.0010696650635662363	330	0.0010511698717875905	107	0.0010017133111687212	49
3080	0.00100690639409751	327	0.0011207671567764756	107	0.000945680154897575	52	0.0007689421741370763	327	0.0010046698126472493	107	0.0006373174720638706	52	0.0005106735730220476	327	0.000689256612155276	107	0.0005705238657048638	52	0.0007625006809743597	327	0.0009209317554296456	107	0.0008282223985043133	52
3090	0.0008683955363912095	329	0.000934685445700742	106	0.0010815835348281166	51	0.000879511879906324	329	0.0010951398071145676	106	0.0009393702616639393	51	0.00047573760698166475	329	0.0005914397320044203	106	0.000504377307210426	51	0.0012602544679613198	329	0.0009751130468032872	106	0.0013689425594287858	51
3100	0.0008642416661475736	327	0.0008517112019858565	107	0.001127155141690143	52	0.0006943883018486494	327	0.0009344539648109739	107	0.0006733243236305817	52	0.0004957533293969938	327	0.0005248754821964086	107	0.0005631704935216539	52	0.0010051832585993166	327	0.0011064998054662954	107	0.0010259562271144032	52
3110	0.0009028745206984582	327	0.0010802027858715555	107	0.0007479774230300339	52	0.0006959218355462967	327	0.0009410507307409297	107	0.0006752763049227271	52	0.00036745080615097823	327	0.000550816624323484	107	0.0003446620491552318	52	0.0010396718774700205	327	0.000999004209776733	107	0.0009375515013904145	52
3120	0.0008346053619827666	331	0.0008730611235998146	107	0.0008224599908159856	48	0.0006732772572554029	331	0.000827094121809406	107	0.0005722820060833671	48	0.00048456082669645476	331	0.0005641644296460661	107	0.0004955202097908503	48	0.0008795662198111022	331	0.0008508194962096796	107	0.0006180430893759117	48
3130	0.0006885437635504164	326	0.0007467583943138849	107	0.000750158237404649	53	0.0008407659834055208	326	0.0010708651033345844	107	0.0008307138245398785	53	0.0006015576034903022	326	0.0006887954647428388	107	0.0005437473574626681	53	0.0009226079057248595	326	0.0011433079967291824	107	0.0008486189872498898	53
3140	0.0008427430784342729	330	0.0010641597628533782	107	0.0008984929405034072	49	0.0006954406539538618	330	0.0009274962604255545	107	0.0007465070921521512	49	0.0005005150906538597	330	0.0005644643725264841	107	0.0006606206917427814	49	0.0010372881548644402	330	0.0010583479239419436	107	0.000863797767094605	49
3150	0.0009129530941153843	334	0.0008691892611005854	107	0.0008588131296617772	45	0.00067201528852239	334	0.0008909341238577017	107	0.0006735585014934637	45	0.0005046712397836578	334	0.000559191764447314	107	0.00045725159404734245	45	0.0008879395815737671	334	0.0009491195683051683	107	0.0007634292057661466	45
3160	0.0007629831411544715	334	0.0009695776295352064	107	0.0007669178486802478	45	0.0007175683616968343	334	0.0009339380573389459	107	0.0008011207841598985	45	0.0004201265688975746	334	0.0005954438833691789	107	0.00048567094348549714	45	0.0006760751599850041	334	0.0007920644487053242	107	0.000519669271904872	45
3170	0.0009466693135168316	331	0.0009549770137552433	107	0.0008634633418535168	48	0.0007151694457892463	331	0.0010282509084228323	107	0.0008713686605959916	48	0.0004475369457988437	331	0.0005625932350611711	107	0.0004626854852717673	48	0.0009110504917668658	331	0.000714714255743963	107	0.0009057871052378866	48
3180	0.000824479810758656	339	0.0008292530890649937	107	0.0008238827560372199	40	0.0006542226157197623	339	0.0010913949242741246	107	0.0005651060967012033	40	0.00035246399429545735	339	0.0005749706407815174	107	0.0004605779521610685	40	0.0012036694503508739	339	0.0012546342215323887	107	0.0010898535207443758	40
3190	0.0008717922705029116	331	0.0008430070782785455	107	0.0008566851086803766	48	0.0007409461433940689	331	0.000891039264492424	107	0.0007132427959325319	48	0.0004513093600142216	331	0.0005478096617989046	107	0.00047431411510970214	48	0.0009811269462983913	331	0.0007663390514858773	107	0.0012061935313116695	48
3200	0.0008218349928764373	330	0.0010312928340722764	107	0.0007077886753157265	49	0.0007267546171347056	330	0.0010293470296724066	107	0.0006162774933282981	49	0.0004221085293454853	330	0.0007504776445645385	107	0.000352815337833142	49	0.0009157851044740591	330	0.0009105479393718566	107	0.0007358661176005077	49
3210	0.0009237789883398333	331	0.001202757576172927	107	0.0011120720754630032	48	0.0006830587992360786	331	0.0010504615744052473	107	0.0007362167034341343	48	0.0005431324303199313	331	0.000719423435744986	107	0.0005074471158089902	48	0.0006734086094474913	331	0.0006941368985643539	107	0.0007517313371316194	48
3220	0.0008310043575929198	332	0.0008545292899906346	107	0.0009469227048709215	47	0.0007610220806524981	332	0.0009751888136997397	107	0.0006495841555114055	47	0.00044128398386113145	332	0.0007042201952556797	107	0.0005626280760029495	47	0.001003324491468786	332	0.001124718568777441	107	0.0015860993157384366	47
3230	0.0009421681692426526	331	0.0009837389165519932	107	0.0009047013471858593	48	0.0007806415208442265	331	0.0010157374943328568	107	0.0007670890503912682	48	0.0004374667860709213	331	0.0005138967527408847	107	0.0004672345256632746	48	0.000973052602212419	331	0.0009289553261905667	107	0.001217685259857663	48
3240	0.0007621589355219159	328	0.000855400473654375	107	0.0007243230723345866	51	0.0006569863983028791	328	0.0009442923656357408	107	0.0007634975708454504	51	0.0005751727004000451	328	0.0006368488881920395	107	0.0006565825385992667	51	0.0006412641727315884	328	0.0007170713816656169	107	0.0007772840792979884	51
3250	0.0008523886676756975	334	0.0009678924510315222	107	0.0008550651196791219	45	0.0006963665620800224	334	0.0010929013279288259	107	0.000629227227796112	45	0.00048331330229227625	334	0.0006802602732052752	107	0.000670080009232299	45	0.0008641745810417463	334	0.000876564655295701	107	0.0008338352771402037	45
3260	0.000848554224771614	336	0.0008421067189875875	107	0.0008564290921430585	43	0.0005961367361645523	336	0.0008707192900478664	107	0.0006042251892430922	43	0.0005365626665292688	336	0.0006028367222244609	107	0.000577875062618333	43	0.0012434571983539642	336	0.0009886229452851386	107	0.0011244513112711502	43
3270	0.001021679053383757	331	0.0010491536931663526	107	0.0010486308868424424	48	0.0006638441385518819	331	0.0009169663504812047	107	0.0006124757552799522	48	0.00046117553493304396	331	0.0005389816056966256	107	0.0005238897493690871	48	0.0006984908871674059	331	0.0007529118364636825	107	0.0007403328690885904	48
3280	0.0007715663825795489	332	0.0009196982637844031	107	0.000995088229431054	47	0.0007604969512364791	332	0.000982568363392785	107	0.0008965050820252236	47	0.000485375771573957	332	0.0009087115732074647	107	0.0005795981696337864	47	0.0007593239138234033	332	0.0007935366931832258	107	0.0007613396648512375	47
3290	0.0007626935503898927	335	0.0007893700205783555	107	0.000734751229465737	44	0.0006483809244095346	335	0.0009612186925430755	107	0.0008072279900124718	44	0.0005635105843176358	335	0.0006506427792404625	107	0.0005432812917772245	44	0.0008286902440697953	335	0.0008334819277538581	107	0.0011016015990365025	44
3300	0.000941289800129944	331	0.0011555974207943921	107	0.0010738840477846848	48	0.0006781903618148853	331	0.0009213280410953464	107	0.0005547640339903483	48	0.0005930810012196238	331	0.0008050010380767461	107	0.00046948042951153206	48	0.0011116005435955366	331	0.0012319621867141741	107	0.0013119877727877371	48
3310	0.0008512722288499028	336	0.0009691336101852552	107	0.0007850388475246594	43	0.0006749988554373228	336	0.0009742153150062618	107	0.0007894394119178549	43	0.00048049139686612204	336	0.0007248220499582298	107	0.00044254795091116475	43	0.001042557997323124	336	0.0010307170864982177	107	0.001067259280882112	43
3320	0.0008980727966291072	333	0.0009854247216693549	107	0.0007656296139675931	46	0.000594554605087394	333	0.0009717356959219192	107	0.0006087124778215003	46	0.00047269619997845425	333	0.0006420015815252763	107	0.0006824959154811201	46	0.0008536419249370671	333	0.0009094365700663787	107	0.0008154074966870182	46
3330	0.0009516230866638078	330	0.0010690326339225543	107	0.0008922506108360924	49	0.0006563776411980565	330	0.0009567589758456853	107	0.0007991690248193229	49	0.0005237188511881159	330	0.0006103664714798245	107	0.0004235589955007786	49	0.0009450847958053727	330	0.0009070804546121399	107	0.001131387880421001	49
3340	0.0010242792592861391	330	0.0010969333274944164	107	0.0010316696957417524	49	0.0008484279247898125	330	0.001217896695546437	107	0.0008561801098215958	49	0.0005598412162487783	330	0.0005799720294030932	107	0.000579867923910943	49	0.0010266442525293622	330	0.001069142694194415	107	0.00080784172311054	49
3350	0.0009335378162206422	335	0.00112135708292553	107	0.0008060861984895709	44	0.0007067884167222126	335	0.0011007359321437004	107	0.0008627974694838319	44	0.0004332871043713377	335	0.0005241792535902541	107	0.0004127334732146989	44	0.0010376661523653348	335	0.0008311970650698936	107	0.0012474059074455066	44
3360	0.0008908951209082623	328	0.0008831221277792672	107	0.0007445675413330964	51	0.0006615605364789646	328	0.0009025733975343799	107	0.0006114759017333983	51	0.0004715048836023349	328	0.0004716022207290836	107	0.0004934360083742865	51	0.0007405508857719172	328	0.0007739066479733407	107	0.0009443637337673903	51
3370	0.0008683113970060675	335	0.0009409282727012725	106	0.0007987552320396894	45	0.0005919110657522667	335	0.0008880150859512216	106	0.0006403013091652375	45	0.0003796153726883662	335	0.0004836617505331512	106	0.00046808418209247745	45	0.0010083094961432482	335	0.0007549632544777527	106	0.0008480181445410883	45
3380	0.0007798760717314157	335	0.0008036448640920097	107	0.0007852437295641581	44	0.0006459179426958591	335	0.0010180413836286348	107	0.0006182941206637822	44	0.000595866067324396	335	0.0006906241017758283	107	0.0006289344066751099	44	0.001105389045700743	335	0.0009440707450465773	107	0.001177216320103562	44
3390	0.000923522524594726	332	0.0009415279440090226	107	0.0009739261382239889	47	0.0007887163015973262	332	0.0008948338760910263	107	0.0006952278871529363	47	0.0005246299692535535	332	0.0005723645307071804	107	0.0005148077467884363	47	0.001125713087093975	332	0.0005648668766904556	107	0.0006881999587490736	47
3400	0.000808003401475464	334	0.000836787475897799	107	0.000800753297566013	45	0.0005330942427069279	334	0.0009545263108335216	107	0.0006468553720841523	45	0.0005334048809685798	334	0.0006198762085747058	107	0.0005832746886174424	45	0.0010265587167181064	334	0.0009186394373373637	107	0.0009279568384768787	45
3410	0.0009109090814176544	336	0.0008336886674051449	107	0.0009321281328233076	43	0.0007785735579027914	336	0.0009875188347380154	107	0.0007645874241544768	43	0.0005262100374422101	336	0.000668989258186299	107	0.0006247071845001276	43	0.0012009110382857863	336	0.0008919408553221032	107	0.0013630597669801348	43
3420	0.0008157730603349609	334	0.0008098686647587667	107	0.0008147710287761023	45	0.0007452570442231144	334	0.0009502661221153608	107	0.0007001944997458257	45	0.0004520002499737698	334	0.0006142024790363854	107	0.00046637907469968687	45	0.0010779862124618968	334	0.0012525233004055658	107	0.0008468490120696579	45
3430	0.0006564435058743849	340	0.0007292654150822526	107	0.0006273786798917546	39	0.0007413335733998984	340	0.0009902871057180112	107	0.0005537172341822626	39	0.00038913236593264566	340	0.0005650237682189963	107	0.0004910792607577278	39	0.0010251952441268997	340	0.0009971512833235323	107	0.0008856485943542988	39
3440	0.0008119997802427425	331	0.0009054465102341291	107	0.0008165276567787754	48	0.0006123505550385571	331	0.0008833678480301701	107	0.0005941977030259173	48	0.0004577995133046371	331	0.0006692267237710284	107	0.0005721592453600558	48	0.001108972382821195	331	0.0015408825872725333	107	0.0008884811663950751	48
3450	0.0009630401080351763	339	0.0011790307986162048	107	0.001101669455392352	40	0.0005500523131297414	339	0.0008331748769708393	107	0.0005696946851754831	40	0.00042592621936585483	339	0.0005473522283134375	107	0.00041257473030220475	40	0.0012873774936487462	339	0.0017676862133268786	107	0.0010937005154535912	40
3460	0.000626379331711646	334	0.0006818899481775778	107	0.0005958577354371866	45	0.0006833896061070127	334	0.001038535257543268	107	0.0005122352954554749	45	0.00041550503379706924	334	0.0006782072040180696	107	0.0003393947152104249	45	0.0008938917377767101	334	0.001067513493274515	107	0.0007627935088612035	45
3470	0.0008424356840417627	329	0.0009298983982616363	107	0.0009216142607919747	50	0.0006580784419921811	329	0.0008677346128095188	107	0.0005287863232456579	50	0.00041078221453132527	329	0.0004798345806423479	107	0.000393086261460278	50	0.0010262122504404619	329	0.0011862562751910237	107	0.0008146532987552706	50
3480	0.0006827256192335749	338	0.0008110163846907964	107	0.0006871588867811728	41	0.0006451306818689899	338	0.000949425901257625	107	0.000614449487050569	41	0.00047485947336932817	338	0.0006683225566292834	107	0.0006942538330295861	41	0.0006895918591539188	338	0.0008698746111809216	107	0.0006363462988167468	41
3490	0.0007285504553511854	338	0.0008046807643670524	107	0.0005617949039051026	41	0.0006908327473028065	338	0.0009295282279478603	107	0.0006588564714745927	41	0.0004393453169035592	338	0.0006376235522650171	107	0.0003862175221770145	41	0.0007687838622820923	338	0.0006974256160487035	107	0.0009966014495467281	41
3500	0.0008038148852535583	341	0.0010272047709094312	107	0.0008677273966389925	38	0.0006591645845317981	341	0.0010953890874262355	107	0.0008838055246074329	38	0.0004282354780402516	341	0.0005359260615204735	107	0.0003458291700610826	38	0.0008745245850677932	341	0.0008606974523049297	107	0.0008869505785010584	38
3510	0.000741917296453952	340	0.0007544151326718128	107	0.0007698684622440872	39	0.0006912338405699902	340	0.0009354839951212771	107	0.0007028108395916582	39	0.0005100855465407903	340	0.0006856336990121613	107	0.00037141117062155653	39	0.0005366620905193114	340	0.0007260066811704117	107	0.0007124056403366918	39
3520	0.0008030854345196914	339	0.0008014265290689962	107	0.0008466098785868449	40	0.000623253327943581	339	0.0009243295436361104	107	0.000707552018158248	40	0.00048698277853521607	339	0.0005072703009975043	107	0.0005518565460632407	40	0.0013751193293908607	339	0.0012317306089210998	107	0.0020565931277243188	40
3530	0.0007854850935294706	335	0.000788573089804431	107	0.0008368312477552549	44	0.0007294396911019035	335	0.0009891588410144692	107	0.0008248940243373498	44	0.0004487174172759899	335	0.0006642048991705003	107	0.0005930779041252563	44	0.0010691874737346551	335	0.0009983446371346905	107	0.000985632887519848	44
3540	0.0008151791176647284	338	0.0009081923661703713	107	0.0008846154161043488	41	0.000658032300978549	338	0.0009282477959204814	107	0.0006025747899312903	41	0.000394834685602098	338	0.0005396210145586825	107	0.00048391007759768034	41	0.0008559261506464532	338	0.000757305923850936	107	0.0008589280455555486	41
3550	0.0007092259615864149	337	0.0007538397466802778	107	0.0007188019272902268	42	0.0006007849008011882	337	0.0008505272509989597	107	0.0006463822993914346	42	0.00045713383531834165	337	0.0005286476098977863	107	0.00056716613486874	42	0.0007020503837804486	337	0.0006476169958534656	107	0.0008837519574837316	42
3560	0.0008086816545794891	334	0.000788628108267774	107	0.0008025904846332079	45	0.0006613992813733918	334	0.0008745790438184117	107	0.000767514316091	45	0.00042399511051341616	334	0.0006026146394301721	107	0.00039700742065774773	45	0.0008727628991570055	334	0.0008699931336435436	107	0.0008280121040784309	45
3570	0.0008005953236811761	336	0.0009107471482988509	107	0.0009373334844603081	43	0.000707406924905053	336	0.0009487799359668982	107	0.0006913758634132138	43	0.0003569466837575331	336	0.0005273954826218091	107	0.00046540018142076804	43	0.000686582524212853	336	0.0006350564579732635	107	0.0006225160172285651	43
3580	0.0008142682060062639	336	0.0008419829665357432	107	0.0008960369885601728	43	0.0007015745057348482	336	0.0008719443792942521	107	0.0005893443828864324	43	0.0005497889394940809	336	0.0006342729450557077	107	0.00048371545294273916	43	0.0011440006381196373	336	0.0010040658965983329	107	0.001139979539961949	43
3590	0.0007710467927632405	326	0.000802780817920106	107	0.0007106750106510947	53	0.0006335804537365473	326	0.0009037693471984277	107	0.0006033868547860085	53	0.00042131646684745824	326	0.000636048955625978	107	0.00045002550270060434	53	0.0008811174365903928	326	0.0007934551924046544	107	0.0006555202592176816	53
3600	0.0008080550187293223	332	0.000896026541995963	106	0.0008549384205702193	48	0.0006208098289916663	332	0.0008228720809199056	106	0.0005780194879868923	48	0.0004429625646133266	332	0.0006651320927718639	106	0.0007673518451391358	48	0.0007583000886047338	332	0.0005242110454225297	106	0.001039563819828028	48
3610	0.0008622780731357266	333	0.0009409653259903354	107	0.0007004315342236184	46	0.0006546536520992478	333	0.0008396123881019832	107	0.0006532873428659387	46	0.0005281913505096763	333	0.0006207532142208815	107	0.0005458378674906312	46	0.0007603081598156878	333	0.0009435594642231882	107	0.0010475356028941934	46
3620	0.0005658709155758999	335	0.0006640051565687356	107	0.0006200898632906562	44	0.0006125001676899322	335	0.0007741782948743515	107	0.0006058016629227951	44	0.0003635027886635452	335	0.0006063803157490429	107	0.0006888766585482173	44	0.0008859484251817368	335	0.00038284180311828756	107	0.0009548374250061477	44
3630	0.000708163293847454	332	0.0009213648492578688	107	0.0005587788112370406	47	0.0005830731740540598	332	0.000860216177789449	107	0.0005796917992354622	47	0.0004103100809752387	332	0.0005356175548783161	107	0.0005045545058938951	47	0.0005593802410517914	332	0.0006416843399306794	107	0.0004983635994207594	47
3640	0.0008081701887010944	330	0.0008161422975465678	107	0.0006874406526660941	49	0.0005859015855331264	330	0.0010019520828285628	107	0.0005032343863919499	49	0.0003985790545202777	330	0.000577591915491178	107	0.0003523065226937898	49	0.0009886347723086029	330	0.0010458350676603926	107	0.0010258499121522668	49
3650	0.0009477514519628592	333	0.0011696400764983734	107	0.0009066117825429261	46	0.0007254369358457885	333	0.0010818334635663018	107	0.0008010047608977757	46	0.000476423572732015	333	0.0006358481328821972	107	0.0005095772674366213	46	0.0006265797253129471	333	0.0005511929892976328	107	0.0006861691474648019	46
3660	0.0007998948972059997	333	0.0009372173829485223	107	0.000739644411166825	46	0.0006665085191218227	333	0.0010380263232512925	107	0.0008210236641225072	46	0.000490286381756952	333	0.000625522934128258	107	0.0005032851607191974	46	0.0009567850865326796	333	0.0008958888902476929	107	0.0011363406434520128	46
3670	0.0007844532890823215	335	0.0008007783380923638	107	0.0009298036799301889	44	0.000663289618338035	335	0.001048943436314563	107	0.0007442823151768557	44	0.00042485439386864474	335	0.0005866993710463412	107	0.0004395016152172327	44	0.0010829586508165525	335	0.0010959384500752595	107	0.0010669699843509032	44
3680	0.0008101039172340662	339	0.0008469029803728282	107	0.0007969995036098543	40	0.000681612707644336	339	0.0008804746285369229	107	0.0006137404232815388	40	0.00046965806054579073	339	0.000497532881025255	107	0.0006276590152634071	40	0.0009676564475869105	339	0.000684518975033484	107	0.000849728903278069	40
3690	0.0007824990558722244	331	0.0008448358468971675	107	0.000635626293030854	48	0.0006605539608892815	331	0.0009862972691368102	107	0.0005803462308133552	48	0.00040814766109393896	331	0.000498229968082124	107	0.0004428514211287955	48	0.0010311626482311846	331	0.0007545731874067706	107	0.0009126939494681763	48
3700	0.0008656326270248456	339	0.001153579718077871	107	0.0009338426489156858	40	0.0006845744509265724	339	0.0010056683522283942	107	0.0007103979842009135	40	0.000490442138303373	339	0.0005817252837933561	107	0.0004996847157720443	40	0.0006049767017086544	339	0.000644034258491672	107	0.0006773029363615253	40
3710	0.0008112709070190753	332	0.000878033683273222	107	0.0010662363119469413	47	0.0007303857033609527	332	0.000985448448722172	107	0.000658640116890733	47	0.00047582019940898846	332	0.0006989434040875885	107	0.00046267547359987585	47	0.0011359443374944324	332	0.0010164199347667542	107	0.0012543646274814208	47
3720	0.0008376442555717565	334	0.0009770303972462964	107	0.0008419922295177299	45	0.0006831256137312579	334	0.0007974192628422898	107	0.0006812277049017006	45	0.0004600913100108929	334	0.0005903552502149063	107	0.0005549641818607728	45	0.0005642109224680419	334	0.0005791202849657081	107	0.0005432830649439692	45
3730	0.0007676592669710645	340	0.0008003224140781789	107	0.0006523932262722008	39	0.0007110244463273809	340	0.0008831091569927741	107	0.0006879639202742631	39	0.00037384880455982396	340	0.0005527520950960747	107	0.0003854818526929287	39	0.0008110611233005118	340	0.0006892226908778709	107	0.0011668968810257402	39
3740	0.0007929317330281924	333	0.0009337852771631798	107	0.0007051484217912022	46	0.0005045836287101963	333	0.0008477384713887411	107	0.0007162827656310557	46	0.000530569780903837	333	0.0006340921341001577	107	0.0005627774475798028	46	0.0008259663301573257	333	0.0007295420901139757	107	0.0006574674486521064	46
3750	0.0008934225719297379	339	0.0009555700996237176	107	0.0007984132079496637	40	0.0007036074954021693	339	0.0009681860215844963	107	0.0006272181749352884	40	0.00047990875963692636	339	0.000583411844062271	107	0.0004738243024895801	40	0.0008143775939464451	339	0.000920512944114048	107	0.0008319694078853848	40
3760	0.000973716306505936	335	0.000971686142592771	107	0.000779544757033519	44	0.0006605267860682015	335	0.0009082379814012334	107	0.000670866934504151	44	0.00044661136452275635	335	0.0005618461093159747	107	0.0003733084956633508	44	0.0009401102898001076	335	0.0008968623844048434	107	0.0009264942708104968	44
3770	0.0007780144595840825	332	0.0008254059380456294	107	0.0009593720139059042	47	0.0006136232676263559	332	0.000888199997294766	107	0.0004893606114113587	47	0.0004492137840500923	332	0.0006069570522307674	107	0.0004569202633281472	47	0.0010545839143949276	332	0.00093435718032592	107	0.0012200700396449644	47
3780	0.0005994740205826183	337	0.0007263922380924081	107	0.0007053904642007473	42	0.0005357493179753846	337	0.0009259031371901049	107	0.0005656411965117255	42	0.0004298283438069277	337	0.0005472737288100847	107	0.0003598364654798289	42	0.0007537092695455255	337	0.0007478955274486598	107	0.0007394771273586726	42
3790	0.0007322606141728611	329	0.0008986408808796847	107	0.0009130721125914647	50	0.0005537876098956118	329	0.0007947966711425823	107	0.000588516471156469	50	0.00043397753260870784	329	0.0005948799971163968	107	0.000530071418689131	50	0.0007390182872045149	329	0.0006469789630334423	107	0.0007476722316041569	50
3800	0.0007453005904116077	335	0.0007731662743332671	107	0.000698505232202586	44	0.0006227258815486017	335	0.0009467815500417132	107	0.000646045414561873	44	0.0004035636865890667	335	0.0005238973094641293	107	0.00045444550149055155	44	0.0009242909421225008	335	0.0007973670907228305	107	0.0010898164019378287	44
3810	0.0009525727298308063	336	0.0008899537701262566	107	0.0006211532795489191	43	0.000619199693343425	336	0.000903834080591755	107	0.0006394078392339656	43	0.0005409202969204033	336	0.0006644875827603226	107	0.0004990603546418623	43	0.0009930579092040782	336	0.000992610499677852	107	0.0008089465847489522	43
3820	0.0007960960547630872	339	0.0009820065922229533	107	0.0009365100937283718	40	0.0006005166714690571	339	0.0009104707624797742	107	0.0005987227432393343	40	0.00046524645023706464	339	0.0006275782898851948	107	0.0004948424479265151	40	0.0012304921963429108	339	0.0007847036611409446	107	0.001640443330856586	40
3830	0.0008581540621300223	334	0.0009960093792723468	107	0.0009188012907864472	45	0.0007135476756278227	334	0.0009939886185586595	107	0.0006214560819220328	45	0.000441808166603041	334	0.0005794277730608546	107	0.0004475960520735822	45	0.000884251994625533	334	0.000893184996797183	107	0.0009864129302849358	45
3840	0.0007758347656058196	330	0.0008063799771643631	107	0.0007235809264551658	49	0.0006842966357551166	330	0.0008994002597944266	107	0.0007630261374896496	49	0.00041769569135161267	330	0.0006091958695862306	107	0.00040586111963787424	49	0.0007446911638727737	330	0.0007368972169876087	107	0.0006940840269114342	49
3850	0.0009748079872734615	337	0.0010392401514744902	107	0.0009685989922968161	42	0.0006636859225954004	337	0.0009733889916262198	107	0.0007714241188160649	42	0.00041689507833450866	337	0.0005737142235180345	107	0.00036855150935839027	42	0.0007136719287890253	337	0.0004855871206343258	107	0.0010666446032248011	42
3860	0.0008251248915615853	340	0.0009165954311592142	107	0.0006249539187276576	39	0.0006175324920126246	340	0.0008685658228170975	107	0.0006108837674280745	39	0.00045062361021657544	340	0.0005183706194376839	107	0.0004576894872308589	39	0.000930985562574286	340	0.001006360046787612	107	0.0010556015191118986	39
3870	0.0009305306349258592	336	0.0010757061403782275	107	0.0009383401759706519	43	0.0006040026460195869	336	0.0008359674784815837	107	0.0006268293391986528	43	0.0004847096444202252	336	0.0005581246385680847	107	0.0005228375059645407	43	0.0010495290104561628	336	0.001070350211386291	107	0.0013573385033604707	43
3880	0.0009000020075764772	335	0.0009270325263526218	107	0.000952479243884865	44	0.0006099040278353613	335	0.0008876074791533681	107	0.00048407099617672994	44	0.00046266853657140364	335	0.0005147912511396876	107	0.00043126164271493954	44	0.000888341714234763	335	0.0007372517803307729	107	0.0009533328859435989	44
3890	0.0009061777712717533	334	0.0010434946405250838	107	0.0009300069779855168	45	0.0007594091115217895	334	0.0009470940067624745	107	0.0007940702437152795	45	0.00046842687991900585	334	0.0005715000349785676	107	0.0005297955441767466	45	0.0007709075140295629	334	0.0007454986902048258	107	0.0008955548696838087	45
3900	0.0009674224074761046	334	0.0010145048221134735	107	0.0009857209343935938	45	0.0008087794621753732	334	0.0010567484187622854	107	0.0006441902875867131	45	0.0005162687569485138	334	0.0005891106393136226	107	0.0004479758254141284	45	0.0008227662319428914	334	0.000938266739901947	107	0.0008088495800793761	45
3910	0.0009002012959279886	337	0.0008947420557702325	107	0.0008934055306916762	42	0.0007835664863112033	337	0.0011315444132974643	107	0.0008271765520354242	42	0.0005427070821330166	337	0.0007575349644689294	107	0.00042971333658805975	42	0.0008122592918221052	337	0.0008230212907933298	107	0.001225940984904107	42
3920	0.0009055982277152063	331	0.0009134050289281055	107	0.0008511657759143888	48	0.0007326220797386179	331	0.00102228855824245	107	0.0007419698194173844	48	0.0004444422229611432	331	0.0004829463241886424	107	0.0004120695885337763	48	0.001026300942759613	331	0.0007899081469607899	107	0.0015562028180638205	48
3930	0.0009472632647438502	331	0.000947080385691625	107	0.0009447943764505978	48	0.0007664878598479484	331	0.0010894817084176117	107	0.000828711926323842	48	0.00045506807822254984	331	0.0005670966407310902	107	0.0005017103193883538	48	0.001067740000442208	331	0.000971990543873489	107	0.0018990303944395818	48
3940	0.0010182793091097612	337	0.0011274598210815735	107	0.0013620245214287668	42	0.0007777491679439937	337	0.0011352845213990872	107	0.0007245345985008124	42	0.0003879367800813132	337	0.0005585122462140874	107	0.0004037807501229622	42	0.0009689418610684552	337	0.0010311574866464159	107	0.0009387179646161486	42
3950	0.0007741568458538772	337	0.0007449184530099826	107	0.0008091455429916735	42	0.0007222681523413032	337	0.0010110602766069995	107	0.000539633203306289	42	0.00047685122027678925	337	0.0005875293306478423	107	0.00041615325951553005	42	0.001005247431025061	337	0.000859449711838381	107	0.0012588184689508552	42
3960	0.000765132605719691	329	0.0008859094043254746	107	0.0007737980863051579	50	0.0006823028090062034	329	0.0010493092390446556	107	0.0007430821786906268	50	0.0004134424802732825	329	0.0004975497609718308	107	0.0004785900231439363	50	0.0007253130193761127	329	0.0007080440558485456	107	0.0007659862035712234	50
3970	0.0007081298287145919	332	0.0009203483349559666	107	0.0004695235257254251	47	0.0005412804226058883	332	0.000861278805642121	107	0.0006953309228193236	47	0.0005035993076871371	332	0.0005796166967825808	107	0.0005144130490407235	47	0.0006803081572053973	332	0.0008135488386776338	107	0.0005667634954314124	47
3980	0.000812159409431387	333	0.0009937182230357314	107	0.0008425587842786057	46	0.0005451041632088797	333	0.0008099954544838025	107	0.0004985310338007274	46	0.000383929518098994	333	0.000584017696708233	107	0.0003409469595664889	46	0.0009958261198324818	333	0.0008455980855616247	107	0.0013983632597335143	46
3990	0.0007046487550117576	336	0.0008467526581262608	107	0.0006215544794459416	43	0.0006058029900195928	336	0.0010107660000516295	107	0.0005385482672438199	43	0.0005199055045394327	336	0.000710156257635936	107	0.0004324649709348877	43	0.0006367506229683035	336	0.0006249982570412616	107	0.0009292114998739683	43
4000	0.0008424233929298521	332	0.0008649770262707161	107	0.0008213856221709036	47	0.0005867848579597337	332	0.0008266459050212764	107	0.0006846704723772218	47	0.0005080366262943536	332	0.0006252814580414936	107	0.0006326145845390166	47	0.0012173700160432325	332	0.0009222323122672235	107	0.0013068922868771063	47
4010	0.0009312831388380152	337	0.0009243507643565228	107	0.0009211405578131112	42	0.0006319555971450181	337	0.0008825967412918245	107	0.0006129882684277387	42	0.00044096602255120596	337	0.0005584036782365554	107	0.0004916168648556934	42	0.0013183588573920917	337	0.0011349010823439125	107	0.0015900507355394798	42
4020	0.0008268237592054605	333	0.0010312381879038583	107	0.0009904581145067212	46	0.0007127255062374478	333	0.0009875035557650764	107	0.0006867400115242311	46	0.000563457409389367	333	0.0005689625331888826	107	0.0005218555881273626	46	0.001133903959146602	333	0.0010972906114015439	107	0.0012357236649457363	46
4030	0.0009551731197300416	334	0.0009817428976523505	107	0.000922919052136453	45	0.0006464477218986114	334	0.0008543809543986051	107	0.0006688140823547608	45	0.0004966021629337487	334	0.0006856107547721343	107	0.000563166708202213	45	0.0010691364572590933	334	0.001010169922863187	107	0.0011029396755683923	45
4040	0.000863109192253814	330	0.000911890576933879	107	0.0009480792265981709	49	0.0007070461402977457	330	0.0009087137014011593	107	0.0007208273734270499	49	0.0004676770703565678	330	0.0007102755898124705	107	0.00043486650218255575	49	0.0010077992161290135	330	0.0008731772549366703	107	0.0009467418428002069	49
4050	0.0008190996302471513	328	0.0008816379699935832	107	0.0009170121997418995	51	0.0007445937501746153	328	0.0010218265407269782	107	0.0006403987059227534	51	0.0005223477334634433	328	0.000757367218436213	107	0.000547888337211193	51	0.0007422756077133056	328	0.0006741255630526947	107	0.000711539159015581	51
4060	0.0007399162451925355	338	0.0008372342412582231	107	0.0007972069144321311	41	0.00060234657686815	338	0.0008486840506629152	107	0.0005798134698462603	41	0.0003954256454086174	338	0.0005706237381964213	107	0.00047650911505780477	41	0.0009601575144495057	338	0.0006978959360548076	107	0.001158943030605938	41
4070	0.0007439282022085162	328	0.000910351492941647	107	0.0006585708212503313	51	0.0007055224267323033	328	0.0008516021450210502	107	0.0007028834410253016	51	0.0005767817249451697	328	0.0006163458603147846	107	0.0005645015794261576	51	0.0007834027428392639	328	0.0008001769655457038	107	0.0008038648319781959	51
4080	0.0009671688651858819	330	0.0009801248987786862	106	0.0009567233627093562	50	0.000714472980843669	330	0.0009955036686968351	106	0.0008269242443614005	50	0.0005297540552301073	330	0.0006439679508621797	106	0.0005254693239561447	50	0.0012470409886623799	330	0.0011907358007341923	106	0.0013057500889045893	50
4090	0.0008275590260806698	322	0.0008487543383862569	107	0.0008543733010882835	57	0.0007222675475477808	322	0.0009439447828634812	107	0.0007581799596164041	57	0.00040778538641096326	322	0.0006185746959311138	107	0.0004949771459476035	57	0.0008787099652016003	322	0.0009653571239469983	107	0.0010200402440617073	57
4100	0.0007216807346942838	329	0.000754124300573783	107	0.0007093508779629671	50	0.0005698194190781122	329	0.0008532777762972059	107	0.0006230956350192455	50	0.0005029387607200379	329	0.0006815773865189729	107	0.0004143469567089875	50	0.0007103005241531014	329	0.0006060259985270443	107	0.0010818020943010446	50
4110	0.0010051033419051733	330	0.0010948349284369719	107	0.0010745071586590002	49	0.0007619449814336655	330	0.0010474542709307713	107	0.0006495572800851473	49	0.0005089591273178817	330	0.0006023364660239256	107	0.0005868355372377122	49	0.0010235677867607154	330	0.0009143215479830728	107	0.000954210139079455	49
4120	0.001013596600782982	330	0.0010658971396144883	107	0.0009260394228138475	49	0.0007029404803633217	330	0.001002351591460248	107	0.0007675130227949293	49	0.0005544788374944657	330	0.0006811924862769332	107	0.00044245764760165936	49	0.000789769302111833	330	0.0008161768368521405	107	0.0007419433274795685	49
4130	0.0007878695079816979	334	0.0008941723585311359	107	0.000757935890841732	45	0.0007188974416943131	334	0.001110247850882761	107	0.0008179507028393771	45	0.0004457918373788888	334	0.0005647509570575139	107	0.0004902523788722347	45	0.0008516400498534147	334	0.0008713352910110896	107	0.0008438706224231327	45
4140	0.0008106135841050473	332	0.00104531147668205	107	0.0007332892168028059	47	0.0006283020208043081	332	0.0009877116513663685	107	0.0007039031929093634	47	0.00044713764429786345	332	0.0005903859218425211	107	0.00047444954821088456	47	0.0011083139619162468	332	0.0011132219342296714	107	0.001130642692466467	47
4150	0.0007770472536326325	330	0.0007193808520575474	107	0.0007246459287939207	49	0.0006771889431541898	330	0.0009354511153740532	107	0.0007290163821369022	49	0.00044456674847847107	330	0.000638963983142785	107	0.000453123598693025	49	0.0010580340225424486	330	0.0009039258398326971	107	0.0011314932516038516	49
4160	0.0008930039777512673	328	0.0009462783078473854	107	0.0008573545759327105	51	0.0006940986943202807	328	0.001030277700473341	107	0.0008995310821520478	51	0.000412053369975899	328	0.0006683561968683285	107	0.00058580523980724	51	0.0006978426382227976	328	0.0006900734987984109	107	0.0007394625183553053	51
4170	0.0009616746986302519	332	0.0010660410932537916	107	0.0009988076857148779	47	0.0007788234233177441	332	0.0011346241510311733	107	0.0007677868867753218	47	0.00048742056088105673	332	0.0007470755917246788	107	0.0005543634643041758	47	0.0008776096924014098	332	0.0009745173454401675	107	0.0008420457723133165	47
4180	0.000799129701066012	338	0.0008319965410368588	107	0.0005800457740748199	41	0.0006907275783019322	338	0.0008615480092388658	107	0.0005876584477195853	41	0.00037927978883110476	338	0.00047188904230354746	107	0.0003855679569247219	41	0.0007119972882228406	338	0.0006992005550819135	107	0.0007910996900058166	41
4190	0.0006556399792966588	328	0.0008606357788304871	107	0.0006806182216478105	51	0.000656084772588091	328	0.0009519951727727398	107	0.000561646593038652	51	0.0004505301162082168	328	0.0005261964163130306	107	0.0004159180701294044	51	0.000730826055736003	328	0.0005339243417513837	107	0.0007717428234866308	51
4200	0.0007943348985136345	333	0.0009711614734219117	107	0.0009607399158493992	46	0.0006464602587063043	333	0.0009305507925258781	107	0.0004918652057439927	46	0.00040894576247673515	333	0.0006046245472723196	107	0.0004608923032418396	46	0.001012104505511198	333	0.0010724074657167968	107	0.0007158816961351115	46
4210	0.000743545753888854	334	0.00078770242595142	107	0.0006866180409102822	45	0.0006693004571052821	334	0.0009663269280841506	107	0.0006841705326559037	45	0.0004246548660321846	334	0.0005028230681687639	107	0.0004180167566789211	45	0.0009259432329446114	334	0.0008054819930291522	107	0.0010915814058270966	45
4220	0.0008201655169444602	338	0.0009576832587440686	107	0.0008799851260985868	41	0.0006366276205581132	338	0.0008899572237916903	107	0.0005295180684513112	41	0.00047591729199101325	338	0.000605062320872317	107	0.0006147883396758474	41	0.0009351263890130819	338	0.0008965888806292216	107	0.0007336660984004972	41
4230	0.0009457631589829346	334	0.0009967299540108335	107	0.0009066464459545846	45	0.0006329276555899851	334	0.0009447824915045755	107	0.000811769739680589	45	0.0004687700347389867	334	0.0005730762444555858	107	0.000595497719370866	45	0.000830660632760199	334	0.0008670061618452105	107	0.0014920603989969491	45
4240	0.0008091304293630347	335	0.0008608719567417025	107	0.0008708409301242264	44	0.0006415286338441202	335	0.000989876791652232	107	0.0006725728582181053	44	0.0004683885198853395	335	0.0006641737423746329	107	0.00033758769048992574	44	0.00075408941962856	335	0.0008930689914781862	107	0.0008023223026934558	44
4250	0.0006420950860668795	330	0.0008534258547550747	107	0.0007924430573277413	49	0.0006388300766726168	330	0.00105831099491974	107	0.0006152331799613959	49	0.0005626165349333394	330	0.0006401627354743292	107	0.000534497895480369	49	0.0006805986960942841	330	0.0010051115146112153	107	0.0005916985278616524	49
4260	0.0010450829741053423	331	0.001058392574904924	107	0.001159839999139139	48	0.0008430906132451752	331	0.0011700538650395215	107	0.0008870562577290433	48	0.000588581678599641	331	0.000684076403877223	107	0.0005557995824743983	48	0.0007648246305255965	331	0.0009674580679743611	107	0.0006961990506920984	48
4270	0.000857806149279374	328	0.0009099945856199935	106	0.0007632083253884818	52	0.0006143911872222522	328	0.0009637931980903022	106	0.0008225676850852823	52	0.000514219260721301	328	0.0006527926890443842	106	0.00049312300101288	52	0.0005330937629502513	328	0.0008697075054110137	106	0.0005332483336180877	52
4280	0.0008198249623753774	333	0.0008576235420926971	107	0.0009411901551475988	46	0.0006423829187728648	333	0.0009169615013106139	107	0.0006341140158991192	46	0.00041261628297620414	333	0.0005290128689700943	107	0.0005419864332267488	46	0.0010889333191489202	333	0.0010656683226532427	107	0.0010965307729310283	46
4290	0.0010086426568632037	331	0.0010434389671647869	107	0.0009108670458837674	48	0.0007898733441326224	331	0.0009934012586573936	107	0.0006835924451301269	48	0.0004296261839787106	331	0.0005497827013086039	107	0.0004411811961002275	48	0.0008940678834834551	331	0.0007137571284064375	107	0.0008688356563063722	48
4300	0.0008376453108508376	327	0.0008950773498743186	107	0.0008574214117079798	52	0.0006876453410685879	327	0.0010918011005200527	107	0.0007537054906365698	52	0.0005436916389513644	327	0.0006793489732654806	107	0.0006526474749497576	52	0.0007983121153312435	327	0.0007050167050351849	107	0.0007874204024974939	52
4310	0.0009205849491494944	331	0.0009569610102789842	107	0.0008171392404287865	48	0.0007721497262362063	331	0.0010433140236182144	107	0.0007604344614313682	48	0.0005414802859952707	331	0.0006167280260224316	107	0.0005441900557548624	48	0.00047878784822132716	331	0.0005927226843404356	107	0.0005157833730203592	48
4320	0.0007561648992900811	333	0.0007760945776096157	107	0.0007631533367332342	46	0.0006163442918532005	333	0.00104395288967631	107	0.0006790231358794546	46	0.00045873575045809583	333	0.0005335896817530984	107	0.0003834894487920064	46	0.0009479228252442617	333	0.0010505606889114922	107	0.0009881194315517264	46
4330	0.0009035341908451977	338	0.0008852434903256201	107	0.0008246705369621344	41	0.0006605482934437701	338	0.0010170119485467274	107	0.0006827648429883268	41	0.0004679689344877139	338	0.0006581913785108122	107	0.0005020308477055575	41	0.000968135765760486	338	0.0009369750597387034	107	0.0010426195361490519	41
4340	0.0008433159549662703	328	0.0008969873576539122	107	0.0008685344481468512	51	0.000698479357553149	328	0.0009602655575800322	107	0.0007842404527673656	51	0.00040830303742821254	328	0.0005495149616125463	107	0.0005229441024976822	51	0.001020800951812613	328	0.000884013181407718	107	0.0007588633087671401	51
4350	0.0006656327447502645	334	0.0007778310609136482	107	0.000791727094649919	45	0.000710932110784268	334	0.000977684535731241	107	0.0007676355363102172	45	0.0005725170529533041	334	0.000653369490041222	107	0.0007262170691653538	45	0.000688089115294343	334	0.0007070346427691494	107	0.0005497578205401576	45
4360	0.0008723623578973454	332	0.0008985220579239136	107	0.0008254170506551939	47	0.0006892453081883237	332	0.0010718871395643435	107	0.0007917882595890867	47	0.00041022010040352267	332	0.0005974030124145662	107	0.0005071149279043739	47	0.0008135692707715056	332	0.0008629225758754904	107	0.0007176851185140132	47
4370	0.0010925105299474638	326	0.0010307725016459725	107	0.001012163805883821	53	0.0007030125470776609	326	0.0009576061776040073	107	0.0007814529057927434	53	0.00047533258354339657	326	0.0006575304992914318	107	0.0003870170138195025	53	0.0008626749114177262	326	0.0008119047205511916	107	0.0008144609431460933	53
4380	0.0009313979041104289	332	0.0009884206073513704	107	0.0008759713803262187	47	0.0006824241410050179	332	0.0010887426032484254	107	0.0005512569046220416	47	0.0004552597303018682	332	0.000584627092054408	107	0.0005301805053282612	47	0.0007362822518769583	332	0.0007941480751626463	107	0.0007095163282584171	47
4390	0.0007851167710654006	331	0.0007879398352663798	107	0.0007887077665541012	48	0.0006106117119626419	331	0.0009216619476044719	107	0.000702986637487433	48	0.0005062918130956742	331	0.0006347273513665582	107	0.00052240587325114	48	0.0008887015682814947	331	0.0008521185667002245	107	0.0007839584147366921	48
4400	0.000837929386400784	331	0.0009658785803202681	107	0.0008266766348775274	48	0.0006504048355164666	331	0.0009620253202663066	107	0.0006212865297099106	48	0.00034788712402701767	331	0.0005334049175132694	107	0.00040928697068793614	48	0.0010208436047415706	331	0.0010597575429009216	107	0.0012476763068598787	48
4410	0.0007151019954189192	328	0.0007617792352064128	107	0.0006951683552048392	51	0.0006547986095761132	328	0.0008954767344900843	107	0.0006723943649898423	51	0.0005092817289104536	328	0.0006011954119998016	107	0.000591484089488709	51	0.0011557894449454216	328	0.0011994908677512336	107	0.0011282162714107917	51
4420	0.0007330671555065187	324	0.0007181444917968037	107	0.0007796531868496557	55	0.0006303770857044602	324	0.0009626024102687933	107	0.0006616020638919323	55	0.0003714463217422531	324	0.0004435197708936012	107	0.0003885843614201497	55	0.0009387844270236367	324	0.0009831592417222572	107	0.0009992964927861723	55
4430	0.000693552516254433	329	0.0007807498564900192	107	0.0006920525529786299	50	0.000755505118186517	329	0.0010429695079698452	107	0.0008183764955303368	50	0.00043503526662058126	329	0.000592194919570005	107	0.0004446491165853415	50	0.001168268974818903	329	0.001116420453207046	107	0.0007435509002080876	50
4440	0.0007650926246686241	330	0.0008713354833122402	107	0.0009142963520307416	49	0.0005929437051555412	330	0.0008600507353810636	107	0.0006257929279528195	49	0.00040979910742948645	330	0.0006200156392292945	107	0.000318881820840834	49	0.0007916673923859637	330	0.0009810675066836431	107	0.0007009396641963026	49
4450	0.0008091215108076254	333	0.0010054669768773722	107	0.0010076068289583218	46	0.0007112417600638253	333	0.0009966015616181137	107	0.0008474764960717942	46	0.0005245925928863377	333	0.000637960504721696	107	0.00041309662947945863	46	0.0009051650554550797	333	0.001029947069138483	107	0.0009147640150380529	46
4460	0.0008163004350647037	333	0.0010445172701598242	107	0.0009415674830242733	46	0.0006915647571726855	333	0.0009928444614700363	107	0.0007080968826970804	46	0.0005136552656734644	333	0.0006417048371667138	107	0.0005349929296824145	46	0.000899903268523672	333	0.0010120792724616968	107	0.000916528952875955	46
4470	0.000790650440292534	334	0.0009157777569696678	107	0.0008021629365353811	45	0.0006972930725961776	334	0.0010002817861051705	107	0.0006601529174151217	45	0.00046586482273429706	334	0.0005805910514544222	107	0.0005392517354724345	45	0.0011265778155306748	334	0.0012950971312404623	107	0.00148101499272373	45
4480	0.0009478701340429543	338	0.0010498937111947096	107	0.0010036688657738251	41	0.0007780189977105969	338	0.0011103699146404302	107	0.0009259343629888502	41	0.0004138377085060169	338	0.00048012898288650273	107	0.0003554916335810477	41	0.0008681671553897261	338	0.0008541106392447448	107	0.0009367894100695361	41
4490	0.0007909489786223514	336	0.0009458539813987408	107	0.0007658548584021596	43	0.0006807510445430104	336	0.0009210721576724969	107	0.0006884208194153588	43	0.0005481666667002008	336	0.0007159796782307793	107	0.0005589300695196739	43	0.0006297849631466577	336	0.0006356422271772608	107	0.0006210002361870218	43
4500	0.0007815314265694221	333	0.0009304297878531754	107	0.0009090674852944992	46	0.0006830845813090119	333	0.0009701316289325422	107	0.0006569984363856744	46	0.0004992898724564698	333	0.0006623644128893782	107	0.0004323386746667655	46	0.0006837974897114487	333	0.0012602607899008169	107	0.0006135109580524236	46
4510	0.0009361081771253822	326	0.0009596358028508792	107	0.0009049686823661104	53	0.0007066149309600828	326	0.0009514553443252194	107	0.0005894961910817376	53	0.00046893777760152283	326	0.0005606618914409133	107	0.00047129861092229646	53	0.0009234200083364436	326	0.0009330021375988343	107	0.0008514262854546173	53
4520	0.0007470130917728753	332	0.0008801727139577493	107	0.0008009278415476855	47	0.0007307251253712733	332	0.0010847945135791458	107	0.0006968306198920985	47	0.0004407949791127484	332	0.0006458510350542191	107	0.0005692719106857946	47	0.001267551772264007	332	0.0009655655282282095	107	0.0009506277441191773	47
4530	0.0007004391404502673	340	0.0008615117319127631	107	0.0005964630788661494	39	0.0006099966354103127	340	0.0008437791166911515	107	0.0006600833451178906	39	0.0003739620074423158	340	0.0005450424334673802	107	0.0004736591421953945	39	0.000954317448719571	340	0.0008927656074450384	107	0.0007993594784932239	39
4540	0.0007454632207467813	331	0.0008663078099870172	107	0.0006096975765720219	48	0.0006421885001939351	331	0.0008853039704302102	107	0.0005808931248837423	48	0.0004751756070189479	331	0.0005218238316875438	107	0.0003939262707242658	48	0.0008473600405681867	331	0.0009592015200050602	107	0.0008831434789665524	48
4550	0.0008789332193773467	329	0.0008644405351131418	107	0.0009176303411034942	50	0.0007040636256088477	329	0.0009687407362515013	107	0.0006488118617864267	50	0.0005619959769454838	329	0.0006170273603277196	107	0.0006584377855177112	50	0.0007676932935817085	329	0.0007640780903254827	107	0.0008199012951783693	50
4560	0.0010636985731553564	329	0.0011197507422494061	107	0.0010564269753048352	50	0.0007587505913257411	329	0.00106266005739025	107	0.0008595173501373394	50	0.0004901543325868038	329	0.0006786498978945678	107	0.0004942404106687113	50	0.0009405555849494494	329	0.0010453973358664336	107	0.0014611112052742529	50
4570	0.0007813790988608844	334	0.0007976637053946622	107	0.0007565776484342322	45	0.0007041626981399965	334	0.0008956738469700557	107	0.0006297109519833358	45	0.00048296965375521406	334	0.0006479903904198449	107	0.000490149526069056	45	0.0011001676613381405	334	0.0011325155773327733	107	0.0007691878292520301	45
4580	0.0009299898403502125	335	0.0008821574356131286	107	0.0009642375222309918	44	0.0006680669908906763	335	0.00107980718835714	107	0.0007782902913745799	44	0.0005247062521170749	335	0.0006767967743625677	107	0.0005064023487010381	44	0.0010028338406754508	335	0.0007925952821206096	107	0.0007086400486756115	44
4590	0.0008203395617762585	336	0.0010475617134794112	107	0.0010218870192833704	43	0.0006743174014525196	336	0.0008763458364992941	107	0.0005494300171504366	43	0.0005175972643155144	336	0.0006158753508514223	107	0.00040278424682851975	43	0.0010100190664698112	336	0.0010290147631713323	107	0.0009133565850859679	43
4600	0.0008617982184401813	329	0.0007915673327229519	107	0.0008556915940058853	50	0.0007378462666238188	329	0.000992168351583598	107	0.0006694371264459423	50	0.0005317142883110099	329	0.0006476569406809543	107	0.0005689311968183862	50	0.0007761019600330196	329	0.0008424478167160232	107	0.000736264800077532	50
4610	0.0009652891363420273	327	0.0009640276028061641	107	0.0009141977904671798	52	0.0007634367255834952	327	0.0008518207035086766	107	0.0008352920722873338	52	0.0005614717084282156	327	0.0006054434701656829	107	0.0005514977642112843	52	0.000981648691826042	327	0.0009162309120728016	107	0.0009458956521611034	52
4620	0.0007618614072919679	339	0.0008063982372044903	107	0.0007484066840179473	40	0.0007871042151960462	339	0.001024710350994093	107	0.00056993541525997	40	0.0004232435701272259	339	0.0005936913742949306	107	0.0004469886195774285	40	0.0008168977577532681	339	0.0008186901462261883	107	0.0008507923902460924	40
4630	0.0005913828747346907	333	0.0007279848820924806	107	0.0006096257933124237	46	0.0006259821563557519	333	0.0009196634659379031	107	0.000594708831130591	46	0.0004599426633293388	333	0.0005608913348269764	107	0.0004738786534614924	46	0.0006786546685808311	333	0.0007584607189689091	107	0.0007419225197771037	46
4640	0.0010657608866341736	329	0.0010130693582405404	107	0.0010034335263402032	50	0.0008185136661533223	329	0.001044776509913719	107	0.000881103851371553	50	0.0005582730154558168	329	0.0007528937671159897	107	0.0004932728290791492	50	0.0009688531983451903	329	0.0010348351993328096	107	0.001319928636927579	50
4650	0.0009118619670427915	330	0.0009066362805241762	107	0.0009746794734817628	49	0.0006615556261542507	330	0.0009567853400825053	107	0.00048346582412154654	49	0.00048317679101541586	330	0.0006821501268611567	107	0.000458725513020139	49	0.0013429493151635842	330	0.001434795352913098	107	0.0015934759397368346	49
4660	0.0009353906620191701	323	0.0010153850529450753	107	0.0010389509740853886	56	0.0008059754191567443	323	0.0010036667952052249	107	0.0006908066702726293	56	0.0004664571315488419	323	0.0005892842386281418	107	0.0004954496975648931	56	0.000848063619324364	323	0.0009757232913611154	107	0.000989328406163005	56
4670	0.0007756164678814463	330	0.0008166573601498905	107	0.0007988466169745172	49	0.0007065180372815595	330	0.0010258080438373294	107	0.000619654873045642	49	0.0005769974580894632	330	0.000687573218225708	107	0.0004873575452035377	49	0.0012126224613677706	330	0.0011090444561510004	107	0.0009854421114824025	49
4680	0.0009456413227173122	330	0.0009289248990180608	107	0.0009476415737613515	49	0.0008032606352341718	330	0.0011582392822318906	107	0.0008128917092593236	49	0.0006042795961854668	330	0.0007124966057891967	107	0.0005581495318587895	49	0.0008656216579466129	330	0.0009969513540499983	107	0.00087060446956993	49
4690	0.000896172963579459	332	0.0010694980181953817	107	0.0009729553848245188	47	0.0007983451285649099	332	0.0009739619354378494	107	0.0007398520965122482	47	0.000646997620806783	332	0.0007761512955578767	107	0.000632934181741587	47	0.0007393371712636324	332	0.0006570399555799488	107	0.001090784398020973	47
4700	0.000822885423056491	330	0.001048350573328546	107	0.0008758634636266581	49	0.0008098927724591932	330	0.0014222472103714002	107	0.0007817059855541361	49	0.00048657138199050974	330	0.0007147659069466969	107	0.0004303032231664318	49	0.0010191761485619775	330	0.0009415004128790867	107	0.0008488268493333687	49
4710	0.0008470715117314048	334	0.0007872780957346783	107	0.0007265421454512486	45	0.0006609374554536467	334	0.0009245907747192799	107	0.0006621766122171252	45	0.0005261770605375747	334	0.0005849361422508351	107	0.0005395170193678208	45	0.0012652548763324146	334	0.0009678543839007964	107	0.0014762841900877244	45
4720	0.0005989404387285406	327	0.0007899002964499731	107	0.0006167997823072867	52	0.0006749592968067541	327	0.0008438680042588131	107	0.0006088670979257615	52	0.00038117609222564297	327	0.0005513294643375788	107	0.0005763684850940514	52	0.0007777188052850154	327	0.0008173592898783098	107	0.001010080992335295	52
4730	0.0007705249369467051	333	0.0008519490026799425	107	0.0006512608103152708	46	0.0007461884008713906	333	0.0008761611299911467	107	0.0008259026428786614	46	0.0005901469865557149	333	0.0006761678141309789	107	0.0005388911426006321	46	0.001195279654094504	333	0.0011016475574366314	107	0.0009111580550338153	46
4740	0.000754942375725791	328	0.0007839236269422711	107	0.0006825214376812056	51	0.0005977326615201696	328	0.001048171764706067	107	0.000507623819151176	51	0.00044604035393231117	328	0.000562761714506614	107	0.0004673795943517044	51	0.0008366597218492644	328	0.0008268053677084747	107	0.0012313442165767506	51
4750	0.0008326902306665334	330	0.0009378202628996046	107	0.0009267618276197708	49	0.0006357773279393519	330	0.0008661630919892466	107	0.0006542260514762379	49	0.0004036219966585188	330	0.0006129555300001755	107	0.0004600764177524736	49	0.0008147809192691846	330	0.0008495484569613294	107	0.0007451077226919921	49
4760	0.0007717023700689838	337	0.0008007364696222162	107	0.0007547598396828994	42	0.0006364526199315106	337	0.0009199238121286961	107	0.0007252260649629504	42	0.000467238138624778	337	0.0005880739029075039	107	0.0005138535116818646	42	0.0010629228463489243	337	0.0009002226011962662	107	0.0009535654446354934	42
4770	0.0007192405709530506	334	0.0007169537736971826	107	0.0006544305704591824	45	0.0006345726682923211	334	0.0009288198414421378	107	0.0006672649334103701	45	0.0005068850703042285	334	0.0006028327594615401	107	0.00047544251370660603	45	0.0010432566892796121	334	0.0010312101559004775	107	0.0018110464556386104	45
4780	0.0007704879230742838	335	0.0008189282795466888	107	0.0011368887733212815	44	0.0007113813733174021	335	0.0009293339181018214	107	0.0005915096158906628	44	0.0004889948705932189	335	0.0006572101217497344	107	0.0004912148252659294	44	0.0016255446640615356	335	0.0009548579483142053	107	0.0012468725019358217	44
4790	0.0007642964202800124	333	0.0009231562595842644	107	0.0008395543799595805	46	0.0006815140475493924	333	0.0009451127907354296	107	0.000681072667552906	46	0.00042332461038021777	333	0.0005037552806028321	107	0.0004195556762373783	46	0.0007476136085972279	333	0.0008996017891320025	107	0.0008531485098172978	46
4800	0.0008367098912801458	330	0.0009289132910934469	107	0.000888522786186296	49	0.0007995056030951114	330	0.0010065600124825776	107	0.0007367282941770801	49	0.0004646145878368478	330	0.000644223293595184	107	0.0006199111827875251	49	0.0009079228937706933	330	0.0009796673366028218	107	0.0006633411382398984	49
4810	0.0008909029973039592	333	0.0010283069572003694	107	0.0008625278565738812	46	0.0007099306517405266	333	0.0009633803030467429	107	0.0008351005556206053	46	0.0004886723379786241	333	0.0006124976820512487	107	0.0005153703814853664	46	0.0015677966265782637	333	0.0008440348233425829	107	0.001527930425101847	46
4820	0.0008479469282270281	329	0.0009084638486487386	107	0.0007423276318716986	50	0.0006494783612244595	329	0.0008184003894544254	107	0.0006897762072748977	50	0.00044701773073507924	329	0.0005247183148787274	107	0.0003501105530621183	50	0.0011092724646670528	329	0.0011589705739000783	107	0.0010525183127777062	50
4830	0.0007352698524698417	331	0.0007754286442775333	107	0.0007408251097273218	48	0.0006230359319439292	331	0.0010041255306887972	107	0.0005877667214111631	48	0.0002975699126033442	331	0.0005061151200216622	107	0.0003741752363016543	48	0.001095553029919266	331	0.0011370664133389832	107	0.0013157580592310083	48
4840	0.0008133667589078393	335	0.0008901237909967748	107	0.0009095810915426973	44	0.0006219573314938004	335	0.0009950202930425892	107	0.0005715605150505205	44	0.00043963420067490757	335	0.0005836178023653529	107	0.0004388228937845554	44	0.000895263342800645	335	0.000879480465750744	107	0.0011992742562134532	44
4850	0.0010200206722966643	328	0.001159876365957715	107	0.0011226708415232691	51	0.0007047988404099546	328	0.0011829749164738246	107	0.000695119835533347	51	0.0005373660537728605	328	0.0006245696196330489	107	0.00063169513808976	51	0.0007069499012421848	328	0.0004875282417060542	107	0.0006571649904047089	51
4860	0.0009314845704185858	326	0.0009767266835799793	107	0.001019253120600429	53	0.0008417541217356184	326	0.0010163254105614973	107	0.0008918536435159357	53	0.0005128056228129523	326	0.0006304996449784542	107	0.0004871089808221699	53	0.0007364693274648059	326	0.000850475971827347	107	0.000852911997241212	53
4870	0.000643974001210866	332	0.0007240503233148497	107	0.0006195316003005552	47	0.0007706271728636133	332	0.000900621559929943	107	0.0007299723150499403	47	0.0006201751708768191	332	0.0008234679336205227	107	0.0005795973058944302	47	0.0010773056769884676	332	0.0010944718748417195	107	0.0009770516005314425	47
4880	0.0008459979720218644	328	0.0009116829140035359	107	0.0009915200695859382	51	0.0008303354147609258	328	0.001137819351584058	107	0.000852846103263115	51	0.0005626191922002251	328	0.0006752554301356478	107	0.0004934203183647118	51	0.0008854981571537993	328	0.0011774365928880932	107	0.0010848664424331354	51
4890	0.0009825464816835253	331	0.001075851494778934	107	0.0009189021269087394	48	0.0007305022148847122	331	0.0009300267618024918	107	0.0007336471836540672	48	0.0005029702227206695	331	0.0005957561505605916	107	0.0008089348240212782	48	0.0010337682917717023	331	0.0007001810452294966	107	0.0007842834792382005	48
4900	0.0007605658117050889	330	0.0009175626038266302	107	0.0007786679573638563	49	0.0006817428833134904	330	0.0010188356892027297	107	0.0007663195058087014	49	0.00042847066927087155	330	0.0005321305528777256	107	0.00043773588622280594	49	0.0009888636582944881	330	0.0008129818931402361	107	0.0009336188421597494	49
4910	0.0007293527952078003	331	0.000752208639773216	107	0.000822310615228472	48	0.0007009635446095681	331	0.0009905247583567717	107	0.0006002403780043596	48	0.0005153468575108673	331	0.0006446021034943714	107	0.0004963474046086785	48	0.0009208655233864625	331	0.0008964449048009825	107	0.0012809015107223011	48
4920	0.0008434982641630744	333	0.000975510125487009	107	0.0007708128703520187	46	0.0006986889509978207	333	0.0009781689862334454	107	0.0006240650880914215	46	0.0005759882879304877	333	0.0007080755390268393	107	0.0006618600774888285	46	0.0008024813078902221	333	0.0006354516504429778	107	0.0009392101271032447	46
4930	0.0010151238066583206	328	0.0010685654606730592	107	0.001047031309508613	51	0.0006668050584634756	328	0.0008704674535168705	107	0.0005007139148111803	51	0.000422453346951084	328	0.0005592393943776105	107	0.0003746572709970813	51	0.00095597847184327	328	0.0008691571107254159	107	0.0009475153021515747	51
4940	0.00086800736296408	330	0.0008184090316191756	107	0.0007572983486598844	49	0.0006902769633183484	330	0.0009782243765349917	107	0.0006057479304214389	49	0.0004543738329693441	330	0.0005885320653810898	107	0.000547932492377033	49	0.0010783892070235503	330	0.0007307782903303239	107	0.0019892931133823587	49
4950	0.0009623410736240654	337	0.0010160726155201349	107	0.0009713492702487709	42	0.0006450852755609597	337	0.0009912481401965164	107	0.0006860030954362091	42	0.0004463872229235334	337	0.0006162844371624911	107	0.0005060857177762704	42	0.0009535151598688296	337	0.0008369489526548735	107	0.0010498172287932523	42
4960	0.0007965892279943625	328	0.0008675243079469497	107	0.0007960433283744099	51	0.0007347536425671317	328	0.0010216969273509342	107	0.000742172672738973	51	0.00045568161013095806	328	0.0006130094743223998	107	0.0005076504341456827	51	0.0010259447807418871	328	0.0009412954850456537	107	0.0010047027819669722	51
4970	0.0008176836336172567	338	0.0008981664249002317	107	0.0008265277704921099	41	0.0007329194532600557	338	0.0010274185251791209	107	0.000777037144541833	41	0.00043717341976001484	338	0.0005493624840373803	107	0.00042669213332535385	41	0.0009357122916796184	338	0.0007859018041313776	107	0.0007366068635509562	41
4980	0.0008170732374494678	332	0.0008169799548343064	107	0.0007200393135958518	47	0.0006611195230593062	332	0.001006804843076003	107	0.0007306429629341207	47	0.0004473325624867574	332	0.0006441724448267457	107	0.00041625622161034395	47	0.0011415217106036523	332	0.0010576711538173428	107	0.0011359065005428722	47
4990	0.0007297147429181555	332	0.0008559750174848555	107	0.0008870370237757699	47	0.0007439807000604561	332	0.0011149812561547243	107	0.0006961349262962247	47	0.000396903583801779	332	0.0005420820682222894	107	0.00039912157446727486	47	0.0009669145509105991	332	0.0010596142335538331	107	0.00104796884708866	47
5000	0.0007700615981784915	334	0.0009149076670279386	107	0.0008060308603249143	45	0.0006044253063138491	334	0.0008405161757825222	107	0.0007718687061495584	45	0.00043971836458099183	334	0.0006037288590737469	107	0.0005510217005724601	45	0.0010057131181791627	334	0.001004384033358008	107	0.0011436429903914644	45
5010	0.000602061275242274	326	0.0008670177839721996	107	0.000740683954730819	53	0.0006147177071343152	326	0.000786724269176412	107	0.0007270029412579168	53	0.0004545650881836381	326	0.0006558178984461792	107	0.0005430846218548931	53	0.0008090947977541803	326	0.0009011185032811413	107	0.0009745294133469144	53
5020	0.0008038987480848047	332	0.0009826788271021089	107	0.0007472527150821053	47	0.0007829270750785246	332	0.000948341183681677	107	0.0006797949065362116	47	0.0004627121113815422	332	0.0006732553156894571	107	0.00041139979369915274	47	0.0007525429771137867	332	0.000815731324178633	107	0.0008324508979168586	47
5030	0.0007871975268711611	333	0.0008545282096981924	107	0.0009108808114139461	46	0.0006626489656097616	333	0.000954280777243818	107	0.0005240649444043192	46	0.00044165118530658024	333	0.0005488680292320254	107	0.0003353564777331774	46	0.0007480775969955931	333	0.0007420782123313581	107	0.0006765622767016836	46
5040	0.000980890692242632	341	0.0009592571066929091	107	0.0009998879199963333	38	0.0006954063767120204	341	0.0010505633122329877	107	0.0009466678876948374	38	0.0004525148534541014	341	0.0006201121277376735	107	0.0006633031530930833	38	0.0010887237530340951	341	0.0008837512553408675	107	0.0012158905641320404	38
5050	0.0008195775182359763	330	0.0008484835546582509	107	0.0008849284448210872	49	0.0006924102625689369	330	0.0007977861862729038	107	0.0006877338856222543	49	0.00046083142299013416	330	0.0005750221381104421	107	0.00047437080634997805	49	0.0008122790091627483	330	0.0008501030323052947	107	0.0010736353306548302	49
5060	0.0009888262673371632	334	0.0009793801158882655	107	0.0007848687670095582	45	0.0006647964220988243	334	0.0009429145603607152	107	0.0007247203383731314	45	0.00036758681418653567	334	0.000540960949375698	107	0.0004434220263049158	45	0.0007061126079149737	334	0.0007927136547240031	107	0.0008426762672157413	45
5070	0.000828682438558629	332	0.000981772444078852	107	0.0007742648527062303	47	0.0006572522008190085	332	0.0009327576483989628	107	0.0007623236871675038	47	0.0005401479953594422	332	0.0006124068066120762	107	0.0004968956319029773	47	0.0009807938461283362	332	0.0009921140357916152	107	0.0009137860142863043	47
5080	0.0008740322988241249	332	0.0009855142818606046	107	0.0007600256865164918	47	0.0007439492845697382	332	0.0009737863302746289	107	0.0005906378374790158	47	0.000557630437383355	332	0.00064448413649339	107	0.000490463650064035	47	0.0012133103421699677	332	0.0008844578043798568	107	0.0007864883269405235	47
5090	0.0008288294484532114	329	0.000844771325239179	107	0.0008633260954684969	50	0.0007592273733864447	329	0.0011532648452417006	107	0.0006285896694796514	50	0.00042904140168046614	329	0.0005071641996236123	107	0.0004946902295945672	50	0.0012694436160832158	329	0.0011272923522409304	107	0.0011760923103140784	50
5100	0.0008772542987138297	328	0.0008637873821884655	107	0.000859049654587227	51	0.0007357762076126501	328	0.0009263377335740344	107	0.0007939841157296371	51	0.000399848698406956	328	0.0005443209191593239	107	0.0005252577125078294	51	0.0011271032557212577	328	0.0013139973688247417	107	0.0010478305827202653	51
5110	0.0007446151693706369	333	0.0007524260899602448	107	0.0007304331251599684	46	0.0007897884892368544	333	0.0009743601215079341	107	0.00069696223987957	46	0.00047230642232638114	333	0.0006158237472702282	107	0.0004405559846921292	46	0.0008768203619485884	333	0.0007538296186644719	107	0.0010024350407957323	46
5120	0.0009346927982359653	331	0.0010133022740742043	107	0.0009853399668797358	48	0.0008444483680460581	331	0.0012044781149698335	107	0.0009563169251545978	48	0.000497266241550684	331	0.0005698196179372638	107	0.0005241611669061603	48	0.000998290530352387	331	0.0008345108055735576	107	0.0016279073537465345	48
5130	0.000910194481452754	335	0.0009397391505552023	107	0.0009507011838882304	44	0.0008757235631427891	335	0.0010926716131076494	107	0.0008147440720486769	44	0.0005505389698576959	335	0.0007315758280219858	107	0.0005656308403462509	44	0.0010516044412034868	335	0.0011490502565138381	107	0.001353557480658579	44
5140	0.0009872140006870163	333	0.001038277406484668	107	0.0008209533051803382	46	0.0007142099924564847	333	0.0009846979894459638	107	0.0008672665770593591	46	0.000539687242744259	333	0.0006065930017439536	107	0.000499622443597642	46	0.0009478884046056258	333	0.0009592885779563375	107	0.0012999157481008252	46
5150	0.0008699469969857868	326	0.0009764401529424697	107	0.0006736814204596039	53	0.0006852370462819058	326	0.0010099429834819944	107	0.0006546878186404854	53	0.0005162693874246627	326	0.0005953804743757146	107	0.00046218098628509436	53	0.0010370634411038314	326	0.0008918973996482938	107	0.0010398433750848062	53
5160	0.0008174958547268904	332	0.0009022074330945754	107	0.0009421040221295831	47	0.0006806857802372408	332	0.0008774542534747666	107	0.0006681542213220783	47	0.0004493226340662458	332	0.000722107144291386	107	0.0004014889687562847	47	0.0009842715136918353	332	0.0010544702010667273	107	0.0010737930422076228	47
5170	0.0008824830303213956	324	0.0009456441914843919	107	0.0008614205930254524	55	0.0007311700687666162	324	0.001097511224451137	107	0.0006244443539880196	55	0.0005285281143408388	324	0.000647406211255193	107	0.0005609278619898396	55	0.0007925742790672673	324	0.0009669940551387454	107	0.001105708923251471	55
5180	0.0008046369803958769	333	0.0008990818382365897	107	0.0008850654979452416	46	0.0007123381735254282	333	0.0009560223613950635	107	0.0005186269377156476	46	0.0004403676703748578	333	0.0006220628585741824	107	0.0005899601252607522	46	0.0007151283489703257	333	0.000754300501620239	107	0.000777082108874175	46
5190	0.0007712012437695113	338	0.0009481743208144043	107	0.0005931820449391582	41	0.0005604740667649293	338	0.00101371998300499	107	0.0005587532120146739	41	0.0005075405028620434	338	0.0007072635074967155	107	0.00042117096672583844	41	0.0010790584826435407	338	0.0008082825387440093	107	0.0010032675296094908	41
5200	0.0007974868394320994	332	0.0009322546334296402	107	0.0009046613329542629	47	0.0006927159756067665	332	0.000921428192721719	107	0.0005470797729469249	47	0.0004969911793134184	332	0.0007128291660153086	107	0.0004134053362495375	47	0.0008970096691595632	332	0.0007203869477569048	107	0.0009310104455229117	47
5210	0.0008913664099448317	340	0.0009218919746851323	107	0.0009977371615177773	39	0.0007461562838498798	340	0.0009704715160940877	107	0.0006241800146496364	39	0.0005419896851860956	340	0.0006161589779363244	107	0.0004027149970565477	39	0.0008584213458322962	340	0.001100729918282972	107	0.0020806229579082873	39
5220	0.000803101812135301	338	0.000933309356182514	106	0.0007670476597949434	42	0.0005537525366178302	338	0.0010202903802251997	106	0.0007620485660490312	42	0.0004460249808207318	338	0.0005820777728108864	106	0.000580718332439263	42	0.0007599667978381131	338	0.0007171836833593384	106	0.0008751683468757608	42
5230	0.0007969725365029403	335	0.0009186664986149735	107	0.0006629924045156194	44	0.0006509551106069013	335	0.0008984444172265133	107	0.0005076061292801395	44	0.0004347796207562902	335	0.000605906991068105	107	0.00044342866188842905	44	0.0012097578936733277	335	0.0007737636566231437	107	0.0006518058113043925	44
5240	0.0006786082780926307	335	0.0008476184305892546	107	0.0009731489369857662	44	0.0006895716573378003	335	0.0008434514048557487	107	0.0006693194202867901	44	0.00039589934822633835	335	0.0006151896545608443	107	0.0005503174553034038	44	0.0004972957564551033	335	0.0006914818925850534	107	0.0006204374071465321	44
5250	0.0009562378072245989	335	0.0010298271704283545	107	0.0007522395167795601	44	0.0007216841048971078	335	0.0011761834087663325	107	0.0007706037010185611	44	0.00047710456036992495	335	0.0005647020148639525	107	0.00039990315757201247	44	0.0008809407710510009	335	0.000875384938916702	107	0.0007929596400966272	44
5260	0.00070503406160648	336	0.0007046768115964215	107	0.0007103436596485698	43	0.0006641323556953784	336	0.000860818561731149	107	0.0005381298304178126	43	0.0004081696185028951	336	0.0005740095333280785	107	0.0005245314377722907	43	0.0008039883282245222	336	0.0007928239967595748	107	0.0005708801634136854	43
5270	0.0010104592124175215	333	0.001024445668568428	107	0.0009546096793030981	46	0.0007044188030627522	333	0.0010545269563278182	107	0.0007903070710901115	46	0.0005248659657581228	333	0.0006011773471413364	107	0.0004693507253611461	46	0.0008991490972438251	333	0.0008414146898675673	107	0.0007700124669396182	46
5280	0.000979672533741776	333	0.0010417913625677044	107	0.0008897178448999865	46	0.0007376513476930362	333	0.001063580120585334	107	0.0005695587545474835	46	0.0005149923690633491	333	0.0005443365233103469	107	0.0004455314320558454	46	0.000829990642063741	333	0.0007641822239210593	107	0.0006216607301398703	46
5290	0.0006879157556593624	333	0.0007598061238903451	107	0.000688820177186997	46	0.0006840266594294911	333	0.0009564503495217789	107	0.0006553766901953653	46	0.0004995765509014676	333	0.0006383293058928247	107	0.0006516392004431796	46	0.0010382184352484014	333	0.0011007352456270463	107	0.001003595498981777	46
5300	0.0009209096968385263	340	0.0009004404042572074	107	0.0009149967633064186	39	0.0007460433473261063	340	0.0009800079201017524	107	0.0008943971381719415	39	0.00047763345689176833	340	0.0005449305915682488	107	0.0006004928298809039	39	0.0009036195704819564	340	0.0007846384208635312	107	0.000828032324951356	39
5310	0.0008725106547661059	329	0.0009783294741509997	107	0.0008048130098850695	50	0.0007496530018725903	329	0.0010275124686959184	107	0.0006506326473370068	50	0.0004433691729848299	329	0.0006150765762424707	107	0.0004061092322710073	50	0.0009688902807055433	329	0.0009334852978613675	107	0.0011761592295795901	50
5320	0.000830445243806734	334	0.0008496332911391174	107	0.000940539376605677	45	0.0007546628262102125	334	0.0009779692717433622	107	0.0006065931436032111	45	0.00041999590719388733	334	0.0005785133638171692	107	0.0004883150099368439	45	0.0010398777106568296	334	0.001314087623850306	107	0.0011765776322905893	45
5330	0.0008408281297761373	333	0.000879875133558194	107	0.0008752169465385952	46	0.0005618262749688288	333	0.0008026755049286488	107	0.0005449879921090762	46	0.00035240980606940673	333	0.000500642951905248	107	0.0004037935034487847	46	0.001246809373531655	333	0.0013201785658830782	107	0.0021844046852921716	46
5340	0.0007566330052434546	330	0.000794064082640895	107	0.0008727008710845489	49	0.0005996104438779766	330	0.0008436383993851511	107	0.0006487869200762191	49	0.0003789270539584898	330	0.0005022116652010308	107	0.000415046088853095	49	0.0007752494545701063	330	0.0007480458265047584	107	0.000837201097722433	49
5350	0.0008588845155903408	336	0.0009608674770256862	107	0.000824457649766901	43	0.0006068809192204363	336	0.0008445730263969403	107	0.0005204390666198789	43	0.00043131101542208665	336	0.0005646463673617886	107	0.00043076928161362495	43	0.0011266746454405836	336	0.0009177270096086779	107	0.0007035756693031108	43
5360	0.0009076902582115889	341	0.0010711286456648057	107	0.0009608224667681757	38	0.0006078273301881398	341	0.0008734510993493509	107	0.0007397336757299688	38	0.0004888574053176679	341	0.0005528379221673458	107	0.00044969689668583867	38	0.0011848280206039998	341	0.0012263408006174357	107	0.0007190478797468171	38
5370	0.0010219363659405192	333	0.0010518185782241343	107	0.0009537995979694662	46	0.0006228067998223796	333	0.0008288622381057504	107	0.0007005004262086607	46	0.00046435018186496345	333	0.0005298926011309446	107	0.0004622936245894473	46	0.001111916515392003	333	0.0010427414040499142	107	0.0011223069643180141	46
5380	0.0007105772102505685	335	0.0006714832442068833	107	0.0006778974985899209	44	0.0005380857005696891	335	0.0009809323121058153	107	0.0007260254372395372	44	0.0005000734202504062	335	0.0006203724031657089	107	0.0006094238178136565	44	0.0015508830517552625	335	0.0009605048500305451	107	0.0013607814611602295	44
5390	0.0007890232859263698	336	0.0008525058346611967	107	0.0007126770354652366	43	0.000606801959732431	336	0.0008962319507287128	107	0.0007465439292511592	43	0.0004667089252218054	336	0.0005380698639932225	107	0.0005100428000994693	43	0.0009111344273333492	336	0.0009197431846246424	107	0.0008712629667886987	43
5400	0.0009772235016797903	334	0.0010012119744030091	107	0.0009799067698989263	45	0.0007180903747360094	334	0.0009149711846317683	107	0.0007082048627517643	45	0.00037893629407988476	334	0.0004688017778971347	107	0.00044354176623771774	45	0.0007182880516468171	334	0.0006042717426023469	107	0.000520298918167439	45
5410	0.0006961064078176385	335	0.0007505972489314523	107	0.0007890762119185223	44	0.0006285021863096708	335	0.0008562294175401431	107	0.0005162012689868561	44	0.0004077388089258854	335	0.0005499962793521079	107	0.0004759835466093265	44	0.0005903423344020242	335	0.0006946719916570236	107	0.0006932013197709593	44
5420	0.0007861517516308469	337	0.0008702448799374651	107	0.0006304601531001882	42	0.0005611041671002596	337	0.0009843822109410197	107	0.0006401850032864512	42	0.0005438251005274943	337	0.0007405408437575758	107	0.0005289081361910109	42	0.001037280591345006	337	0.0009946406769974778	107	0.0013766327216040407	42
5430	0.0007807448611481467	334	0.000883576092238167	107	0.0008233646641934846	45	0.000613005912889744	334	0.0009460084469370002	107	0.0007661919685599857	45	0.00044976229251890497	334	0.0004914448534001855	107	0.0005401647673397613	45	0.0013453993089373962	334	0.0010761508423458611	107	0.0008250003168723036	45
5440	0.000855849032921837	340	0.0008834414213949862	107	0.0008187496670451416	39	0.0006319085379087572	340	0.00087612526930522	107	0.000632252716470565	39	0.0003764234547044554	340	0.0004860817705934676	107	0.00042274713447149764	39	0.0011682114683444378	340	0.0008373390442197816	107	0.0006753694570229182	39
5450	0.0009294370355685844	334	0.0009651396595997074	107	0.0008488183514746623	45	0.0007560417028501839	334	0.001044079839389551	107	0.0007461570746831615	45	0.0005621517573844043	334	0.0006899920946927939	107	0.0006591893375863683	45	0.0020536585524097927	334	0.0013405985007545144	107	0.0015698515759397804	45
5460	0.0009327496616883901	332	0.001030112941998858	107	0.0009060993419009377	47	0.000752825545792451	332	0.0010299079904925997	107	0.0009494068331176746	47	0.0005866430828365352	332	0.0007804629966400126	107	0.0006508132658882815	47	0.001170994536180893	332	0.0011771147129248781	107	0.001057615537340878	47
5470	0.0009180757117281738	342	0.0009537816169936798	107	0.0010193559156237882	37	0.0006128332828570009	342	0.00089735254449561	107	0.0008255931105813479	37	0.00037060807305143255	342	0.000524424327006847	107	0.0003613250046666611	37	0.0009165479727387964	342	0.0008535029562948113	107	0.0007874762166373515	37
5480	0.0007809610901626418	335	0.0009396832669897155	107	0.0007330306107817133	44	0.0006262734205398229	335	0.0008486089985987747	107	0.000674039818022802	44	0.00035974155878316444	335	0.0005649483001966452	107	0.00045432460964503057	44	0.001111089882731201	335	0.001101273751423713	107	0.001067360379281998	44
5490	0.0007712248109559148	333	0.0009794139676252722	107	0.0006821741497092638	46	0.0007254107099582468	333	0.0011089378121137362	107	0.0007800300934007041	46	0.0005213827212869774	333	0.0005961533058291593	107	0.0005123362983227383	46	0.0010293109795538125	333	0.0008268341273690992	107	0.0008199277077609693	46
5500	0.0008489243409458498	337	0.0008666229378383483	107	0.0007063431225134783	42	0.0006606399819633069	337	0.0009975814095130793	107	0.0007578565708890915	42	0.0005208213121353531	337	0.000709982287384019	107	0.0004553910695704539	42	0.0009504016976129774	337	0.0009593318630045316	107	0.0009737027943862124	42
5510	0.0009775138586289708	333	0.0009909882771256863	107	0.0008896736799651483	46	0.0008072362600193953	333	0.0009503789184286479	107	0.0008397767422357959	46	0.0004768977837443021	333	0.0005919367585495236	107	0.0005652940517835406	46	0.0010298195278376652	333	0.0012248081959816072	107	0.0009321713267255897	46
5520	0.0008079416710279295	336	0.0008796621378693242	107	0.0007131705993188384	43	0.0007400013064008086	336	0.0010949498101125803	107	0.0007802247677477117	43	0.0005608949113095013	336	0.0007158248763377249	107	0.0005199740476826152	43	0.0009919019618677975	336	0.0009092253534169235	107	0.0008386561794683523	43
5530	0.0007054125431813932	333	0.0008934250888039732	107	0.0005546713331928238	46	0.0007193192094304264	333	0.0009210234080220765	107	0.000812900429526512	46	0.00047585468394046796	333	0.0006343964914593707	107	0.0005607881574172033	46	0.0007157668211784934	333	0.0006194736569039024	107	0.0010295541975399599	46
5540	0.0008434833838249573	334	0.0008217923639800406	107	0.000778042487130511	45	0.0007746940152241365	334	0.0009216783071546609	107	0.0009855358042625073	45	0.00044705348582511364	334	0.0005473653910843646	107	0.000514188936472909	45	0.0012385266598658668	334	0.0011735431422756808	107	0.0011374285920763894	45
5550	0.0009232151521895166	334	0.0009733944638154521	107	0.0008985474512028045	45	0.0006914002582671439	334	0.0008975413988018863	107	0.0007146084405783461	45	0.00040880354474575616	334	0.0005931373034647765	107	0.0005593050838120689	45	0.00105284153507752	334	0.001414868093970453	107	0.0011804635463733269	45
5560	0.0008468690472023933	332	0.0012625525460768386	107	0.00080302876474327	47	0.0007542840998841017	332	0.0009791669248916618	107	0.0006752454048558555	47	0.0003985211165741351	332	0.0005385853637867571	107	0.0003403720520496178	47	0.0008996120945041951	332	0.0006515372252390861	107	0.0011959541076643795	47
5570	0.0007033983484452441	338	0.000681912454463703	107	0.0007520076418212653	41	0.0005885066674442434	338	0.0008911512075630682	107	0.00076688888132631	41	0.0003907727029326417	338	0.0004724265243801567	107	0.0003651157882117909	41	0.0007721788209259621	338	0.000818315346656497	107	0.0010141868199397572	41
5580	0.0008408019257837363	329	0.0009586224323518728	107	0.0009023279748763259	50	0.0007615733513129498	329	0.0011104230141226609	107	0.0007180987724491487	50	0.00048540557341761873	329	0.0005861385855403887	107	0.0004553011257469107	50	0.0009875200416843586	329	0.0009975482868060876	107	0.0011566586826515326	50
5590	0.001032183375269488	333	0.0009671059298491095	107	0.000903959455637407	46	0.0006528889509207046	333	0.0008349213304618454	107	0.0007166590229958108	46	0.00040788319344925856	333	0.0006773934031325375	107	0.0003259035565916371	46	0.0007929320269554094	333	0.0006740101123763093	107	0.0007310102809411169	46
5600	0.0008364280811550649	333	0.0009029620791511595	107	0.0009526626619402883	46	0.0007219890565870977	333	0.0011252594214102285	107	0.0007486372549016866	46	0.0003418105467042067	333	0.0005206312772656111	107	0.0004687644007189598	46	0.001183268562108526	333	0.0012236159691809104	107	0.001471401704360247	46
5610	0.0010252423081228276	337	0.0011653345209792804	107	0.0008704720080029828	42	0.0007286971925674658	337	0.0010769622810548989	107	0.0007659688910632555	42	0.0004959595791830119	337	0.0006174442416514082	107	0.0005409807224062854	42	0.0010023927203892632	337	0.0005756737014463619	107	0.0007688076771710259	42
5620	0.0007689524501056475	334	0.0009118013470487292	106	0.001029021102877581	46	0.0006504650434002283	334	0.0008517607963376703	106	0.0007639454389614335	46	0.0003766078448396002	334	0.0005055728437002921	106	0.0003439822213316756	46	0.0010589651511102589	334	0.0008179539207301524	106	0.0008648755121648202	46
5630	0.0009956238669187867	340	0.0010512018431231079	107	0.0008846867962590857	39	0.0006415891537620548	340	0.0009374636274394866	107	0.0005693160265528358	39	0.00038028895679239206	340	0.0004818790026645456	107	0.0006041717946606731	39	0.0007419727778782992	340	0.0008336674481923923	107	0.0008290738534706937	39
5640	0.0007681932560327948	336	0.0008569411973092216	107	0.0008219862045026543	43	0.000632118407561111	336	0.0009268199720303648	107	0.000732372695371468	43	0.00041900887782692515	336	0.0005414530387388167	107	0.00045464357700393	43	0.000820835361652391	336	0.0007612597753279721	107	0.0008516514291614795	43
5650	0.0008089563974822893	332	0.0008542727661459803	107	0.0007076050612497524	47	0.0006806824490276809	332	0.0007934789265755935	107	0.0007267627190651817	47	0.0005078345776652145	332	0.0006330296364707856	107	0.0005749234910076442	47	0.000821119667481031	332	0.0007005774340742907	107	0.0006642926522944235	47
5660	0.0008628841046335054	335	0.0009106976410267933	107	0.000684405601795786	44	0.0007200788331206806	335	0.0008695890310232672	107	0.0008333977808704525	44	0.0004489183326134669	335	0.0006183201719306413	107	0.0003916400704338879	44	0.0009080712687257864	335	0.0008473189010956534	107	0.0016688002066159021	44
5670	0.0010184690084599365	331	0.0010885329402932863	107	0.0010335091474052511	48	0.0007430651876401722	331	0.0009817291849953942	107	0.0006424299338303698	48	0.0005435208037068526	331	0.0006943726083095166	107	0.00045315374703900046	48	0.0008453863537112741	331	0.0005326549226000318	107	0.0009525040979446561	48
5680	0.0010257626288969412	335	0.0010487255689301915	106	0.0010797442927872154	45	0.0007468217780168937	335	0.0010374521475397106	106	0.0007768787197654138	45	0.0004114306416297487	335	0.0007865598257431247	106	0.0005854281414030952	45	0.0013468289098673891	335	0.001122039833343315	106	0.0016677783774641367	45
5690	0.0008198083023490791	338	0.0008865660151933704	107	0.0008877124484284149	41	0.0007233941569472793	338	0.0010644238256254694	107	0.0007646721508587452	41	0.00042827736214439023	338	0.0007499196487711738	107	0.0006530347813617525	41	0.0008951909074421793	338	0.0009013349312891664	107	0.0012816893758748622	41
5700	0.0008977525355309211	328	0.0009846853518152066	107	0.000957167478056393	51	0.0008027733283681303	328	0.0008849484339597522	107	0.0008354863271516279	51	0.0005594408549029183	328	0.0007717306765517808	107	0.000522268155667076	51	0.0010107003798257425	328	0.0009689663953264928	107	0.0009548983196554303	51
5710	0.0006920651404693534	335	0.0008680186564051944	107	0.0007144327332082295	44	0.0007380141487513506	335	0.0009614576322481185	107	0.0007469135415595494	44	0.0004538742101849738	335	0.0007153752292487219	107	0.0004254787082677916	44	0.0008744457212596883	335	0.0009295536676750038	107	0.0009516995824829586	44
5720	0.0007431291887818612	336	0.0008425128737490925	107	0.0007984917831242673	43	0.000671879060544691	336	0.0009062509867520384	107	0.0004917216091934284	43	0.0004245917776217631	336	0.0005888731360927016	107	0.0004469694532450803	43	0.0009378258225763871	336	0.00108576133133578	107	0.0008492945177826752	43
5730	0.0008435166128940774	328	0.0009021744383415861	107	0.000766008791058731	51	0.0006680048862713204	328	0.0009566984340292545	107	0.0006204989817522153	51	0.0004661348509675906	328	0.0006630296988811724	107	0.00040682945400984474	51	0.000904931905141366	328	0.0014270526106786312	107	0.0009263282576568949	51
5740	0.0007540269798750863	332	0.0007426810159945072	107	0.0007435513409627303	47	0.0006516591687698071	332	0.0009715968646409064	107	0.0005610972276136897	47	0.00042702695527091017	332	0.0006139104663811816	107	0.000443240934471932	47	0.0010607498671785318	332	0.0008040185563650381	107	0.00106179629594739	47
5750	0.000809962986144778	331	0.000864264415622308	107	0.0009351587356240632	48	0.0007404833700629668	331	0.0008284773452800081	107	0.0007558743610157568	48	0.000403042514661374	331	0.0006367412677531664	107	0.0003878389512801973	48	0.0008692207882909972	331	0.000695489216930912	107	0.0010576265412915317	48
5760	0.0008189090108586721	339	0.0008708056331893868	107	0.0008106506134393388	40	0.0006369493845595706	339	0.0008969087251519782	107	0.0005291982675854325	40	0.00043991793439193905	339	0.0006620669818908076	107	0.0006232262659836464	40	0.0009796718627157672	339	0.001011321222585516	107	0.000990565046595247	40
5770	0.0009087977956363382	338	0.0009764731428310817	107	0.0008302664390693351	41	0.0006736121110633843	338	0.0009513386575272178	107	0.0006150418797203282	41	0.00039682446626907364	338	0.0005141641025573882	107	0.0003832854238523344	41	0.0007487627133926759	338	0.000828652444266086	107	0.0007620715358901944	41
5780	0.0007256182614195807	334	0.0007807448081100032	107	0.0007548303026330127	45	0.0007112351649522666	334	0.0009862427299266914	107	0.0006631001782973678	45	0.0005049499382187963	334	0.0006954529349578901	107	0.0005410578297888101	45	0.0007617029630386103	334	0.0005269332834604929	107	0.0007623368876661272	45
5790	0.0008744411314183661	326	0.001004058228004554	107	0.0008519313654243546	53	0.000606936531585925	326	0.0009018838893334206	107	0.0006680233496252398	53	0.0003790819053310821	326	0.0005669402485451806	107	0.0003173601805595319	53	0.0006872975333890058	326	0.0007292230763629206	107	0.0005842538754496246	53
5800	0.0009214775910689777	335	0.0007846821681614718	107	0.0009498413809840407	44	0.0006360177652899758	335	0.0009024055314385831	107	0.0005936345256902958	44	0.00044929006694539305	335	0.0005882442245549701	107	0.00047583971091664216	44	0.001485040177777928	335	0.0009233412053191155	107	0.001299426629032107	44
5810	0.0009621600291097074	327	0.001035445718039686	107	0.0009382302986083857	52	0.0007182002833649458	327	0.0011002881648758218	107	0.0006645455127710454	52	0.0004791491889701796	327	0.0007346709635222457	107	0.0004835040450432777	52	0.0010354420323351197	327	0.0008737879304174406	107	0.0012071033089575288	52
5820	0.000994561308812307	329	0.0010252794058587845	107	0.0009847360585825686	50	0.0006461836303845221	329	0.00102986146547324	107	0.0006384745489312059	50	0.00048589235571556283	329	0.0006611489226844576	107	0.0003652391708490835	50	0.0009587894975403376	329	0.0007873195734471519	107	0.0005919636097242622	50
5830	0.0009041442533151224	331	0.0009566557033050215	107	0.001134440583715053	48	0.0006268828175162168	331	0.0009817325827780297	107	0.0006758315106296947	48	0.00044931266915850687	331	0.0006263064271997945	107	0.00039272641030033183	48	0.0009174445617556135	331	0.0007603428095260962	107	0.0008411502160442816	48
5840	0.0009227721006608341	333	0.0009326951772588829	107	0.0007665973440415907	46	0.0006532439992850335	333	0.0008857800222220231	107	0.0005380951231945334	46	0.0004481034293518672	333	0.0006352701835653181	107	0.0003898733666447388	46	0.0012071299482142887	333	0.0009312259525719992	107	0.0006925573837327472	46
5850	0.0007244380238499032	333	0.0008470181930205799	107	0.0007512737001391209	46	0.0006823877361750475	333	0.0008949684996443555	107	0.0006001656903776818	46	0.0004010829761034394	333	0.0005778302486650528	107	0.00044433109576361325	46	0.000847219851712851	333	0.0007405308032022183	107	0.0010032236310801785	46
5860	0.0008277983526479263	328	0.0009531066097472696	107	0.0008588500394140463	51	0.0007808470696120108	328	0.0009497953077974924	107	0.0008249240234131517	51	0.00036137742363530665	328	0.00047103403700920967	107	0.0003600640060419974	51	0.0008412830528215118	328	0.0006645116940680535	107	0.0006695196363050522	51
5870	0.0007201881597263592	331	0.0008151602718364446	107	0.0007471533150629177	48	0.0007619157621496488	331	0.00093374977663456	107	0.0008472564813173235	48	0.0004585164834064241	331	0.0005893091768871656	107	0.00048412715811709927	48	0.0009885202135183294	331	0.0008277534494024272	107	0.0010291810866982748	48
5880	0.0008249805608053512	332	0.0008552287868650854	107	0.0008650075720590168	47	0.0007214226889076151	332	0.0009376135407897279	107	0.0007222771169435356	47	0.0003996987229239153	332	0.0006287968962866356	107	0.00048792763167794024	47	0.0006461907813637945	332	0.0007415165993627618	107	0.0010379154128539532	47
5890	0.0006672406262859089	336	0.0006566838754754775	107	0.00057555360950153	43	0.0006484204114197824	336	0.0009246276060224849	107	0.0005432396488196166	43	0.0005617477272415279	336	0.0006561765296305813	107	0.0005437601638093691	43	0.0010120158931926503	336	0.0008355244810721924	107	0.0011262571509405796	43
5900	0.0009240786651079332	331	0.0011368849513018102	107	0.0008676630178118165	48	0.0007623923092336126	331	0.0010159181695949698	107	0.0005515628397732608	48	0.0004933509516414874	331	0.0006022105333397599	107	0.0005254770493176908	48	0.0010346182518053014	331	0.0011496856550386363	107	0.0010486309962416918	48
5910	0.0007238675945364132	333	0.0008370524655533382	107	0.0008401477754224642	46	0.0007420725614881558	333	0.0009368042520390021	107	0.0006481346297936836	46	0.0004023866658124476	333	0.000542416709805222	107	0.0005363356217359241	46	0.001268335928914574	333	0.0011931817001091408	107	0.002017571473936762	46
5920	0.0008330575877147896	327	0.0009381541931189263	107	0.0009287774714277581	52	0.0007342281852796837	327	0.0009199744152169853	107	0.000675757093053746	52	0.000452470300518538	327	0.0006265073776186681	107	0.0004945360786959913	52	0.0010042784708154603	327	0.0008040432890839925	107	0.0011128009919501509	52
5930	0.0009090096704176043	334	0.0009409634629366885	107	0.0007691271496280504	45	0.0006084411183229832	334	0.0008697207663421171	107	0.0006382695925239742	45	0.00046800513088056676	334	0.0005506439795999279	107	0.0004770158406483572	45	0.0008903567674313038	334	0.000545579977725126	107	0.001317208254707981	45
5940	0.0010653225862215022	327	0.0012021494894233985	107	0.000954659979852214	52	0.0007372702830643378	327	0.0008809864829792838	107	0.000884814899216077	52	0.000528396671532844	327	0.0006704201359057174	107	0.0007154488706576895	52	0.0011016086292689443	327	0.000907986422454178	107	0.001905962201814085	52
5950	0.0008604969548811433	336	0.0008607380899367708	107	0.0007616557145814641	43	0.0007222691373251548	336	0.0010380234779876238	107	0.0005088896195247064	43	0.0005947357861825397	336	0.0007405940609648634	107	0.000580022553685298	43	0.0007994569972893087	336	0.0008144882558139912	107	0.0009514341232178465	43
5960	0.0008784047640223302	333	0.0008946712148256101	107	0.0009440130476219779	46	0.0006525137684776179	333	0.0009321987276479755	107	0.000681937509860843	46	0.0004752473529629581	333	0.0005351159282356731	107	0.00040071609222322614	46	0.0009624105452431407	333	0.000723642468994159	107	0.00099930893741123	46
5970	0.0009116511524945454	338	0.0008262237574555518	107	0.00081644356701769	41	0.000653075541050945	338	0.0008475449007325456	107	0.0005865529333169647	41	0.00038327849292636777	338	0.0005108111754811908	107	0.0003588642560787683	41	0.0006636336585834581	338	0.0006161057104559395	107	0.0006139254588481525	41
5980	0.0008196428599460214	335	0.0008839083908684673	107	0.0007269042151095133	44	0.0007221511921427484	335	0.000935391651352837	107	0.0009002848619543674	44	0.0004866295928945924	335	0.0005530108452943571	107	0.00043417905729813155	44	0.0007894615069238975	335	0.001064004025174353	107	0.0010048964808890525	44
5990	0.000804196748941066	335	0.0009243575770899679	107	0.0008710019820824502	44	0.0006459103008721813	335	0.0008947087334548308	107	0.000566152445170571	44	0.00040480449026928603	335	0.000502898420845592	107	0.00039841205273318995	44	0.000696441893683124	335	0.000581113132798849	107	0.0008297777843967381	44
6000	0.0008320773973564657	334	0.0009900405906771155	107	0.0010536988872519196	45	0.0005698489656800641	334	0.0008555998410471555	107	0.0005118906445195643	45	0.0004419123339045408	334	0.0005184860358849494	107	0.0006877643541221096	45	0.0010696367281763	334	0.0007754460411747309	107	0.0010465862442572212	45
6010	0.0007909980938108722	336	0.000830361798173836	107	0.0008736858683203634	43	0.0006333778758385472	336	0.0009066085599053046	107	0.0005558716712105543	43	0.00047409488838671455	336	0.0006661026458591342	107	0.000514066035261796	43	0.0011418999200424097	336	0.0011265967765557699	107	0.0012253601321234502	43
6020	0.0009039671203485311	332	0.0008753376215085517	107	0.0008405415354639837	47	0.0006289046142886471	332	0.0008370755640884696	107	0.0005607764162873913	47	0.00042805474836736355	332	0.0005207481811259986	107	0.0004004692048255892	47	0.0007849694301940121	332	0.0008474208133763204	107	0.0009319073774348788	47
6030	0.00099109662385883	335	0.0010430486178072908	107	0.0010591630126885034	44	0.0006723242847282263	335	0.000921944744013327	107	0.0007138076242012286	44	0.0004229113817996643	335	0.000496712997898281	107	0.000414269018714739	44	0.0009615611375658751	335	0.0007789719787476141	107	0.00099870091273048	44
6040	0.0009352511213975735	330	0.000886136979696919	107	0.0008794633083958884	49	0.0007245564883088246	330	0.001163108018941322	107	0.0006703765128900632	49	0.00043840945827377706	330	0.0005775736408193949	107	0.0004043918117979987	49	0.0010523587224306671	330	0.0009033084533609768	107	0.0009831693378638256	49
6050	0.0009209804165100903	332	0.0010111219349078033	107	0.0009506436002821027	47	0.0006931474328386271	332	0.0010000753481856992	107	0.0007435664877894966	47	0.0005096010947223323	332	0.0005940669425949279	107	0.0005021277176462082	47	0.0012474632919235484	332	0.0009170904858289197	107	0.0014572659586018452	47
6060	0.0010180111861162397	329	0.0010394350287843545	107	0.0007545495562224714	50	0.0007676917893599528	329	0.001018470623237549	107	0.0008008970586688888	50	0.0005877716718879441	329	0.0006297981736909974	107	0.0005292382290870447	50	0.0009142666343948733	329	0.0007339018341161386	107	0.0009418961428926051	50
6070	0.0009006960174821458	333	0.0008351868541598812	107	0.0009261650067266379	46	0.0006561828604908137	333	0.0010448416152539321	107	0.0004788776816129851	46	0.00037823025070350533	333	0.0006189722241420862	107	0.00048654503081182717	46	0.0008887727170072547	333	0.0006732170715766559	107	0.0011817057323813072	46
6080	0.0007171290771379351	334	0.0007902472262615522	107	0.0007532580050962	45	0.0007428388011070132	334	0.000953217541942267	107	0.0008406996323925655	45	0.0005215860549253315	334	0.0005446877901664133	107	0.0005317224269086125	45	0.0005993343015025431	334	0.0005991555297584529	107	0.0006861545626115131	45
6090	0.0008579840762345163	328	0.0010209799512301432	107	0.0007706065915674627	51	0.0007257706294035639	328	0.0009378766177782637	107	0.0007268214401066576	51	0.00041654186760767736	328	0.0006237171448345642	107	0.0006044581177353423	51	0.0014694424983541727	328	0.0013425092052588626	107	0.0016285960323127514	51
6100	0.0009247090245657418	333	0.0008946992939888088	107	0.0009349677399514312	46	0.0006208006261327185	333	0.0008361235817268215	107	0.0006797750386441329	46	0.0005123176577091718	333	0.000548522094564763	107	0.0006639512742945825	46	0.0008997340228507809	333	0.0007742506388216814	107	0.0011181987119323034	46
6110	0.0006962184235143902	336	0.0007664902699050806	107	0.0007859096086034478	43	0.000783856802411856	336	0.0009743271814026815	107	0.0006925663248603054	43	0.000629492349025955	336	0.0009010326343939531	107	0.0007756322072727116	43	0.0008108040487878054	336	0.0009306433953351667	107	0.0008025030600748706	43
6120	0.0008280720764171984	331	0.0008550699634668692	107	0.0009112520743123366	48	0.0008194170979963999	331	0.0011457956743176412	107	0.0008745898945802735	48	0.0005656484175968519	331	0.0007223555244848745	107	0.0005109988774836166	48	0.0010368748797808895	331	0.0009985855115577109	107	0.0014956569190794876	48
6130	0.0010042115479861767	326	0.001031888963055114	107	0.0010549792762666618	53	0.0008729943532579423	326	0.0010997348567848273	107	0.0007665325150207983	53	0.000496802018740499	326	0.0008311481307925242	107	0.0005634569611614904	53	0.0009092490805237328	326	0.0009639414311815169	107	0.0010039478467589876	53
6140	0.0010925529656976762	335	0.0011168248298106388	107	0.0010041423314390938	44	0.00075513230538379	335	0.0009343554438562797	107	0.0007492477803903799	44	0.0004911971906454526	335	0.0008175865457603038	107	0.0003782391191472162	44	0.0008300082121423632	335	0.0006920011626801124	107	0.0011205788873174638	44
6150	0.0007893277624567442	336	0.0008372768741468597	107	0.0007820789324876187	43	0.000816391477412829	336	0.0009775848161792955	107	0.0006767538280208537	43	0.0004651604800898157	336	0.000766915156957333	107	0.0005370884332245504	43	0.0009136750830201609	336	0.0005140992186850543	107	0.0008226060009816735	43
6160	0.0009304127487078486	336	0.0009680973941575398	107	0.0011556164048750553	43	0.0006587268786917731	336	0.0009001953843198795	107	0.0005812283800927425	43	0.0004791607085251816	336	0.0005985815033372951	107	0.0005032693145457175	43	0.0009525499419793004	336	0.0008231566096005939	107	0.0009498507761440889	43
6170	0.0008638850257759392	329	0.0009601392897266354	107	0.000905459405262097	50	0.0006430247134123931	329	0.0008744427958551885	107	0.0006387233169638051	50	0.00048202401386759935	329	0.0006809514574614567	107	0.0006641252529097567	50	0.0009922680386895352	329	0.0005520726601293775	107	0.0005793578249445502	50
6180	0.0009584609215597688	327	0.0009289507553024284	107	0.0009753842320734274	52	0.0007496496641723291	327	0.0010206288569248767	107	0.000706248068696787	52	0.0005471787512902521	327	0.0007229812179111497	107	0.0005393522830398906	52	0.0009423864988883746	327	0.0008768772049174938	107	0.0010556477676144293	52
6190	0.0009033505165114206	329	0.00089096700763333	107	0.0007988887451762035	50	0.0007003689163771734	329	0.0009556863339548234	107	0.000662861772926584	50	0.0005334307641779627	329	0.0006114197830287408	107	0.000465775199005715	50	0.0008903575409574474	329	0.0009852223547411195	107	0.001107227011565122	50
6200	0.0008811217528780473	336	0.0012208229653924612	107	0.0008022929772663294	43	0.000614224039487857	336	0.000852029238027546	107	0.0005726173862597258	43	0.0005113982437324469	336	0.0005369295082493874	107	0.00045179959286259855	43	0.0006889583481285653	336	0.0006311581974554005	107	0.0009250895325950362	43
6210	0.0007390119680803324	330	0.0007462934148674034	107	0.0008162437994366867	49	0.0006240969986662871	330	0.00090843341359748	107	0.0006572015838648707	49	0.0004519297539733584	330	0.0006397037488351294	107	0.000383681536488889	49	0.0007802721863554409	330	0.0009278172191642174	107	0.0011712137387757105	49
6220	0.0007313218769672176	337	0.000898080715487616	107	0.0007266072874379072	42	0.0006818004492874771	337	0.001010779775591601	107	0.0007404894593037828	42	0.00042820068697471805	337	0.0004953544922747183	107	0.0005417087726623691	42	0.0007620277746095466	337	0.0008166007550199804	107	0.0014019429475254101	42
6230	0.0008187491659882713	337	0.0009091106647527863	107	0.0009506467787305299	42	0.0007449800986345061	337	0.000897705339439744	107	0.0007495048003301993	42	0.0004563008313308782	337	0.0006082013652252673	107	0.0004871711041219268	42	0.0009457631608908404	337	0.001280156556941848	107	0.0016752960508792925	42
6240	0.0010034987866524019	330	0.0011196439652355306	107	0.001072485360524737	49	0.000736850928537171	330	0.0010214306699635562	107	0.0008773930157784416	49	0.0005026374006038419	330	0.0006307732151918291	107	0.0005111026716068076	49	0.0011170035891393578	330	0.0012878052245857842	107	0.0014012804910208563	49
6250	0.0008764294934338508	332	0.0008525446279334961	107	0.0007753689156115359	47	0.0008527148118025065	332	0.0009948437735760756	107	0.0009827846597424954	47	0.0004190885221464024	332	0.0006879609471245995	107	0.00040724584891774847	47	0.0009241425732860985	332	0.0007488710295473807	107	0.0013972570538989212	47
6260	0.0008489959709643483	329	0.0009078388252986755	107	0.0009237887400466865	50	0.0007057606557264749	329	0.0009455481932579225	107	0.0010121637418223633	50	0.0004583004467959354	329	0.0005683860814217241	107	0.0005018724543470787	50	0.0008133032582995941	329	0.0008242476934443609	107	0.001004512732620815	50
6270	0.0007815905595763247	331	0.0010000246522049749	107	0.000672853173191806	48	0.0007383674789212517	331	0.0010275461327056172	107	0.0007140815041193131	48	0.00047106088267377644	331	0.0005873655667297666	107	0.00048467739716209014	48	0.0007132130938996533	331	0.0007901537457970322	107	0.0006974377190635461	48
6280	0.0008684786016003005	334	0.0009146072466832748	107	0.0009118568590894557	45	0.0006244386369852322	334	0.0009121229919942606	107	0.0007786148270861133	45	0.0004171032299750457	334	0.0006109501862181258	107	0.00042237278475344665	45	0.0008496994241905658	334	0.0009133599112147667	107	0.0009949750601633807	45
6290	0.0009110307724267881	333	0.0008734326973594817	107	0.0009272310173429529	46	0.0006951448906953593	333	0.0010179492388673365	107	0.0006779313550785138	46	0.00047256835194402767	333	0.0006362953692373433	107	0.0005839324386136661	46	0.0007329732121214798	333	0.0008435410861364048	107	0.0007492735407395058	46
6300	0.0009813699540095514	330	0.0009518944412699349	107	0.000984919136193793	49	0.0006964150812484051	330	0.00089504801634011	107	0.0006270090556761456	49	0.0006549629305046246	330	0.000794351616716102	107	0.0005341766480792331	49	0.0006890827892346472	330	0.0006954086274948483	107	0.0007842632554126266	49
6310	0.00091450114817587	333	0.0009543793226113612	107	0.0008721836725117232	46	0.0007199032362488386	333	0.0009769913662483777	107	0.0006239180246423561	46	0.00048241015465237084	333	0.0007179721025396446	107	0.0005361183906159742	46	0.0012457383593474248	333	0.0012253123821299157	107	0.001490346180713057	46
6320	0.0007472858406427644	338	0.0009040324571991405	107	0.0006697627050303087	41	0.0008072611320206135	338	0.0009243226291110985	107	0.0007528944175509972	41	0.0004967097718333097	338	0.000770856806624807	107	0.0005318503059157437	41	0.00100262205614851	338	0.0008217518051996913	107	0.000701820233179258	41
6330	0.0009227461398474872	330	0.0009960531578021492	107	0.0008744423562338815	49	0.0007190019905839197	330	0.0009883781604653574	107	0.00075742275118892	49	0.000590178210086638	330	0.0007232758998313455	107	0.0005615529391198473	49	0.0010242653186690802	330	0.0013929233379406944	107	0.0010690068185599778	49
6340	0.0008465224055080937	338	0.0008528006395002469	107	0.0008410791594400478	41	0.000628423460827638	338	0.0009861464970976849	107	0.0006875087552916698	41	0.00045677771016671396	338	0.0005921442271154912	107	0.0006015717254122493	41	0.0009221497370388031	338	0.000813236993918558	107	0.0007705526960102245	41
6350	0.0007585139238258506	331	0.000778364507965261	107	0.0007666367990262637	48	0.0008089758113268647	331	0.000959457789202003	107	0.000745369566396801	48	0.0005396636677414076	331	0.0006416523347688019	107	0.000558568744858726	48	0.001119629444377717	331	0.0011897995754528972	107	0.0009019832282586999	48
6360	0.0008766894280582299	328	0.0010506452191708505	107	0.0006429302259513397	51	0.0007576565563902352	328	0.001002760585250297	107	0.0008269206366842793	51	0.00042786460306840594	328	0.0005262204899186947	107	0.0005015641596592833	51	0.0012427888147007538	328	0.0008562504977676473	107	0.0014632191453110876	51
6370	0.0008908507888967037	331	0.0010586841981135506	107	0.0007388975146134878	48	0.0007223665079081959	331	0.0009757198590984345	107	0.0007216434467221786	48	0.0004351565031078345	331	0.0004673125762644316	107	0.0004376509285192154	48	0.0007358347625819666	331	0.0007758024188608679	107	0.0008730378083021808	48
6380	0.0008669673524218561	335	0.0009101252789048155	107	0.0008197065292919924	44	0.0006894485281798996	335	0.0009072872287653943	107	0.0006804106157089241	44	0.0006221572035613759	335	0.0006710473929453788	107	0.0005207995350868083	44	0.000802293524940534	335	0.0009577800756974139	107	0.0012731375345836854	44
6390	0.0007934142559778849	335	0.0008509804324935224	107	0.0007469610565030624	44	0.0007290312010534951	335	0.0009910673639509952	107	0.0009100748542877786	44	0.0005032985150647599	335	0.0006049852394725267	107	0.000524662606809125	44	0.0008251898213493584	335	0.0007106241620742558	107	0.0012858060887228407	44
6400	0.0006980874368282042	333	0.0007944119870542261	107	0.0006498548449849604	46	0.0006365323791228196	333	0.0009307710077479755	107	0.0005907921794709464	46	0.0005214291354777875	333	0.0005984956245760773	107	0.0005893516700918161	46	0.001166318117134783	333	0.0009543634553606267	107	0.0012925010803496158	46
6410	0.0008698337606031665	331	0.0009259336812250338	107	0.0008662288403413347	48	0.0007177935043867031	331	0.0010022409396430682	107	0.0008423874823692317	48	0.0004042534233944491	331	0.0005547148265495738	107	0.00039444174658838106	48	0.0012566575160429282	331	0.0013514138412703152	107	0.0015078678425429464	48
6420	0.0007500342568282331	328	0.00080995493107035	107	0.0008430714578767871	51	0.0008696262402249974	328	0.0011350706324911458	107	0.0008658343245612807	51	0.0005965301091862586	328	0.0007637363331068619	107	0.0005406709118021043	51	0.0007191866519351582	328	0.0008828143466425463	107	0.0006859181232604736	51
6430	0.0009543835891455843	334	0.001052223900775184	107	0.0011560424479743403	45	0.0007258022765158993	334	0.0009182560855360223	107	0.0007467769399136709	45	0.0005385582550470554	334	0.0006694245482577949	107	0.0004773614293216091	45	0.0010722370377252244	334	0.0009782581670803334	107	0.001243717452742452	45
6440	0.0009245042050710262	334	0.0010128052728491028	107	0.000959077619507153	45	0.000718068385699083	334	0.0008806348484444639	107	0.0006736144863052523	45	0.0004709286190213397	334	0.000626157998581119	107	0.0005085052742475124	45	0.0008887393282794986	334	0.000786629635414045	107	0.0009693346939773627	45
6450	0.000820750326687889	328	0.0008470990699776353	107	0.0009123023819076741	51	0.0006896527554211878	328	0.0008836409756113644	107	0.0006858026502015878	51	0.0004086065938889665	328	0.0006590496402623063	107	0.0004585552349372686	51	0.0009931969001187528	328	0.0005324193279937321	107	0.0009379500740427103	51
6460	0.0006487035329965789	331	0.0007837821777760422	107	0.0006998450804597741	48	0.0006164170495428529	331	0.0009486771164659124	107	0.0007308279143199547	48	0.0004521169477757737	331	0.0006057011798843237	107	0.00036113796107278286	48	0.0012219961329299968	331	0.0007133852482088613	107	0.0007388543709151489	48
6470	0.0008267991528806489	334	0.0008039473714156307	106	0.0006187699201135362	46	0.0007043047599931782	334	0.0010665334318258727	106	0.0005844274149994388	46	0.0004813757850515826	334	0.0005920366465785317	106	0.00048617362642635177	46	0.0008927596691522541	334	0.000742473866770061	106	0.0007312255537490328	46
6480	0.0008717962699048241	331	0.0009415499369566921	106	0.0007914708379339531	49	0.000651432887721761	331	0.0009756291654706259	106	0.0005238134049851247	49	0.0004407034324427186	331	0.0005611616481428629	106	0.0005694027521488642	49	0.000853207962517325	331	0.0008892915184646023	106	0.0008125760701782036	49
6490	0.000734991790801093	337	0.0007486723756489384	107	0.0007775033552915993	42	0.0006757272810416516	337	0.0008883592143547985	107	0.0006834371237667399	42	0.0004453535427386447	337	0.0006934018525999516	107	0.00033593955357197135	42	0.0008450821987315006	337	0.0008447623563590491	107	0.0006429394356279047	42
6500	0.0008025517940532458	342	0.0009046008236309436	107	0.0007009937968216867	37	0.0007203079012004044	342	0.0008785336213583921	107	0.0007019036927445519	37	0.0005196517282887094	342	0.0006256937265960809	107	0.00037510678645632855	37	0.0008233489982011062	342	0.0007372543702895027	107	0.0010341498358840838	37
6510	0.0007868122203561588	331	0.000874582143964653	107	0.0008472514617120357	48	0.0006414019370532076	331	0.0008464498304206011	107	0.0005771824929218719	48	0.0004159487134766192	331	0.0005280137508695659	107	0.0004894356613309546	48	0.0009244355106365564	331	0.0008436718291956021	107	0.0010697122814287766	48
6520	0.0008238284579000048	335	0.0009158838011253832	107	0.0008975296277170464	44	0.0007114717317596237	335	0.000996326636753514	107	0.0006407207521282358	44	0.0004493923458495909	335	0.0005747101188530178	107	0.0005213872546075232	44	0.0009474393106051321	335	0.0009255082266787897	107	0.0006762827428682512	44
6530	0.0009080710717645544	332	0.0010348945888216886	107	0.0008312972325093096	47	0.0006556581151034957	332	0.0008936176394806138	107	0.0006642531070030644	47	0.0005397489234287988	332	0.0006085377257762952	107	0.0004935890450730891	47	0.0004410020808651545	332	0.0006103537719270676	107	0.0006023773308928066	47
6540	0.0008976744928262546	335	0.0011713197410754962	107	0.000947795365524952	44	0.0007446304872792545	335	0.0009829843587266579	107	0.00068034677785777	44	0.0005379191027940041	335	0.000659758065283683	107	0.00045606515763053256	44	0.0015491314267695453	335	0.001335001425168984	107	0.0017279454704079704	44
6550	0.0006969065997162768	335	0.000801390110329603	107	0.0006827051868104734	44	0.0006598395541740849	335	0.0008705195108103062	107	0.0006760590240036046	44	0.0004393717841936476	335	0.0006182075504543209	107	0.00037650591062666827	44	0.0007376700499545132	335	0.0008228412984823047	107	0.000745948634778039	44
6560	0.0006954644623504839	338	0.0008237322237341252	106	0.0006139111587591719	42	0.0006514077366545048	338	0.0009170000931028122	106	0.0007248938437539843	42	0.0005259900585198276	338	0.0005801089535781774	106	0.000590249120959463	42	0.0008034750368722317	338	0.0009898483467587586	106	0.0007557155557550814	42
6570	0.0008098384880050912	336	0.0010121345476519874	107	0.0006521805617713671	43	0.0006634972994191065	336	0.0009622686967751757	107	0.0006646384177611901	43	0.00044126848121068635	336	0.0005902025341092656	107	0.00047842160255936187	43	0.0006378523302035564	336	0.0005852811769649441	107	0.0007154272313633983	43
6580	0.000767358381322763	336	0.0007453475754576066	107	0.0007753639984263826	43	0.0006095176556333549	336	0.0008200195966713609	107	0.0006040136013030081	43	0.0004869083445368113	336	0.0005832089878051541	107	0.0004155621274777426	43	0.0010344293077299966	336	0.000956951065465243	107	0.0008236496851780941	43
6590	0.000853299992311969	338	0.0009187125138254858	107	0.0007183542897371626	41	0.0006473737758766384	338	0.0010551704876072066	107	0.00048535920762210726	41	0.000393928709854002	338	0.0004561321552003856	107	0.0003814231103783989	41	0.000762873407417839	338	0.000861377011301854	107	0.0007488851790935308	41
6600	0.0008068184351795145	341	0.0008445603994647809	107	0.0007714764017932405	38	0.0007075599542784259	341	0.0009314401627852915	107	0.0007210990223374892	38	0.00046513398050999856	341	0.0006906569256064101	107	0.0004913359950378123	38	0.0008157578896341981	341	0.0006770254340098536	107	0.0011199906694571464	38
6610	0.0008929882637798129	335	0.0010588234964395934	107	0.0007714094911225925	44	0.000746898259200643	335	0.0009977597538354086	107	0.0007214152651286287	44	0.00044444468630133174	335	0.0006164129306605968	107	0.0006653120195398108	44	0.0008090715156139453	335	0.001011381901804739	107	0.0011424136788403137	44
6620	0.000842837723975069	330	0.001002639372354891	107	0.0009407907121214116	49	0.0007091854376543563	330	0.0010462662952289183	107	0.0006968373137826338	49	0.0004480922834851675	330	0.0005695176976613809	107	0.0004427210538338062	49	0.001305135169922038	330	0.0012485359436977318	107	0.0007217141408223085	49
6630	0.0009099082899376433	337	0.0009602312432604621	107	0.0007804071626066692	42	0.0005998330682796034	337	0.0008517760788591784	107	0.0007194980713570003	42	0.0005135296276134911	337	0.0006927227268608225	107	0.0004567656662335827	42	0.001092295349924819	337	0.0012517408673614573	107	0.0011260120631394694	42
6640	0.0009340830236751841	335	0.0009940550292830562	107	0.0007693800404045911	44	0.0006000766872767178	335	0.0008311799180062548	107	0.0008226452260779701	44	0.0003179503157947115	335	0.0005533147110750246	107	0.00031247192338507027	44	0.0009517730761343236	335	0.0009578290531312963	107	0.0008537239346502035	44
6650	0.0007705212667013297	328	0.0008788426184526344	107	0.0007994168940344661	51	0.0006590453108186065	328	0.0008479760612993278	107	0.0005738146766311214	51	0.0003632168294228373	328	0.0005502137682928489	107	0.00045256882806022904	51	0.0009725608969632833	328	0.0006949080084365002	107	0.0008167589400328567	51
6660	0.000614673215878857	331	0.0007120959546615026	107	0.00059663523730349	48	0.0006851976135951007	331	0.0009728275959526714	107	0.0007069732574269639	48	0.00040926393925856143	331	0.0005153347337056225	107	0.0003400712675379145	48	0.000792933307031894	331	0.0006188006695194275	107	0.0006078255726586459	48
6670	0.000905441287309342	334	0.0010564145468990808	107	0.0008014243075483543	45	0.0006598290173818403	334	0.0010454135304417038	107	0.0005946401835141245	45	0.0003905194889874713	334	0.0006308691481795204	107	0.0005154659418404623	45	0.0008594447967673358	334	0.0008149681041856348	107	0.00099282951486554	45
6680	0.0007330952869657227	342	0.0007903247551159071	107	0.0007828588277992825	37	0.0006492894467312287	342	0.0009483486827310581	107	0.0006180848527214742	37	0.0005535224238243222	342	0.000599811122697831	107	0.00037405324393580667	37	0.0006417403387044433	342	0.0006155938286527585	107	0.0007351406454754334	37
6690	0.0009218841278384969	341	0.0009108719755920082	107	0.0009053591363830014	38	0.0007343747222832971	341	0.0009712008234329279	107	0.0006270368193969188	38	0.000463578833539251	341	0.0005540549743686808	107	0.0004010978705915932	38	0.0009616543609498147	341	0.0006967178795633716	107	0.0007973030109447174	38
6700	0.0008728876566148391	338	0.0010397922957152595	107	0.0007756175267068534	41	0.0006685492960289979	338	0.0010203569047598552	107	0.0006881292236574001	41	0.0005579917684164721	338	0.0006349903565255535	107	0.000594456106877603	41	0.0006088357389600404	338	0.0006079645160287501	107	0.0006930017989150765	41
6710	0.0007840060261492947	342	0.0009647089564205822	107	0.0007342092413896914	37	0.0006337637983010507	342	0.0010225858472360954	107	0.0006278125464693476	37	0.00034232246186495876	342	0.0005243575441533347	107	0.00040140097048331854	37	0.0007697217372029294	342	0.0008914822346840056	107	0.0012362424207131959	37
6720	0.0008824741089009335	333	0.0011648472220053285	107	0.0007813049950571524	46	0.0007929490773295416	333	0.0010057550128214703	107	0.0006955531907689037	46	0.0005228428173531823	333	0.0006665225903633667	107	0.0005112993110899467	46	0.0009423473494665226	333	0.0009000459031483349	107	0.0007230363088372848	46
6730	0.001005605049373194	336	0.0010381775710251405	107	0.0009227064336377462	43	0.000770685796313885	336	0.0010868926773105452	107	0.0008007495980996102	43	0.0005003757012328745	336	0.0005578491590045253	107	0.0004340627728382931	43	0.0009481578763349613	336	0.00072786730554521	107	0.0012030395523636105	43
6740	0.0007872662431771663	336	0.0008604604860033934	107	0.0007001821400728498	43	0.0006409402254671669	336	0.0009797609540648155	107	0.0007823951730553749	43	0.0004954317515640702	336	0.0005369021877421532	107	0.0004924510700428096	43	0.0006598259952721204	336	0.000784866460989931	107	0.0011035210788929888	43
6750	0.000817566111802606	338	0.0008630370118976664	107	0.0008195491312583964	41	0.00078008681885809	338	0.0010243419325919358	107	0.0006127307082769107	41	0.000487129812742864	338	0.0005424871798965198	107	0.0004507843345630335	41	0.001092168853848453	338	0.0010766428753502394	107	0.0009318872902729958	41
6760	0.000944493022986758	330	0.0010234498338443825	107	0.0009793869973516748	49	0.0008169483203957156	330	0.0009871819590674253	107	0.0007844435747999164	49	0.0005225780182459307	330	0.0006206451519554888	107	0.0005756674224777289	49	0.0009654731989000558	330	0.0010752307059946893	107	0.0009646289833702359	49
6770	0.0008357459819598848	333	0.0008337327840259916	107	0.0007985778897890628	46	0.0006198709465418963	333	0.0009002956462412185	107	0.0006948504670768933	46	0.0004337928952640293	333	0.0005385814593059962	107	0.0004894336992528546	46	0.0009213924398145543	333	0.0010180613359529907	107	0.0007768122109188279	46
6780	0.0007060136178536389	340	0.0007388117584604366	107	0.0006905997253422892	39	0.000707543875647459	340	0.0011241245202997944	107	0.000635203301513246	39	0.0004086166587300103	340	0.0006380782095824362	107	0.0004888015735851203	39	0.001080994524063923	340	0.001304601952414727	107	0.0012735195217856903	39
6790	0.0008276508643906616	336	0.0008584003589412169	107	0.0008316864337963723	43	0.0007518075312130889	336	0.0010691744363454656	107	0.0007530601134787355	43	0.0005506591211483552	336	0.0005825158050824166	107	0.0004433467936971086	43	0.0008540022335094511	336	0.000819339018089656	107	0.0008550894295973115	43
6800	0.0008312318318632852	334	0.0008856875024946056	107	0.0008112439482312401	45	0.0005957772934876656	334	0.0010638445815276743	107	0.0005248439423294338	45	0.0004917703626608756	334	0.000665516459914629	107	0.0005512778065877533	45	0.000996912369177738	334	0.001217752221550646	107	0.0009167592456340952	45
6810	0.0008698795694469119	333	0.0009801628983211151	106	0.000872912571152845	47	0.0006125877284883324	333	0.0007953040942908743	106	0.000652787717220929	47	0.00047433711099665574	333	0.0006186573628610467	106	0.00042674321271015574	47	0.0005919674456830543	333	0.0005913497760442822	106	0.0006375882270398976	47
6820	0.0007208453344021451	333	0.0007819244582840119	107	0.0007376076685735905	46	0.0007308985621685241	333	0.0009491935349726613	107	0.0006546079608665823	46	0.0004428464364480819	333	0.0006384553852788966	107	0.0004365554997307742	46	0.0007075128417812197	333	0.0006851140934699782	107	0.0004920744771624363	46
6830	0.0008920067150268038	335	0.001078364377508413	107	0.0008975841596859736	44	0.0006581395619974217	335	0.0009774166099552133	107	0.0007559585494738247	44	0.0004705333228094288	335	0.0006306090140586938	107	0.0004906310601668274	44	0.0007084453140292292	335	0.0007354712302686223	107	0.0005641075844876228	44
6840	0.0006665256812521454	335	0.0007383526940209314	107	0.0006960202869215948	44	0.000715863657264979	335	0.0008588548269498671	107	0.0006982316233367033	44	0.0005402335637776661	335	0.0007053508024712846	107	0.0005517376478697069	44	0.0007710651505998777	335	0.0007344947875943043	107	0.0008669378649176922	44
6850	0.0010536465861785249	335	0.0010120987132559891	107	0.0010578913341402188	44	0.0007768826918912543	335	0.0009590173791952783	107	0.0007469708887441578	44	0.00042349740638383896	335	0.0006256283359515334	107	0.0004428353094647409	44	0.0011218585362052942	335	0.0008217490085408377	107	0.0013514488089690247	44
6860	0.0007895293052908701	330	0.0008348087151639879	107	0.0007442187368804278	49	0.0008154945582751888	330	0.0012179807858287881	107	0.0008022165743318496	49	0.0006290446745744669	330	0.0008203175259524936	107	0.00063466962928045	49	0.0012699907420936987	330	0.0010895043550097781	107	0.001305475929786796	49
6870	0.0008078839553025551	329	0.0009081927451290923	107	0.0008975525907403285	50	0.0007579391665526649	329	0.0008617620230694765	107	0.0007180601352607169	50	0.000551417653104722	329	0.0005810668594689428	107	0.0005251942704237333	50	0.0010143333616229604	329	0.0010460261294648076	107	0.0010169752078635975	50
6880	0.0007415410218174	336	0.0008481010384896327	107	0.0007684445982538433	43	0.0005735525794217046	336	0.0007846371037973903	107	0.0005978642925251467	43	0.0003981508832216717	336	0.0005612962848109665	107	0.00040667361372000757	43	0.0007533390779973425	336	0.000842479279298501	107	0.0007909734695606582	43
6890	0.0007532910546233463	334	0.0008144705619665403	107	0.0008217248298280599	45	0.000654250894516242	334	0.0010020724791086385	107	0.0007822813575804049	45	0.0004603562343450177	334	0.0006408729045625155	107	0.0006130160301967444	45	0.0009826138675023948	334	0.001229253482196066	107	0.0012288999249277558	45
6900	0.0007840227146568973	333	0.0008520024905836379	107	0.0007493063331725937	46	0.0006709707946892144	333	0.0009110167049362143	107	0.0007716879908660979	46	0.0004642014156073236	333	0.0005874927241908278	107	0.0004377576763286922	46	0.0007338557200096194	333	0.0007506564779209559	107	0.002282452386825988	46
6910	0.0007261710535017045	340	0.001133507785239955	107	0.0005949562969845431	39	0.0007187572572656314	340	0.0009746725472169072	107	0.0008912352500543227	39	0.00039028284965256525	340	0.0006102376719246798	107	0.0003999554378278539	39	0.0008709854205717946	340	0.0008401290856927144	107	0.0008370426125899716	39
6920	0.0009356165799783485	335	0.0009539220372734588	107	0.0009718692788689416	44	0.0006931259103105876	335	0.0009341314396038111	107	0.0006690932348426052	44	0.0005655206801563882	335	0.0006795331533050741	107	0.0005296433894655229	44	0.0006929346648575696	335	0.0006811612650178045	107	0.0007947540391288169	44
6930	0.0008261856143812261	335	0.0008236273062741317	107	0.0009230456665749031	44	0.000691040921575336	335	0.0009551562195912521	107	0.0006521783186676133	44	0.0004572853295144583	335	0.0005330516327581388	107	0.00035817349678282656	44	0.0008529325782998002	335	0.0009979618415778978	107	0.0008600254847645805	44
6940	0.0009998765689166376	333	0.0013489727801574744	107	0.0010539667814685736	46	0.000820741818099949	333	0.001061986941495112	107	0.0008336196572444167	46	0.0004338500641614485	333	0.0005852698526742035	107	0.0005037117671355378	46	0.0008020397179050873	333	0.0009043106250135805	107	0.0010835834855116126	46
6950	0.0007247023703149508	336	0.000833014203458452	107	0.0007851742495921636	43	0.0006548094011362055	336	0.0009697487250547296	107	0.0010046960749539172	43	0.0004840775389908161	336	0.0006058519308342217	107	0.0005139622387124555	43	0.0007197584914038529	336	0.0006382902861280265	107	0.0008934637339709558	43
6960	0.0009531687880438051	332	0.0012261894442123053	107	0.0008641568678831889	47	0.000665171264872173	332	0.0010925073085087905	107	0.000699125227294173	47	0.0003973759524526706	332	0.0005327657868101762	107	0.00048150352847234405	47	0.0009866485783154072	332	0.0008640002743390828	107	0.0009185361012028781	47
6970	0.0007371118949365414	336	0.0007419855384542751	107	0.0008290332316944433	43	0.0006795802583482752	336	0.0009461558643788754	107	0.0006978590582707871	43	0.0004632337658119698	336	0.000502412252317962	107	0.0004913884750710282	43	0.0008663059978486335	336	0.0007761541492287683	107	0.000806336029997449	43
6980	0.0008759794585650972	335	0.0009192298648392098	107	0.0008771063823923947	44	0.0006081093536973761	335	0.0008635255523800699	107	0.0006114986769786147	44	0.000463333942152374	335	0.0006340315740719606	107	0.00046145509391149267	44	0.0009148118883196213	335	0.0010881969641898576	107	0.0008124817155647983	44
6990	0.0007592271252648297	334	0.0008027034017480776	107	0.0007717930880829482	45	0.0006577020931311291	334	0.0008940042169463878	107	0.0005810405186537645	45	0.00041185422108983916	334	0.0005293196682763154	107	0.0003844055462515425	45	0.0008042226160706351	334	0.0008412954332640307	107	0.000876198942749389	45
7000	0.0010213024227332436	330	0.0010659617949188409	107	0.0010475279221446678	49	0.000657474509783416	330	0.0008415332632358848	107	0.0007168586931137675	49	0.0004289735975676394	330	0.0005554662061589424	107	0.00041244772132142027	49	0.0012597834966685641	330	0.0009908581673254747	107	0.0009935492047759044	49
7010	0.0008938115864022844	335	0.0009358093112049736	107	0.0008661538927834061	44	0.0007842790679161087	335	0.0009746301206630068	107	0.0005943344672208772	44	0.0004991848496276749	335	0.0006059635190036618	107	0.00046215331209770383	44	0.0006311010992373231	335	0.0007313581630218672	107	0.0007624007033406259	44
7020	0.0006860037158091029	335	0.0007639030092553486	107	0.0006765034616918461	44	0.0006283513971937189	335	0.0008688860764263485	107	0.00068659935956638	44	0.00039577337133228245	335	0.0005831930325704621	107	0.00041851555514022475	44	0.001062645486765363	335	0.0008886712240659074	107	0.0011101664077602191	44
7030	0.0009177263223087189	331	0.0008925230056156232	107	0.0008678054092779091	48	0.000643569447933939	331	0.0009456637679005904	107	0.0006860420446043671	48	0.00044457826678255	331	0.000537621190048506	107	0.0004528155606936967	48	0.0010960587272616476	331	0.001091756055079076	107	0.001292023117120009	48
7040	0.0010751678719325814	330	0.0010523230585991927	107	0.001124318868069186	49	0.0006187353209313625	330	0.0011243886357548405	107	0.0007694982086343158	49	0.0003556448093235671	330	0.0005653534291190927	107	0.000407313134413068	49	0.0009350966724512928	330	0.0009080314095562184	107	0.001097159599488363	49
7050	0.0008798177374035287	333	0.0011220527523342716	107	0.0009730131962457584	46	0.000683657305074401	333	0.0009251326474328223	107	0.0006765154421723952	46	0.0004930370830572661	333	0.0006196948207546779	107	0.0005505279499537085	46	0.0008988793499778541	333	0.0007627250457356841	107	0.0011350338272448424	46
7060	0.0008132526710106969	333	0.0008160855443433257	107	0.0007883352105515591	46	0.0006381329233196459	333	0.0009591812935462646	107	0.0007345705259380774	46	0.0004575975813390689	333	0.0005342090950316681	107	0.00043757346548673766	46	0.0012523708100020817	333	0.0008667267307726333	107	0.0016123836859511622	46
7070	0.0009613879494969475	331	0.0011231026755200585	107	0.0009235235400834687	48	0.0006607558295800732	331	0.0010109046924690044	107	0.000721913526477591	48	0.0005039405305262184	331	0.0005809759943880605	107	0.0004418903379977709	48	0.0004037609425691538	331	0.0003794971807643856	107	0.00032065460479710923	48
7080	0.0007411636925556047	334	0.0007402406657799165	107	0.0007997932253711068	45	0.000628669591390717	334	0.0009541038106600798	107	0.0006776228165261295	45	0.00038704519369913196	334	0.0007468099946746468	107	0.0004455015900687335	45	0.0005700062482718249	334	0.0005585246811791176	107	0.0005889006348993377	45
7090	0.0008333212538668151	337	0.0009374146807745031	107	0.0008366050100574783	42	0.0008438991697986917	337	0.001043791971607584	107	0.0006866369393827373	42	0.0004484342462050623	337	0.0005005112249096359	107	0.0005827365312417218	42	0.0009695040477265031	337	0.0009657317069561082	107	0.0010233675948290747	42
7100	0.0006846626200197376	336	0.000812167286579132	107	0.0007939934187261601	43	0.000544789182343631	336	0.0009567627787099778	107	0.0006068492614795917	43	0.00042004188451278307	336	0.0004675099764996082	107	0.00042239409889700537	43	0.0008215068932933247	336	0.0007426548019928919	107	0.0012414282680620972	43
7110	0.000747242570658966	329	0.0008324779192462182	107	0.0007496468853774225	50	0.0006066296382107842	329	0.0009308456334035487	107	0.000539875854677714	50	0.00043196775379408196	329	0.0005866453803342663	107	0.0005321173967537221	50	0.000745478623300186	329	0.0008313306612585936	107	0.000832241389875866	50
7120	0.0008990153943950328	330	0.0009592092557695663	107	0.0008814438437144619	49	0.0006816654503037401	330	0.0010259068365127168	107	0.0008345605497176735	49	0.00040646810160756736	330	0.0005498412745150162	107	0.00046379542752995786	49	0.0008720598880651131	330	0.0006903016180909192	107	0.0012646601759349538	49
7130	0.0010267917152098265	326	0.0010746574004827638	107	0.0009087906355801845	53	0.0008658206565305965	326	0.0009831817990942635	107	0.0009109563136018595	53	0.000562988141179276	326	0.0006286750284927564	107	0.00048060447385986463	53	0.0006734855799138323	326	0.0007164037396448047	107	0.0008184009607930977	53
7140	0.0009608720540613298	330	0.0009415029382879939	107	0.0009726457272390609	49	0.00086457900280692	330	0.0011241217948695275	107	0.0008126206662570105	49	0.0005033973121159518	330	0.0006815432046762679	107	0.0005693274640688686	49	0.0012954730171254156	330	0.0010254847623926927	107	0.001312015985922796	49
7150	0.0008891308300782212	340	0.0008815384238531732	107	0.0008183010139867358	39	0.0006699661765660226	340	0.0009089313324370437	107	0.0006576477956641661	39	0.0005152605260124707	340	0.0007158004459980823	107	0.0005083626092533789	39	0.0007443827508968284	340	0.0007128857675369909	107	0.001054874009113254	39
7160	0.0008085715196083682	330	0.0008448787059282654	107	0.0008290669272902443	49	0.0007293594102633062	330	0.0009888585011673004	107	0.0007336272851241004	49	0.0004573029870240206	330	0.000584505402607079	107	0.0004513364275423791	49	0.0008479585163316776	330	0.0009960748864231363	107	0.0010309364272067414	49
7170	0.0008323390766319602	325	0.0008270671451207748	107	0.0008271333664960682	54	0.0007697079583255763	325	0.0011297574023863674	107	0.0007465827425214413	54	0.0005910734326998859	325	0.0006356923642610783	107	0.0005882866356505401	54	0.0008630462797158202	325	0.0008512831923565019	107	0.0015921649464747858	54
7180	0.0006231366422921131	335	0.000789578656881837	107	0.0008060909133931125	44	0.0006469636885841772	335	0.0009848730441705542	107	0.0005804960939999654	44	0.0004320516568591367	335	0.0005640956423747326	107	0.0005138167899467554	44	0.0006180455089237519	335	0.0006873657697213363	107	0.0009847114673844327	44
7190	0.0009522488978082479	333	0.0010394559938731185	107	0.0010795802138422895	46	0.0007096891990339009	333	0.0009620979287730557	107	0.0005942584868958539	46	0.0004506115766518989	333	0.0005899211489399375	107	0.000520766258643195	46	0.0006341767796330402	333	0.0006671679912340808	107	0.0006123627565041025	46
7200	0.0007538302013959299	335	0.0008399513725868019	107	0.000726240099875285	44	0.0006905303013618762	335	0.001060230409475425	107	0.0005536383656266999	44	0.00042372563842060475	335	0.0005755561599054399	107	0.0005691189229781345	44	0.0007902672377858408	335	0.000858952901487617	107	0.0008484716322322793	44
7210	0.0009539015024632793	333	0.001013994452291446	107	0.0009895017626951742	46	0.0007243856829116284	333	0.0009128150381766343	107	0.0008365302979666172	46	0.0005035082133902782	333	0.0005728457892699462	107	0.00037170020934554056	46	0.0013235137757306155	333	0.0014669890723260969	107	0.0019454912781232475	46
7220	0.001158271010841933	335	0.0012903436733332461	107	0.001147748607033418	44	0.0008405510208904878	335	0.0010404817610609818	107	0.0008884833285302435	44	0.0005744548315106357	335	0.0006467163431173067	107	0.0005729523555914411	44	0.000893621617286214	335	0.001288405893167428	107	0.0012160611420476064	44
7230	0.001125318485508402	330	0.0011405886569896692	107	0.001133438546841631	49	0.000891347782869757	330	0.001109613115462422	107	0.0006991332586935025	49	0.0005794092092354969	330	0.0006708132811025654	107	0.0005399890851494122	49	0.001100512251332635	330	0.000695815189430383	107	0.0010258322239449153	49
7240	0.0007941801403977451	326	0.0009359796233280087	107	0.000759630297235976	53	0.0007046457386697074	326	0.0009077848345309383	107	0.0005695931411736972	53	0.0004617205354092159	326	0.0006404848481828223	107	0.0003687505399895781	53	0.0015484735691405575	326	0.0009591180905911921	107	0.0011173230066970235	53
7250	0.0010205681243190274	331	0.0011035984228580556	107	0.0009327625587619683	48	0.0007669971366261923	331	0.001000682673614427	107	0.0007678737381840617	48	0.000569911842636709	331	0.0007866930749786306	107	0.0005263019825409693	48	0.0009101248313852752	331	0.0009086765398023165	107	0.0007754341931217604	48
7260	0.0007810772924877757	331	0.0007809534104405579	107	0.0007561292310041891	48	0.0006928871662183395	331	0.001055856441601505	107	0.0007865666223306169	48	0.0005476063364953369	331	0.0006374746783877226	107	0.000526279383197499	48	0.0006929656534273526	331	0.0006089447563696695	107	0.0005883053960823221	48
7270	0.0008262332700259746	331	0.0010327861119424717	107	0.0010615924686957201	48	0.0008058756710078118	331	0.001031845063336736	107	0.0009200995802604123	48	0.0004765289365241604	331	0.0006212076770061466	107	0.00046474303534998427	48	0.000971884239044679	331	0.001428401981513707	107	0.0014888289290263994	48
7280	0.0009191674123805834	331	0.0009103766396838435	107	0.0009282583865015698	48	0.0007047739998667943	331	0.0009828899404992577	107	0.0006624884767181975	48	0.0003841874657335275	331	0.0006955850007797353	107	0.00046412870486342805	48	0.0009122460342378526	331	0.0009622418069923648	107	0.0012871126796306788	48
7290	0.0009390295931362335	327	0.0009317249846196107	107	0.0009822508938049002	52	0.0007132575350531994	327	0.0009735562193940527	107	0.0007281617423399567	52	0.0005157932959416915	327	0.0006148551511857285	107	0.000474541593527778	52	0.0006953652542074219	327	0.0007681245160506293	107	0.000674791455311559	52
7300	0.0008062817946842943	332	0.0008494450869974301	107	0.000744786046908049	47	0.0006245838552988504	332	0.0009196352505032777	107	0.0005605736434467923	47	0.00044082407811501845	332	0.0006235760154055294	107	0.0005528457009967825	47	0.0006749550829207081	332	0.0006859329052360276	107	0.0010205118146912888	47
7310	0.0009895636432353616	330	0.0010689778574248506	107	0.0006977138477257649	49	0.0006338627665682152	330	0.0009074562996587494	107	0.0005580178896716853	49	0.00044387003058194666	330	0.0005777426376115277	107	0.0004913207465605937	49	0.0008302373299888658	330	0.0007816508683528108	107	0.0008995815180665761	49
7320	0.0007758328681102584	335	0.0008277836353846553	107	0.0006283059160464917	44	0.0006072063481290406	335	0.0008768982618159799	107	0.0006855907928851406	44	0.00034921764737021936	335	0.000514894182589522	107	0.0004918407446231312	44	0.0007408279093865207	335	0.0006818584553984027	107	0.0008580753536132947	44
7330	0.0007322146753357011	331	0.0008896082582712862	107	0.0005852586954583717	48	0.0005624041379934581	331	0.0008526025046590922	107	0.0005546138933685051	48	0.0004369704167358108	331	0.0005991224821198675	107	0.00041775569981014935	48	0.0007540836195484124	331	0.0008530081621731635	107	0.0008744386054830416	48
7340	0.000863157279651794	336	0.001109197451563387	107	0.0009826070549931395	43	0.0007031305201010172	336	0.0009465969509272377	107	0.00073989595372119	43	0.0004936904408733395	336	0.0006025671550736102	107	0.0004276058354573373	43	0.001067665352442577	336	0.0009332548105527488	107	0.0008906832176325749	43
7350	0.0009970488287612696	334	0.0010000925720537912	107	0.000868207410071611	45	0.0006006477529076192	334	0.0008969834730470703	107	0.0006520624673863269	45	0.00047422195091913617	334	0.0006452183128928587	107	0.00041272020869365843	45	0.0006097569180504764	334	0.0005840092123114882	107	0.0008161467000718764	45
7360	0.0008743016978824529	327	0.0008753179943621933	107	0.000712529422568103	52	0.0006292232327409698	327	0.0008639939674665145	107	0.0006839821248779648	52	0.00036456532548396684	327	0.0006127361618790784	107	0.0003672951682635419	52	0.0010684512621237628	327	0.0009686806869829826	107	0.001134503740451512	52
7370	0.0007722693303118795	331	0.0008246719206434155	107	0.0007157314352171785	48	0.0007127982898279484	331	0.0009891109290404206	107	0.000799215760210964	48	0.0005469127411952255	331	0.0006271510692905421	107	0.0005241521550966929	48	0.0008201000643100182	331	0.000930437132093	107	0.0010327290516805856	48
7380	0.0007935624942546581	330	0.0008674308416907407	107	0.0008126141137695429	49	0.0007545364629543994	330	0.0009425758700902624	107	0.0007617163047633514	49	0.0004531459724600667	330	0.0005664732907127466	107	0.0005154168052335747	49	0.001166579742581751	330	0.0010866960761493417	107	0.0010567247606151971	49
7390	0.0007062194888939547	333	0.0008263233874247283	107	0.0007403908651285876	46	0.0006652066816353967	333	0.0009454333424942678	107	0.0006673919287094382	46	0.00037301067049543864	333	0.0004817771490873511	107	0.0003403740081082841	46	0.0010170074791049635	333	0.0008802883743147441	107	0.0008862130755891089	46
7400	0.0008437823910315185	332	0.0008378073635248456	107	0.0008858359141412634	47	0.0007087610231562936	332	0.0009093270587451464	107	0.0005517267635335479	47	0.0004600755079176178	332	0.0006548706403910244	107	0.0004412648371279548	47	0.0007331241805763576	332	0.0008486795861565058	107	0.0011087169093074555	47
7410	0.0007388698811803935	336	0.0009281243120480212	107	0.0008010305165385248	43	0.0006613884499149374	336	0.0010020295288908356	107	0.00075674349628129	43	0.0004450587660481882	336	0.0005982438396311283	107	0.0005336722313102796	43	0.0007889782429534915	336	0.0008648095781612328	107	0.0007772812400329463	43
7420	0.0007142694709206706	330	0.0008073921912514446	107	0.0007777275528594337	49	0.0005979281282964238	330	0.0011157619611133064	107	0.0006573559102745993	49	0.0005161057759289491	330	0.0006435599615287066	107	0.0004337889535004351	49	0.0008205051723978698	330	0.0013498033846292084	107	0.001010091491151189	49
7430	0.0009882229622286442	334	0.001018939556501535	107	0.001027500003614909	45	0.0007510848887874829	334	0.0010607157468914806	107	0.0006923314248805295	45	0.00048370439598337164	334	0.0006489323367557085	107	0.0005635397502267003	45	0.0009304146295537596	334	0.0009655491576098078	107	0.0011779102371326795	45
7440	0.0008347327691995462	335	0.0008268077134376678	107	0.0007117855533544103	44	0.0007100553552568498	335	0.0009549922018470483	107	0.0007448635203358218	44	0.00048732416659272434	335	0.0005413917723023645	107	0.0004280345981391643	44	0.0008880459963533459	335	0.0009447051712449891	107	0.0011982675816344481	44
7450	0.0007725086313074681	335	0.0009324983180734696	107	0.0007923548821513848	44	0.0006308639617476342	335	0.0008546945167608933	107	0.0007244789861847227	44	0.00047245224714622503	335	0.0006540685266661735	107	0.0004098618960690124	44	0.00099563934314067	335	0.0008439240418626271	107	0.001103251287849042	44
7460	0.0010495595886138612	332	0.0010189319860893578	107	0.0011174747332643115	47	0.0006230861881886603	332	0.001016166405520202	107	0.0006583176523529377	47	0.00045492505049374765	332	0.0005666560540937063	107	0.0004885057571885517	47	0.0009893140534781729	332	0.0008107575736805638	107	0.0008592782576687981	47
7470	0.0009990769604839383	336	0.0009827980824039153	107	0.0008885927168491937	43	0.0006510446949839694	336	0.0008146378652495283	107	0.0006414422204518761	43	0.0004169439491686098	336	0.0005323739499235685	107	0.0003671731654485905	43	0.0006810028046207226	336	0.0006153506881231088	107	0.0007831090153988043	43
7480	0.0006629014502857683	340	0.0007017630756773303	107	0.0005458377768305144	39	0.0007360982561765879	340	0.001025388326509338	107	0.0006540955943749186	39	0.00043814730611802855	340	0.0006933809432864177	107	0.00042608856458366707	39	0.0008629921039612173	340	0.0008850122481279567	107	0.0006622913739695097	39
7490	0.0009558465117247776	333	0.0010803739367180798	107	0.001092092359195095	46	0.0006297297632397319	333	0.0008528225285077194	107	0.000738421098797743	46	0.0005132641156210682	333	0.0006213569018043818	107	0.00038100062618704665	46	0.0008258690041878405	333	0.000806737392436615	107	0.0008901940041941821	46
7500	0.0006747362115989841	336	0.000766475237350308	107	0.0006408080077990254	43	0.0005849415594475057	336	0.0008282515729076717	107	0.0007368473497900756	43	0.00043321452186658447	336	0.0005432082197483796	107	0.0004156498346665055	43	0.0010891606063253572	336	0.000943018092462821	107	0.0008290033445924687	43
7510	0.0006837626583984061	338	0.0008833687082196977	106	0.0007677932797994017	42	0.0007045359468452387	338	0.0008493221564808435	106	0.0007238654633617477	42	0.00036277097400005964	338	0.0005524352708248777	106	0.0002979603486157344	42	0.0007938938489390027	338	0.0006731405009252464	106	0.000901972702425829	42
7520	0.0007483290325172372	333	0.0008809515511966258	107	0.0009200069322556293	46	0.000632901919341908	333	0.0009863200244694074	107	0.0005793315077765418	46	0.00037024012140720653	333	0.0006104291901618382	107	0.0002871968918816424	46	0.000990107546184047	333	0.0011902233703745028	107	0.000911734678594422	46
7530	0.0008463225699191986	335	0.000924838077511778	107	0.0007858628001987756	44	0.0007544098051330294	335	0.0009757451453100697	107	0.0007010306638397879	44	0.00044951330364725997	335	0.0005398107501364915	107	0.00038204923095483433	44	0.0009585323765342663	335	0.001440086641900044	107	0.0013824102086463477	44
7540	0.0007586469223783943	333	0.0008288646354118595	107	0.0007374127797750725	46	0.0006117605878622361	333	0.0009835699945829352	107	0.0006325340474863394	46	0.00039907677651320047	333	0.0006341465877506074	107	0.0004603914599195214	46	0.0008882018167830499	333	0.0006859988051749526	107	0.001219039404426139	46
7550	0.0007763783367162228	339	0.0009628251389831165	107	0.0006100181941946017	40	0.0006420332876218596	339	0.0008138740777346015	107	0.000613367408467854	40	0.0005145469481254337	339	0.0007515730166647677	107	0.0004890914423719304	40	0.000767159934996649	339	0.0009318027023840432	107	0.0012829463512855723	40
7560	0.0007949545440370161	333	0.0008258263513240479	107	0.0007206558599544905	46	0.0007798384325560129	333	0.0009441929229127078	107	0.0008418415207960986	46	0.00043416089651487303	333	0.0005652725337239287	107	0.0003540976978186457	46	0.0008100547568494365	333	0.001011806413724608	107	0.001043783069853987	46
7570	0.000939804916128765	339	0.0009479907031659688	107	0.0009781429219151896	40	0.0006672467086492583	339	0.001063451383774962	107	0.0007260384563597388	40	0.000429362454069723	339	0.0005965293092636067	107	0.0004306612847584136	40	0.0010375618113762004	339	0.0008845859330751462	107	0.001003321555994361	40
7580	0.0007196009505120585	330	0.0007762709709242088	107	0.000671622153828287	49	0.0007065716005221724	330	0.0009306023112109161	107	0.0007637062293361878	49	0.0004351419366736114	330	0.0005971787612844613	107	0.00043863392237148156	49	0.000912993368244818	330	0.0009645324064292338	107	0.0008567053053464725	49
7590	0.0007403283366838455	329	0.0008041608405918696	107	0.0009218676089137723	50	0.000713748954499586	329	0.0009609267547025561	107	0.0007153536360295108	50	0.00043254330913668866	329	0.0006635677450882363	107	0.00042095959878196053	50	0.0008245154222308305	329	0.0006082754360823186	107	0.0012472962063539094	50
7600	0.000722701028505739	335	0.0007617802043242799	107	0.0007892923061290426	44	0.0006697785606926229	335	0.0008745065871281324	107	0.0006559226660300562	44	0.00033846707060271677	335	0.00048511253669691667	107	0.00047100800039536985	44	0.0008006061601083063	335	0.0008955441584507029	107	0.000974367337115915	44
7610	0.0007431125724126846	335	0.0010702925982698558	107	0.0011212758315726074	44	0.0006670871300433921	335	0.0009421508443521602	107	0.0007416210241413798	44	0.0004991336332058537	335	0.0005658269838017377	107	0.0005082819732443148	44	0.0006457622807762819	335	0.0008171484332896446	107	0.0006705987968883574	44
7620	0.0010753646048371754	334	0.0010630785749602006	107	0.0008476737022231592	45	0.0006732135451562256	334	0.0009282284451469071	107	0.0006679086702751338	45	0.00046203615977606963	334	0.0005570406816562267	107	0.000523020070850796	45	0.0009981031055085424	334	0.0008826970645357619	107	0.0009381224554431914	45
7630	0.0008171056317338016	338	0.0009377968490609781	107	0.0008532789190314442	41	0.0006279316326843374	338	0.0008229734510353875	107	0.000686982503812048	41	0.00042298012196981694	338	0.0005699766393418311	107	0.0005356135816794278	41	0.0007062773809285369	338	0.0007940675159786828	107	0.000769967885835513	41
7640	0.000775075821928307	331	0.0008860305419612346	107	0.0008647750285140752	48	0.0007255481287671856	331	0.0009626689223418582	107	0.0008746940936621662	48	0.0004036372306248215	331	0.0005500272055431581	107	0.0005115063850677929	48	0.0011443388212978721	331	0.0010598547170732136	107	0.0011218766644178677	48
7650	0.001116692152633532	335	0.0010409107450853536	107	0.0009639503720632224	44	0.0007182342688238588	335	0.0009105394522729546	107	0.0006604636869457597	44	0.0005259998491984189	335	0.0005848943317367331	107	0.0004245959089754501	44	0.001051989674159807	335	0.0015249715510809523	107	0.0008983018550243856	44
7660	0.0008648071448716767	333	0.0009848062289713948	107	0.0010158969633844242	46	0.0005797157769176495	333	0.0008180383507484382	107	0.0006116291274700705	46	0.00039936394743769396	333	0.0005164498213032449	107	0.0005883885784372548	46	0.0008190867746473864	333	0.0008333319498021938	107	0.0009273499125373226	46
7670	0.0009849482636408557	331	0.0010514268329637395	107	0.000881320720757504	48	0.0007293440035874377	331	0.001159342664964651	107	0.0005809360859502002	48	0.0004403309249400245	331	0.0005651771987369821	107	0.0004786786335178937	48	0.0008239221462600486	331	0.0006561372145733992	107	0.0008112456932819158	48
7680	0.0009915503068978495	336	0.0011958376751890765	107	0.0011156432060003857	43	0.0006960303027604053	336	0.0008851229444213879	107	0.000657459345127149	43	0.00048087056961961205	336	0.000549932917895547	107	0.0005322386056563256	43	0.001098611914022257	336	0.0010007078976264753	107	0.0010709308218388594	43
7690	0.000788488399246053	334	0.0009561884398604244	107	0.0007605560071563642	45	0.0006320951857150445	334	0.0009163056157030227	107	0.0006359923105002898	45	0.0004321898139726606	334	0.0006295477800980004	107	0.0005645330428842883	45	0.0007243068438992414	334	0.0006833921151730493	107	0.0009025124849219806	45
7700	0.0007830539136772806	330	0.0010846916883744634	107	0.0008166985640911655	49	0.000555076935364654	330	0.0009147087869957492	107	0.000604377528677861	49	0.00043914654393824564	330	0.0005786522981226274	107	0.0004954757075838397	49	0.0007852165204835044	330	0.000777694916751927	107	0.0010361337508927174	49
7710	0.0007629960818861818	328	0.0008263209764545967	107	0.0005868805674718547	51	0.0005348433835867207	328	0.0009468946840907907	107	0.0005023595696528315	51	0.0004056405587799213	328	0.0007110893417474272	107	0.0002877032190945357	51	0.000994079752266654	328	0.0011283287938253046	107	0.0012098698773706602	51
7720	0.0008926560927854501	333	0.0010554576707418229	107	0.000723375668748529	46	0.0007291464993427778	333	0.0008897402988899471	107	0.0006851254986396493	46	0.0003706454636561848	333	0.0006040740634294774	107	0.00038635935960133896	46	0.000947843055221041	333	0.0012075246577814256	107	0.00104414313275617	46
7730	0.0007589136370826478	333	0.0008770470796195885	107	0.0005659942425193884	46	0.0008049672715936812	333	0.0009743221197788933	107	0.0007672647085307941	46	0.0004502919764897313	333	0.0006748596827783816	107	0.0005081217168929344	46	0.0010813620940987214	333	0.0009624183769467742	107	0.0014107575005386378	46
7740	0.0009320415192128109	336	0.001133692266407642	107	0.0006223533610696753	43	0.0006777385437871522	336	0.0010147263776081109	107	0.000545036599728956	43	0.0003921940980748954	336	0.000622408886408908	107	0.00041599013877539724	43	0.0009290379704492776	336	0.0009249559943274755	107	0.0009485039326455041	43
7750	0.0007888861439322837	333	0.0008899549716619168	107	0.0007498995101627284	46	0.0007185078995838473	333	0.000872083734551394	107	0.0006735266140907171	46	0.000437606229975336	333	0.0005867461400055982	107	0.00043711940880525996	46	0.00101926427258974	333	0.0008892960692749223	107	0.0011976719345637681	46
7760	0.000997206644624834	336	0.0009636219658312312	107	0.0007954659947921689	43	0.0007219443711478784	336	0.0009534346894608187	107	0.0008574019185027571	43	0.0004129477795649092	336	0.0006685359136010103	107	0.0004471990271151217	43	0.0009969546233433802	336	0.0009106404618304718	107	0.0008798339725222789	43
7770	0.0006972047650484449	334	0.0007862463501612649	107	0.000729936639515237	45	0.0006152375563468653	334	0.0008854105332328023	107	0.0006117993411231189	45	0.0005261967925866195	334	0.0006198078016488128	107	0.0006536892184622315	45	0.0010603614056186954	334	0.0008483867168029488	107	0.0014725038815430111	45
7780	0.0008346387514897072	338	0.0008771262140614948	107	0.0008706185966284776	41	0.0006324259226462105	338	0.00098666974466048	107	0.0007097480209501338	41	0.0005394675996101214	338	0.0006243810328854237	107	0.0005168470435280467	41	0.0008602484354783995	338	0.0007193202705803975	107	0.0008929346692139773	41
7790	0.0009089152263150056	336	0.0009196535625893816	107	0.0009434434952245787	43	0.0006853992571972954	336	0.0008605849916263852	107	0.0007403424702107429	43	0.0004707364457873185	336	0.0006318364990119076	107	0.0005338891570258624	43	0.0008281649225914784	336	0.0008682746703296057	107	0.0008557349033364762	43
7800	0.0008711758411585941	330	0.0008608607740023057	107	0.000990384751446752	49	0.0006674095555589843	330	0.00091675056157934	107	0.0006004199642791028	49	0.0003651149332991784	330	0.0004882902560308832	107	0.0003738707819101986	49	0.0009664938297521445	330	0.0009100815127404777	107	0.0009856737388374546	49
7810	0.0009049479264726997	336	0.0009247534049667617	107	0.0008668363077897732	43	0.0006525720020341023	336	0.0009421190705203828	107	0.0006192446339608273	43	0.00041405412558647185	336	0.0005770292875541229	107	0.00047248428781605507	43	0.0006234768774477378	336	0.0007602046975486661	107	0.0011370184376649282	43
7820	0.0007566208139982046	336	0.0008186068428098784	107	0.0008549735242734559	43	0.0007392720950848117	336	0.0009067685289602949	107	0.0007110573473302621	43	0.0004519387217636812	336	0.0005517555135782601	107	0.00045316881428533246	43	0.0011031501516173164	336	0.0010213193684351183	107	0.0013231556840361122	43
7830	0.0009513003899580653	328	0.0011740960713785469	107	0.0010013934974123476	51	0.0006381309555195047	328	0.0009394889474861289	107	0.0006764010999194752	51	0.000573201463531288	328	0.0007031333872647375	107	0.00040572222084181946	51	0.0011924190592784317	328	0.00116745518870948	107	0.0014017248923921272	51
7840	0.0008597373130610306	337	0.0011312069538336003	107	0.0009658523403246024	42	0.0007137561774680839	337	0.001008625603925331	107	0.0010563250931253682	42	0.0005187256218725203	337	0.0006882328941507478	107	0.0005733807416441365	42	0.0012842012139553383	337	0.0012936918673583531	107	0.0012702310592020776	42
7850	0.0008445248028695015	339	0.0009721463297753386	107	0.0007208044512007818	40	0.0006932683393388589	339	0.0008954594527424728	107	0.0006967623234741115	40	0.0004337108137630391	339	0.0005030708458332144	107	0.0005211162123499024	40	0.0009035129312976417	339	0.0008680461311158597	107	0.000757453675015391	40
7860	0.0008014627140372222	330	0.0008979362686948872	107	0.0008280783410813091	49	0.0006311480079602169	330	0.0008841351245963197	107	0.0008012079703803641	49	0.0003255558240199193	330	0.0004840644892658223	107	0.0003812231644065943	49	0.0009549117659331066	330	0.001062242653294348	107	0.0008543455677496618	49
7870	0.0008668545767296033	330	0.0008444136268349682	107	0.000983726250370304	49	0.0005931593841618226	330	0.0008922582717037879	107	0.0006784599070091593	49	0.00036709407709617996	330	0.0006081467761420605	107	0.0004158805526823167	49	0.0008221390007020734	330	0.0007963569237097239	107	0.0008592192914917276	49
7880	0.0007830459221631525	342	0.0009993064903608473	107	0.0008200310048995257	37	0.0006750013746008867	342	0.0008360536894873243	107	0.000706660783854453	37	0.0004310931387376946	342	0.00072035021504239	107	0.00036538407770258537	37	0.000966932584437975	342	0.000870969990671517	107	0.0011502830116395283	37
7890	0.0007473801082935305	336	0.0009115657840372531	107	0.0008758198883161836	43	0.0008315749487370003	336	0.0009863881163688407	107	0.0008231585110299971	43	0.00044407482343120113	336	0.0006230830829148663	107	0.00040064290379991484	43	0.0010123570305811023	336	0.0010191713763240944	107	0.0009540237047231481	43
7900	0.000782525081026717	335	0.000822062035674316	107	0.0008493445582246655	44	0.0007041508630477484	335	0.0008999382157331368	107	0.0007345363282954036	44	0.00035941399893316524	335	0.0006750972748230967	107	0.0005214101753494561	44	0.0006846592920037384	335	0.0009064923152703482	107	0.0011849302449199114	44
7910	0.0005975695849165121	336	0.0007200283008841865	107	0.0006311433031396648	43	0.000724937782539923	336	0.0009248648745996777	107	0.0006070152223545007	43	0.00041097668449146813	336	0.0005160930812460145	107	0.0005342478095426554	43	0.0008258292423253205	336	0.000736377861103339	107	0.0011715175510253598	43
7920	0.0008674974041987072	329	0.000838658590816816	107	0.0006497525112205047	50	0.0006903358518942895	329	0.000846407420789546	107	0.0006776415500758066	50	0.0004669986117408673	329	0.0004556701564998687	107	0.0003699271928439531	50	0.0008613709253727195	329	0.0008951984678008383	107	0.0011623218478249652	50
7930	0.000933569401940229	331	0.0009526140503569666	107	0.000952763316943293	48	0.0006550676466495792	331	0.000929053183404935	107	0.0008721730006979411	48	0.0004311128375835779	331	0.0004896844125443661	107	0.0004284150990520818	48	0.0009413093526438832	331	0.0008824824992141277	107	0.0011904122451832494	48
7940	0.000752110033095398	336	0.0007837293682975457	107	0.0007201564909065178	43	0.000740018880017672	336	0.0008799395728203296	107	0.0007690818301308809	43	0.00047748502673335353	336	0.0005922051592550632	107	0.000551132289181239	43	0.0006485713436139151	336	0.0007901894363692295	107	0.0009319536451298201	43
7950	0.0009188934127168283	338	0.001002303746491435	107	0.0008552191990024131	41	0.0005869206042974721	338	0.0008580126306483336	107	0.0006560649982019206	41	0.00043415722281522256	338	0.0005616833923693873	107	0.0005100709038260163	41	0.0005158012782656563	338	0.00040995336115212525	107	0.0005791018750308252	41
7960	0.0006582720907819595	340	0.0007978495145934439	107	0.0006264796805911504	39	0.0006234529346623226	340	0.000854029148548725	107	0.0008237975097478805	39	0.0004222460270775485	340	0.0005269906881003336	107	0.0004604136862056329	39	0.0007242004780136489	340	0.0005774063836412239	107	0.0008640240306778699	39
7970	0.000745410901262755	338	0.0007975407839477548	107	0.0010139229327398329	41	0.0006573405476270661	338	0.0008601195273225281	107	0.0006284719999461743	41	0.0004428852812731275	338	0.0005594252711714051	107	0.0004415990735226007	41	0.000705954948212201	338	0.0008243593729115322	107	0.001113366321733226	41
7980	0.0008887832821330715	334	0.000986508658096726	107	0.0010504378932120837	45	0.0006535839640393218	334	0.0008648625600895937	107	0.0005945713807575734	45	0.00047230722864664154	334	0.0006223121673317195	107	0.00041888375590115834	45	0.0009697544577373074	334	0.000892530310926854	107	0.0010957374472774636	45
7990	0.0006805903458400244	340	0.0007123546277039879	107	0.0006394379452954239	39	0.0005724486071364121	340	0.0007974105023731294	107	0.0006430140473569349	39	0.0003861203159383256	340	0.0005398188366994329	107	0.00033687379048819325	39	0.0009612922763845883	340	0.0009330016657293489	107	0.0014902955779901026	39
8000	0.0009171815548793969	333	0.0008753020325939215	107	0.0009362620001474107	46	0.0005571074642943343	333	0.0009346899511856291	107	0.0007366770056327259	46	0.00043817018244662453	333	0.0005645487133950546	107	0.0006226850897886306	46	0.0009480263652003418	333	0.0011984698265290047	107	0.0014100857421777246	46
8010	0.0007957520440819646	335	0.0007936776971506914	107	0.0007857744199581202	44	0.0007273717336571633	335	0.0008812712219594948	107	0.000681735849830045	44	0.00047719937268719803	335	0.0005160879823210978	107	0.00041963101113425086	44	0.0009119334240999025	335	0.0009537081825017163	107	0.0012447010989351452	44
8020	0.0008693487547666846	337	0.0010136778737185087	107	0.0010391632604095098	42	0.000580134132404589	337	0.0010357344595724525	107	0.000611817474906334	42	0.0004790962114922958	337	0.0006017970589075374	107	0.0004664447750430818	42	0.000865772655620363	337	0.0008504796527526635	107	0.0012674976116448695	42
8030	0.0008680489821546863	336	0.0008989476817622029	107	0.0006948714373156892	43	0.0006394849003219914	336	0.0009400993977929617	107	0.0005861196009874195	43	0.0004841838632134685	336	0.0006328600088550195	107	0.0005335885486227356	43	0.0006535713802632356	336	0.0007439123220546851	107	0.0008729434586891917	43
8040	0.000793936794140811	336	0.0007790863583399673	107	0.0008008170960291647	43	0.0007746310440788469	336	0.0010579280519171007	107	0.0008106339979961786	43	0.00046546053856034834	336	0.0005619390022396273	107	0.00039014306991413657	43	0.0007096573535668356	336	0.0008318861118237175	107	0.0006074929533287594	43
8050	0.0009765863360698991	331	0.0010027970953560843	107	0.0008746189703013021	48	0.0006609211048422141	331	0.0009550705010009115	107	0.0006861188736184569	48	0.0005449913954843582	331	0.0006091461494215216	107	0.0004994427056044631	48	0.0009424479660445222	331	0.0011353641534667155	107	0.001056153257904394	48
8060	0.0007847790394410358	327	0.0008674734543383821	107	0.0008055572155600406	52	0.0006764522862321707	327	0.0009625270542041295	107	0.0007729511149513434	52	0.00046786156247014243	327	0.0006252672732128268	107	0.0003851832321832967	52	0.0011589336362582915	327	0.0010041568922246234	107	0.0009649731262533688	52
8070	0.0007629992644563186	335	0.0007514055496308509	107	0.0007534763963094608	44	0.0006710769699479817	335	0.0009309781961732155	107	0.0009937175679147704	44	0.0004223665889126005	335	0.00048808455828766286	107	0.00043966720705165206	44	0.0011645547918782305	335	0.0009006524635129901	107	0.0014452255835946718	44
8080	0.0008148086958537967	332	0.0008767526041249953	107	0.0008522498856873328	47	0.0007428687127002702	332	0.0011095736560574343	107	0.0006834719036348509	47	0.0005509248130701728	332	0.0006320772562049667	107	0.0005332996289099273	47	0.000980700773735605	332	0.0009575049623780834	107	0.0009523576582705084	47
8090	0.0009279907241158088	330	0.0009857439999909738	107	0.0008343287301700229	49	0.0005500320087700685	330	0.0007339880189837202	107	0.0005265017024441611	49	0.0004691087392242244	330	0.0005386266279432756	107	0.0005037436846920104	49	0.0006556108197559988	330	0.0007419736323020336	107	0.0008582431074611383	49
8100	0.0008500474814163065	332	0.0009224781016803631	107	0.0007311498405115415	47	0.0007499246185899034	332	0.0009420472912872049	107	0.0006792375435338041	47	0.0005799268771463066	332	0.0006650949252593112	107	0.0005042608214302874	47	0.0010576124296310817	332	0.0010349062024804575	107	0.0020472709755685755	47
8110	0.0009702406196345463	336	0.0009700914538852378	107	0.0009638417934875022	43	0.0006735694611231313	336	0.0009260063757172275	107	0.000685543769156401	43	0.000503725824255904	336	0.0005855528226814948	107	0.0005542723868644005	43	0.0008008426471639148	336	0.000667191104871655	107	0.0008215807934625599	43
8120	0.0008499589034704254	336	0.0010394374932024529	107	0.0008930373930354014	43	0.0007707966750182837	336	0.0010250809840130378	107	0.0006753923565116916	43	0.0004929893587866597	336	0.0006705097975562676	107	0.0005255604899341679	43	0.0008215544769734839	336	0.0008714917183139605	107	0.0007403526126231216	43
8130	0.0008323907674455303	335	0.0009751797496335615	107	0.0012347158202398345	44	0.0007516137131441902	335	0.0010305283208052961	107	0.0006590859579703868	44	0.0004911676517491533	335	0.0005433558003655065	107	0.0004734664016071319	44	0.0010458994136906326	335	0.0009417033898378984	107	0.0012086014409132615	44
8140	0.0007874382907247722	337	0.0008241549293956666	107	0.0007375045918642311	42	0.0008186853493758629	337	0.0008949884547405684	107	0.0007049713850689422	42	0.00044650918127921813	337	0.0006161959088785906	107	0.00047044709809972797	42	0.0007787747355564458	337	0.0007895572301590697	107	0.0013629887669071954	42
8150	0.0007469559662527311	335	0.0008487393577504165	107	0.0006767324851932722	44	0.0006683456475769932	335	0.0009855316139606887	107	0.0007108989553601771	44	0.00044654938274109925	335	0.0005575657739343338	107	0.00042335012230291895	44	0.000892740686452722	335	0.0007324504545117642	107	0.0008893882716973673	44
8160	0.0008788656215910653	335	0.0009455103384229892	107	0.0009510770454784649	44	0.0008105830527981918	335	0.001031539038010745	107	0.0008074340190397567	44	0.0005445008634696491	335	0.0006779073075257613	107	0.0006021601521910831	44	0.0010623183767194124	335	0.0012527111171993222	107	0.0012186986337508142	44
8170	0.0009796136426323105	334	0.0010812998411136115	107	0.0009104257398666168	45	0.0007640454032972555	334	0.000932238856329944	107	0.0006137166506308394	45	0.0005074110501490102	334	0.0007199393364184596	107	0.0006036004477466253	45	0.0009835610421860075	334	0.0011276872045370072	107	0.001011448579116243	45
8180	0.0009552352960945195	333	0.0009910040169886297	107	0.0008526082999601726	46	0.0005708630492949619	333	0.0009209707294030132	107	0.0005593249011006476	46	0.0004349541506095836	333	0.0005118068862708445	107	0.0005116296746953488	46	0.0010532235526146932	333	0.0012929491784294583	107	0.0015385994115913522	46
8190	0.0008142659170149549	331	0.000971529207944209	107	0.0007408157117014449	48	0.0007285776209676423	331	0.0009035532867538549	107	0.0007374544112156775	48	0.0005076131542155218	331	0.0008083309642575989	107	0.0006372038546790012	48	0.001229771850946826	331	0.0013904319852433024	107	0.001566594991405891	48
8200	0.0009506848806168905	336	0.0011989139649849745	107	0.0009512919484983807	43	0.0006612877161237896	336	0.0010036798539637738	107	0.0006103270446020607	43	0.0004856749678957225	336	0.0007174666208241747	107	0.0004177318943865703	43	0.0008835220375799841	336	0.0008889036971817521	107	0.0008717036579749128	43
8210	0.0007561241565814744	334	0.0008164022611999997	107	0.0007750045551561665	45	0.0006728236507202628	334	0.0010359660639137453	107	0.0008048821515038441	45	0.0005221349738517475	334	0.0006136852281851162	107	0.00042231009461668565	45	0.0012467765973623863	334	0.0012690838585651244	107	0.0012576623156372148	45
8220	0.0007846197799992355	334	0.0007961793118655498	107	0.0007603547257101118	45	0.0007365788191748209	334	0.0009483251704283553	107	0.0006418212959542291	45	0.0006204213981513199	334	0.0007768712886623621	107	0.00046256024516682677	45	0.001034321903763288	334	0.0010133161784505334	107	0.0009403580257983128	45
8230	0.0008324677698958715	330	0.000855354314678931	107	0.0008205746235677052	49	0.0006267677669382971	330	0.0009725343477941122	107	0.0006427337048962613	49	0.00042287472171694316	330	0.0005344224065245248	107	0.0004628811177712909	49	0.0008995729254317739	330	0.0009296255481119923	107	0.0012661499123614562	49
8240	0.0007205042226447037	330	0.0008330297011562636	107	0.000831024045981309	49	0.0007120214682762326	330	0.0009341701088958184	107	0.0007102883201267517	49	0.00044013928947949624	330	0.000610003366057145	107	0.0004157962317760814	49	0.001055537177223143	330	0.0011508945817632816	107	0.00104255068035898	49
8250	0.0008856147816986283	334	0.0009474299483590555	107	0.0008541127551013283	45	0.0007942415835292867	334	0.0010547557493797604	107	0.000750437381358605	45	0.00046593153352758983	334	0.0006193834750622438	107	0.0006043952727971615	45	0.0010302369341778782	334	0.0011852261808258952	107	0.0013076959984382977	45
8260	0.000869065969917031	337	0.0009184106954279899	107	0.0009223340728094004	42	0.0007792773798381512	337	0.0011195128115152105	107	0.0009266947120936406	42	0.0004945181332773787	337	0.000706851240283476	107	0.00047328261622022394	42	0.0007790755261544629	337	0.0009279877730554451	107	0.000847879748473365	42
8270	0.0010737701096935615	328	0.0011285900638377442	107	0.0009838339980871881	51	0.0007991416953541634	328	0.0010809445291580897	107	0.0007899523524557621	51	0.0004254682573641251	328	0.0007692337439469558	107	0.0003700396042564883	51	0.0009217428536551841	328	0.0008092208246025393	107	0.0010611440330205223	51
8280	0.0009785635100908268	335	0.0011748848809360233	107	0.0010206197562652353	44	0.0006848479166014417	335	0.0010824300425313893	107	0.0009421392559262144	44	0.0005672413460434479	335	0.0007986151312160668	107	0.0004858585342576017	44	0.0012687764380066528	335	0.0014932714945817297	107	0.002232005031931585	44
8290	0.000869570477539654	335	0.0010249060531309032	107	0.000924213401570758	44	0.0006857815616338552	335	0.0010725119776610623	107	0.0008955958650980541	44	0.0006704296788335553	335	0.0007597137194272574	107	0.0005646220594012903	44	0.000872027429202324	335	0.0009585707050393797	107	0.0012869646110775213	44
8300	0.0008094789982302197	337	0.0008730710937462771	107	0.0007636996113035046	42	0.0007882624624666397	337	0.000972530893322231	107	0.0006201773391893559	42	0.0004822134991842191	337	0.0006288931750837791	107	0.0005515293194696878	42	0.001494986549542039	337	0.001362225758335308	107	0.001935680676670104	42
8310	0.0009155410469973522	326	0.0009986032225373792	107	0.0009058012644261636	53	0.0006377538101158659	326	0.0010259938998180974	107	0.0007219862063974633	53	0.0004971881440721073	326	0.0006172546595388783	107	0.0006393930164267841	53	0.0012623568031913542	326	0.0013396291959547834	107	0.0012228272721713656	53
8320	0.0006603545151554661	329	0.0007863683226753981	107	0.0006833589820749215	50	0.0007565117449205435	329	0.0009962270252474438	107	0.0007910490437354667	50	0.0005665572063531234	329	0.0006954123966820652	107	0.0006256398045054748	50	0.0006656336307845781	329	0.0005453847307104412	107	0.0006568655294768479	50
8330	0.0008318689975307767	331	0.0007486426507957225	107	0.0007801012437875509	48	0.0008589390070535387	331	0.0009723208699158658	107	0.0007451285191247009	48	0.00058657719211123	331	0.0006590455330170847	107	0.0005719507552263155	48	0.001223596106770627	331	0.0009088418591052876	107	0.0012410577554052328	48
8340	0.0008613084049223924	337	0.0010022952552980625	107	0.0008408793427127567	42	0.0007636105816499259	337	0.0009578735188832889	107	0.0009079457891371299	42	0.0004835918500401482	337	0.0006833390056115799	107	0.0006004185864224702	42	0.0014046975607461302	337	0.0009139069626217886	107	0.001283643381570038	42
8350	0.0007719403730884428	332	0.0009363768524593697	107	0.0007398290259214447	47	0.0006530188193874971	332	0.0009440278683829576	107	0.0006902719180953528	47	0.0004146766158903505	332	0.0006350509624484022	107	0.00036258685231110665	47	0.0009882906514768399	332	0.0013160723274684347	107	0.0009682008846262337	47
8360	0.0007292055856858995	333	0.0008286039714951645	107	0.0006392370935210862	46	0.0006586708545298795	333	0.0008888576321639964	107	0.0007442896557404387	46	0.00037932168109977056	333	0.0005938611473417701	107	0.00046680185094126274	46	0.0008355467927073722	333	0.0008143984267005064	107	0.0008420694988294354	46
8370	0.0009455900275055878	334	0.0011064507588608482	107	0.0009760573829093148	45	0.0006929551052381847	334	0.0009341764706695796	107	0.0005773034170716266	45	0.0004303763932661558	334	0.0005975419646574764	107	0.0005300274553331645	45	0.0008766401460092495	334	0.0009939203746661114	107	0.000993128461101728	45
8380	0.0009017699765583715	338	0.0008960668715372198	107	0.0008699078388690197	41	0.0007481116895249026	338	0.001027021813958483	107	0.0008951231015374115	41	0.0004823244116971014	338	0.0008047548242332411	107	0.00045503439511195617	41	0.0012879361196688412	338	0.0009802051765518455	107	0.0019709867195944176	41
8390	0.0008560145933988451	334	0.0008751663279066261	106	0.0008672762143297695	46	0.0007149694571183852	334	0.0009544914823175848	106	0.0006413926905461985	46	0.00038719977916902045	334	0.000650782922331305	106	0.0003541211720554866	46	0.0011857711131267542	334	0.0012697820056968997	106	0.001352302234148735	46
8400	0.0009089269854117732	332	0.0009245032294011972	107	0.0009614906624602723	47	0.0006286837927492982	332	0.0009436778503208427	107	0.0007465534136002274	47	0.0005198869498555092	332	0.0006585656893688194	107	0.0005761462565652579	47	0.0009951112979552995	332	0.0008077669990291144	107	0.0008828431533808608	47
8410	0.0008674935790860454	334	0.0008543724995262755	107	0.0008653498275060646	45	0.0008042214908150654	334	0.000943932231064591	107	0.0006536840077825283	45	0.0004691035320987541	334	0.0005449991739507551	107	0.0005194547943733861	45	0.0016500530026978852	334	0.0010642015700958747	107	0.0011471676634004656	45
8420	0.0010259271847557938	337	0.001075272790894454	107	0.0010619949010614016	42	0.0008083371089585986	337	0.0010281570408793644	107	0.0007385803869562763	42	0.0004825689702563081	337	0.0006320186141709273	107	0.0005625670610669141	42	0.001267014302789901	337	0.0010396110565694771	107	0.0008822783343641767	42
8430	0.000893317373704714	328	0.0008132893780968462	107	0.0008878027428955106	51	0.0007857215473092593	328	0.0010796431491255434	107	0.0007951559103416362	51	0.0005637996779977345	328	0.0006390189829974294	107	0.0005120293028681715	51	0.0006728507028933658	328	0.0007072853408251787	107	0.0008063106587283086	51
8440	0.0006384235181317651	333	0.0006767675779467792	107	0.0006210427547799276	46	0.0006645103607560807	333	0.0009829655116076442	107	0.0006156993782130087	46	0.00042593254882496937	333	0.0005117893891984193	107	0.0004990829672278497	46	0.0009591448429469455	333	0.001098324620956332	107	0.0014949000739220898	46
8450	0.0008180578475742742	330	0.000950522588576337	107	0.0008380801127343161	49	0.0006989722722609684	330	0.0010242325339534257	107	0.0006419734814800299	49	0.00047472741980032735	330	0.0005878002469463318	107	0.0005573703781355225	49	0.0009667645298354664	330	0.0009123808342265089	107	0.0008793184050734288	49
8460	0.0006807047468553722	335	0.0008633220832891127	107	0.0005721817082867027	44	0.000696027700118682	335	0.0010021388506056327	107	0.0007794446864509894	44	0.0003742002700007148	335	0.0004858681384065793	107	0.00043707310246482017	44	0.0007732460141322791	335	0.0007761448269416413	107	0.0006671365400673957	44
8470	0.0009447231022888864	335	0.0011589539118252881	107	0.0008866598414389987	44	0.0007664899261242436	335	0.0009601754172309417	107	0.0009162570984531528	44	0.0006059343892789302	335	0.0006603783200916614	107	0.0006910492132523079	44	0.0010678565778032068	335	0.0008727218649043797	107	0.0008383168500267057	44
8480	0.0008228044684813659	326	0.0007734251907800998	107	0.0007458242789266465	53	0.0008709060761533756	326	0.0010898806860163287	107	0.0008663853477139159	53	0.0005070538212493462	326	0.0007486775377544673	107	0.000590202354821181	53	0.0008827432323585354	326	0.001009597790484936	107	0.0011738299349501945	53
8490	0.0009256614363547597	335	0.0009273166493963371	107	0.0009010524657772361	44	0.0008065863130851657	335	0.0009551196343360465	107	0.0007623324149338151	44	0.0005564585557681895	335	0.0007050338650855996	107	0.0006279613124918002	44	0.0013199900578818107	335	0.0011968450049502865	107	0.0014027676633890879	44
8500	0.001171714422144167	328	0.001106956264265489	107	0.0010341059564226063	51	0.0007966290433793883	328	0.0010117066092886133	107	0.0007666962931400962	51	0.00048169554793993645	328	0.0006566856998616802	107	0.0005251924035552976	51	0.0013159947223977154	328	0.0014761885711263936	107	0.0013147754430062706	51
8510	0.0008912316839222822	327	0.0011060814210882446	107	0.001110333750494022	52	0.0007309264817359901	327	0.0010014035510772263	107	0.0008101493392700042	52	0.00045008326366233187	327	0.0005276036923136873	107	0.00037035828773631545	52	0.0008773058849286076	327	0.0012301562432288332	107	0.0008975398665014736	52
8520	0.000991860388256467	336	0.001066014048615895	107	0.0009251007305068307	43	0.0006787053053062438	336	0.0009457553639926176	107	0.0005770420930451216	43	0.0004135378576122299	336	0.0005855891529277677	107	0.00043118091069822834	43	0.0011711943932887535	336	0.0007863977326557074	107	0.0013352704049874777	43
8530	0.0008737815295169363	336	0.0009276284667753311	107	0.0008440538991935792	43	0.0006759556695082639	336	0.0009632915579922615	107	0.0006647884274456743	43	0.0004472536397315288	336	0.0005686451191264467	107	0.0004288141706380351	43	0.000920780097460426	336	0.0010504677625772481	107	0.0008517855814236169	43
8540	0.0008056819070657943	334	0.000931898542496883	107	0.0008974838699431333	45	0.0006507271360752938	334	0.0009009662396403963	107	0.0007472184880785514	45	0.00031357319688195273	334	0.00042122965126983967	107	0.00034252656647735727	45	0.0011237994000057668	334	0.0010375554774004377	107	0.001005473366636524	45
8550	0.0006266932965858981	333	0.0008370501753250454	107	0.0005605105815563482	46	0.0006202850861819726	333	0.0008944782719213611	107	0.0006584641914522316	46	0.0004863293603710826	333	0.000675023983031967	107	0.0005166099780629755	46	0.0008095346389901376	333	0.0007460722279974818	107	0.0006750710467033356	46
8560	0.0010097387277658429	337	0.001167205224370862	107	0.0010915037673198684	42	0.000757045384070089	337	0.0010460769281905485	107	0.0008482257084780756	42	0.0005628798347177817	337	0.000711805749884667	107	0.0007340984694041168	42	0.0009477764058753767	337	0.00119148969977237	107	0.0010712387140670997	42
8570	0.0009951243705160328	335	0.0009911799704693238	107	0.0009982325844599233	44	0.0007675525973655935	335	0.001018167671012752	107	0.0006246086174211954	44	0.00043907891810346047	335	0.0006473448806173259	107	0.0004079704036052671	44	0.0008625603888127466	335	0.0008984347430998733	107	0.0011762837665306475	44
8580	0.0007396957756724545	332	0.0007680029065279665	107	0.0006574317735203663	47	0.0008058199803191812	332	0.001088349731044111	107	0.0008207656474556924	47	0.0005300416114826912	332	0.0007001957069506521	107	0.0005172310223368499	47	0.001064606707377907	332	0.0009883850604331897	107	0.0009757829656573642	47
8590	0.000749172657741643	330	0.0009579731866607088	107	0.0006860110450170923	49	0.0007779103669346189	330	0.0009634327466037132	107	0.0006385622509212106	49	0.00046754621983074063	330	0.0006245081837649032	107	0.0004293366189426148	49	0.0008778501603352011	330	0.0011091301217407382	107	0.000923177392224788	49
8600	0.0009845649488790377	334	0.0012357072662039243	107	0.001031842575844027	45	0.0006691936743941733	334	0.0011660268701394253	107	0.000740923100044077	45	0.00046469932587582416	334	0.0005321755723427645	107	0.0005855588992712715	45	0.001048109081015496	334	0.0006997958813290388	107	0.0012510340956606565	45
8610	0.0009209328904685969	332	0.0009056431343078025	107	0.0008192268712974739	47	0.0006837210241895952	332	0.0009700889112928006	107	0.0006920541542718974	47	0.00046563208387732523	332	0.0005180215128685379	107	0.0006593905037204773	47	0.0008888023608852867	332	0.0008740928727001553	107	0.0011343449119021938	47
8620	0.0008233226043027591	330	0.0009116845709915679	107	0.0007709350718362304	49	0.0007974101799387269	330	0.0011085313474293035	107	0.0006780113423918441	49	0.0004364836381330649	330	0.0006831861446030543	107	0.00043077286473960637	49	0.0010748729393743718	330	0.001025418434498513	107	0.0011335369432666415	49
8630	0.0007547373600956672	334	0.0009078788995846536	107	0.0008164707338337719	45	0.00069385975986822	334	0.0010295844683416552	107	0.0007774602996853013	45	0.0005894405954779011	334	0.0006175896318145824	107	0.0006401377946975219	45	0.0010358269168249255	334	0.0009001412876134208	107	0.001224818864687384	45
8640	0.0008382748828134848	334	0.0008188948658608889	107	0.001025652409854103	45	0.0007874384851534466	334	0.0011276346779628074	107	0.0008202705179345718	45	0.00033576033466809147	334	0.0005192783126841587	107	0.0003492136393529563	45	0.0009995478525749008	334	0.0007957621447996421	107	0.0009814156825368324	45
8650	0.0009044787219574839	332	0.0009629074543836889	107	0.0008868382189772424	47	0.0006337563266464384	332	0.0007521811611935733	107	0.000506805810222631	47	0.00045517004800416127	332	0.0005711568228076558	107	0.0004237034131865972	47	0.0007049467714680971	332	0.000693554184235269	107	0.0010452953191084457	47
8660	0.0007965057988472421	340	0.0008127599360623046	107	0.0007904582085496421	39	0.0007031900985005222	340	0.0009283924367731567	107	0.0008354966919367849	39	0.0004546476816710183	340	0.0006082974399156539	107	0.0006167688763419294	39	0.0011791185810087995	340	0.0007291898275693619	107	0.001786126070698445	39
8670	0.0006795644503151492	339	0.0007886973690763626	107	0.0006785134005959372	40	0.0006343560413384085	339	0.0010015967686324676	107	0.0005259565181894609	40	0.0004502907473190924	339	0.0005592075844017455	107	0.0005303102479102349	40	0.0013214130552708888	339	0.001225814131056825	107	0.0012966635825913137	40
8680	0.0009359553215259706	336	0.0011149501479965427	107	0.0009862279306413753	43	0.0007648178492237574	336	0.0011403632814361848	107	0.0006867194553290642	43	0.0003869128545505858	336	0.0004712299833658285	107	0.00045209542885528225	43	0.0008013360890041311	336	0.0005594282888971013	107	0.0015909775540439042	43
8690	0.0009821977899622028	334	0.001014900827048634	107	0.000997844712763565	45	0.0005771985181025	334	0.000982651029810593	107	0.0007214057956841982	45	0.0004206739224872409	334	0.0005348822813401474	107	0.000542112762646768	45	0.0009377328426856513	334	0.0008530588121027328	107	0.0009872938591987267	45
8700	0.0009165793885753057	331	0.000988350573672191	107	0.0008274327808506132	48	0.0006546255418121486	331	0.0012534981413007322	107	0.0005945628915383487	48	0.0005193536330885268	331	0.0006467498665488874	107	0.0005012109603800422	48	0.0008456314670039262	331	0.0008656040119303878	107	0.001976062351937478	48
8710	0.0007283905964320992	327	0.0008616494377004112	107	0.0006947403024840872	52	0.0005808322289613576	327	0.0009205202030225389	107	0.0008268951531185687	52	0.00047773208412069156	327	0.0005649184602037127	107	0.0004986850242089795	52	0.0008049329924884789	327	0.0008037305026034291	107	0.0008872187195800919	52
8720	0.000981465329312962	331	0.0009139988180986773	107	0.0008291511934550225	48	0.0007106587686178483	331	0.0009712485310615796	107	0.0007903767367130312	48	0.0005596047520495333	331	0.0006242428679277321	107	0.0004681871353194515	48	0.0007515213409730522	331	0.0008731659173721966	107	0.0010010785940940258	48
8730	0.0009004563522114568	331	0.0010341707608239297	107	0.0010335784757726778	48	0.0007124463200391524	331	0.0010573068425964393	107	0.00046659378567198733	48	0.0004512408391681654	331	0.0005280531684389043	107	0.000387793403553628	48	0.0009060691499583286	331	0.0009766435352053572	107	0.0009048695383777205	48
8740	0.0009087029292074105	333	0.0009442615383275344	107	0.001098137649398545	46	0.0007540373445803534	333	0.0009702436364056254	107	0.0006677750096662374	46	0.0004786846581459257	333	0.0005517465187019582	107	0.0004992450451621131	46	0.0006014036529225054	333	0.0006671549644852816	107	0.000739406403861923	46
8750	0.0009470824592289909	332	0.0010435495933362896	107	0.0008490674586632091	47	0.0008448511730855106	332	0.0010135905698821987	107	0.0005837537600910414	47	0.000502244444724354	332	0.0005665606915631065	107	0.0004714883899050632	47	0.0009777233755736724	332	0.000995935682388156	107	0.0011900876560828587	47
8760	0.0010840128240707703	331	0.0011438347303132648	107	0.0010922409689620499	48	0.0007384122755621031	331	0.0010804714787692154	107	0.0007965467371305344	48	0.000475853930041647	331	0.0007197205694805879	107	0.0005615932412819559	48	0.0009364162708553754	331	0.0007547509605059465	107	0.0007684847046156994	48
8770	0.0011190489427822354	335	0.001084477493389538	107	0.001057003165900798	44	0.0007111206956920922	335	0.0010355087848929292	107	0.0007098682884020686	44	0.0005228664270552452	335	0.000578564767556875	107	0.0006299478002657415	44	0.0020301988497499444	335	0.002221266064873188	107	0.0009024310590620935	44
8780	0.0007748384873610686	330	0.0009697632185011854	107	0.000872066318829357	49	0.0008365682844180764	330	0.0011921611247573997	107	0.0009091487626635204	49	0.0005568763769415537	330	0.0007872456167782384	107	0.0006358061668507791	49	0.001022646731495722	330	0.0011983179019570253	107	0.0013459684092549458	49
8790	0.0010641449416683264	338	0.0010884434331469542	107	0.001135379213299519	41	0.0008330238715698608	338	0.0010737758726103016	107	0.0007092014090822605	41	0.000484628669545378	338	0.0006788809142410076	107	0.0005473561024197687	41	0.0009981582079148467	338	0.0008671522315108159	107	0.0008447374510130493	41
8800	0.000976255705755536	333	0.000935400414588671	107	0.0009407786065433333	46	0.0007776017803217255	333	0.0009981593751868195	107	0.0007957968883668429	46	0.00045005176307489427	333	0.000638896353760045	107	0.0007261660623660396	46	0.0014456448814297678	333	0.0009651793047722452	107	0.001218953187759871	46
8810	0.0009661366161173723	334	0.0010136544031012973	107	0.0009262239451049791	45	0.0006538594900462686	334	0.0009108044510202847	107	0.0006895946950873994	45	0.00048627747982564554	334	0.0006020592461208825	107	0.00044876239893216926	45	0.0009874306038339276	334	0.0012502803200780319	107	0.0013568857006783488	45
8820	0.0009422771601283715	336	0.0010958868864931546	107	0.0010637584763027424	43	0.0007673592917279119	336	0.0009677311042690853	107	0.0007249983902803108	43	0.0004524515444240045	336	0.0006501435657459295	107	0.0005228362940054048	43	0.0009309892768289336	336	0.0008068912901388342	107	0.0016439129771242801	43
8830	0.0007360978899739829	337	0.0008643809688906589	107	0.0007923219401549575	42	0.0006021124608391993	337	0.0008300400809747103	107	0.0006143693879058805	42	0.0004328309570779089	337	0.0006370431606760385	107	0.0004292093138928057	42	0.0006285657989062536	337	0.0005256432735356714	107	0.0007402046298056736	42
8840	0.0007455968641563735	336	0.0008592125597912249	107	0.0007081835244099527	43	0.0006894698168065215	336	0.0010007587934785774	107	0.0006551656052018934	43	0.0006152761697354089	336	0.0007370460464384089	107	0.0005242021391563503	43	0.0010120788346112237	336	0.0009109315949780725	107	0.0010160712955144884	43
8850	0.0009250189718444174	334	0.0009041469542619033	107	0.001048306810945769	45	0.0006424948713786235	334	0.0009274700920135686	107	0.0007707193353502443	45	0.0005434675888805198	334	0.0006638389249480852	107	0.0007068149043757316	45	0.001105121923706419	334	0.0013757220726638233	107	0.0011762765529808247	45
8860	0.0007645230552077074	333	0.0007911254984073157	107	0.0008314842434554545	46	0.0006473422556296294	333	0.0009733849476740017	107	0.0005975829745751152	46	0.000555655499581299	333	0.0007041782174696377	107	0.000539359372958718	46	0.0007592111796321939	333	0.001094351090095072	107	0.0011473539656569598	46
8870	0.0006739488185187375	335	0.000730236708993338	107	0.000667093621150474	44	0.00062639437467212	335	0.0008449179810210746	107	0.0005710799360406644	44	0.0004137908952492897	335	0.0005584138682935147	107	0.00046699877738121516	44	0.0006263978500319565	335	0.0006738759614585624	107	0.000848645629254301	44
8880	0.0010346969961287655	340	0.0010443622676693802	107	0.0011130211095671586	39	0.000674887763147237	340	0.001064818919044142	107	0.0007447944566889031	39	0.0005024693043814818	340	0.0007405634752127565	107	0.0005630164775263691	39	0.00103548961991682	340	0.0011322839563449273	107	0.0009497457685979558	39
8890	0.0007813285658819061	338	0.0009285610297624292	107	0.0007868437914137582	41	0.0006666601878736011	338	0.0009718849305655255	107	0.0007802397898880924	41	0.00046329252957022407	338	0.0005374323284985548	107	0.0004870585938092217	41	0.0012414717256441308	338	0.0010225840956725415	107	0.0012266596309775993	41
8900	0.0007143627696095784	328	0.0008658764050985691	107	0.0007211664290963195	51	0.0007646031352051686	328	0.0009785164544353563	107	0.0007077837057286447	51	0.000545227573887508	328	0.0006679114189431548	107	0.0005413160414942821	51	0.0007485295778589949	328	0.0007453798759989575	107	0.000809246837347872	51
8910	0.0008837221699205568	338	0.0010127488954526954	107	0.0008892501741785445	41	0.0007442092254434523	338	0.0009532846815997793	107	0.0007587183204195943	41	0.00047281891081578186	338	0.0005729987365665759	107	0.00045337012073490805	41	0.0005788457374008386	338	0.0006790593588698454	107	0.0006442261657388378	41
8920	0.0008313518285248335	335	0.0008298055150980701	107	0.000971238035612769	44	0.0006158366443321069	335	0.001016562524268425	107	0.0006300464162930579	44	0.00044745351972950666	335	0.000626925514870164	107	0.0003402525097982641	44	0.0007032905651440501	335	0.0007147181585938728	107	0.0007054180904682021	44
8930	0.0008484753235738151	330	0.0009434030600948568	107	0.0009224355706033346	49	0.0007337030802778034	330	0.0010358196909152364	107	0.0007344769257165953	49	0.0005340112513267256	330	0.0006401074482813723	107	0.0003928110530414431	49	0.0011256296701615037	330	0.0009588466073681297	107	0.0012211176145398368	49
8940	0.0007737508523445941	335	0.0008440216570224111	107	0.0007747769645348103	44	0.0007638797253838765	335	0.0010199601321305976	107	0.0005865083673941917	44	0.0005055143608017206	335	0.0005953040362346271	107	0.0005296916842924204	44	0.0008286189564947335	335	0.0009712227255394549	107	0.0009043943989377434	44
8950	0.0010552124890243545	335	0.0010097565165907221	107	0.0010140988003012987	44	0.0008023362998206694	335	0.001081793571245946	107	0.0006009316047038015	44	0.0005761275275120943	335	0.0007271566857770456	107	0.0006257900108092821	44	0.0008086422217993809	335	0.000839831034043026	107	0.000949312653834739	44
8960	0.0009482452696367958	331	0.0009871780528396908	106	0.0008413649318901367	49	0.0007234503249634597	331	0.001042003160170836	106	0.0008940456181505457	49	0.0005019738469355397	331	0.0005701380912818911	106	0.0004567087101104553	49	0.0008846335629443127	331	0.0008653499152034202	106	0.0006022061737990006	49
8970	0.0009982484410018628	337	0.0009909273214271607	107	0.0009974149986288598	42	0.0007596638516436834	337	0.0009811571638707987	107	0.0007238070185487591	42	0.000549240150500281	337	0.0006094647077244572	107	0.0006122290344737512	42	0.0008913853260452078	337	0.0009377959846545965	107	0.001014290667737187	42
8980	0.0010952016906815515	339	0.0010958826822504745	107	0.0009695506189446694	40	0.000800659264431956	339	0.0010088257248300888	107	0.0006632565296717973	40	0.0004562247741591338	339	0.0004842994004540977	107	0.00040975704807841485	40	0.0007439899530066494	339	0.0007482176101062261	107	0.000710028546590788	40
8990	0.0007643771334648687	339	0.0007622812828901571	107	0.0008333015832218661	40	0.0005934788933085415	339	0.000995229502865107	107	0.0005797090504615629	40	0.0003983445143526336	339	0.000711743802293051	107	0.00036908503677977606	40	0.0007978229750695139	339	0.0009552615630216075	107	0.0008837921065518613	40
9000	0.0010966217949855833	332	0.001122876276503899	107	0.0009857401386448787	47	0.0006823012286150269	332	0.0010122414978653493	107	0.000656208119079346	47	0.0005485368589127332	332	0.0005183413621529837	107	0.0006274955946235954	47	0.0007737950618167813	332	0.0009821273650807898	107	0.00081594741696814	47
9010	0.0008321192341330025	334	0.0009881742520186337	107	0.000919629935673531	45	0.0006580081279933591	334	0.0009653755215053501	107	0.000594682767005732	45	0.00046217540529285727	334	0.0005778699956873694	107	0.0004678894713968442	45	0.0010496256844295248	334	0.0007921348579975792	107	0.0008110866023915022	45
9020	0.0009214007698335921	325	0.0009013191051770858	107	0.0009344889691128706	54	0.0008001570909234571	325	0.0010619555486726141	107	0.0008380270075960546	54	0.0004881959807288564	325	0.0006240801580943177	107	0.0004767616328825367	54	0.0012390336232723348	325	0.0007379280154081591	107	0.0008799443470105013	54
9030	0.001059944189212599	335	0.001172504311665663	107	0.0010257008667536606	44	0.0007418195239203279	335	0.0011702136478255571	107	0.0007895456987157573	44	0.00044970793140005196	335	0.0004909181890505739	107	0.0004605537521262612	44	0.0009566067727978061	335	0.0010187399422269437	107	0.0010573115968571405	44
9040	0.0009062799253298073	337	0.0009415579583472208	107	0.001071207824288846	42	0.0007449887813750527	337	0.0010309459977503519	107	0.0007420264873325186	42	0.0005587230163906292	337	0.0006917752856557343	107	0.0006798002947386722	42	0.0008495017153399356	337	0.0006273852304562611	107	0.0011530271812083212	42
9050	0.0008512217077166193	336	0.000902365054310935	107	0.000778622905809282	43	0.0006757574631955397	336	0.0010526666708729861	107	0.000634589563764689	43	0.0004047520556954606	336	0.0005768499125173839	107	0.00038554281439086047	43	0.0009177739524919198	336	0.000738934775441237	107	0.0010224679551741325	43
9060	0.0009515086223239187	333	0.0009590156533383432	107	0.0009781437073463877	46	0.0007299246163163499	333	0.0010669368151457197	107	0.0005687963680608638	46	0.0005392689910076437	333	0.0006652598712429042	107	0.0004976981184437865	46	0.001034216510922113	333	0.0011247363528202707	107	0.0007329178158149359	46
9070	0.0007121561350953219	340	0.0007671942517788686	107	0.0006657928673560031	39	0.0006549995185982601	340	0.0010025635764771175	107	0.0007833237747918748	39	0.0005204533953275591	340	0.0005931573660636285	107	0.0006504046168852882	39	0.001090658891192076	340	0.0009868892979649699	107	0.0010144949436641764	39
9080	0.0008515452341460502	338	0.00093315535185618	107	0.0008717667365495991	41	0.0006383560327309784	338	0.0008024285418209146	107	0.0006960429271578122	41	0.0003880433019323933	338	0.0005233065763656052	107	0.00048301832149885503	41	0.0007975646961829086	338	0.0008236204761379445	107	0.0011079312155822718	41
9090	0.00091838862104389	336	0.001001086633921612	107	0.0008040573347701739	43	0.000748503525542931	336	0.0010217361908868663	107	0.000741626884905107	43	0.00046801864959537625	336	0.000618405630815616	107	0.00040756637108405166	43	0.0008276801664373744	336	0.0007631742677272859	107	0.0008335232510838532	43
9100	0.0008700349657650917	335	0.0008188379564481862	107	0.0007993032625585779	44	0.0006439524950704828	335	0.000894002583481229	107	0.0006468217454758441	44	0.0004460900838443617	335	0.0005487545610205434	107	0.0005577946180246105	44	0.0007695306240740611	335	0.0007938533039105812	107	0.0009680958857827347	44
9110	0.0008743471056648348	342	0.0008707394333168585	107	0.0007799534384388871	37	0.0007102410260074851	342	0.0009584531615956663	107	0.0006208873436768739	37	0.0004628055498476803	342	0.000638008544439904	107	0.00040704076375241744	37	0.0014307722756004943	342	0.0009326754670454492	107	0.0009852638261771617	37
9120	0.000917939640739565	335	0.000938358596786599	107	0.0009189043977319951	44	0.0007277882007203933	335	0.0009459766255434497	107	0.0007138751415592418	44	0.0004493789796941417	335	0.0006424539238228539	107	0.00039064969620994616	44	0.0010380613289505283	335	0.0010537135733295433	107	0.0013055175072985903	44
9130	0.0008449720985478054	338	0.0008371813128632686	107	0.0008764732415111497	41	0.0007902716728965802	338	0.0009195898976140372	107	0.000832984429627655	41	0.0005567421850217667	338	0.0007167665137843354	107	0.0005761849054932141	41	0.0011648166379869213	338	0.0012932887701905867	107	0.001138273451988936	41
9140	0.0008154983036334357	329	0.0008336989334775885	107	0.0008368598851276651	50	0.0007022127234599337	329	0.0009674962768687676	107	0.0008854274077003554	50	0.000504839790168843	329	0.0006722469587234386	107	0.0004825831252571897	50	0.000852712710317884	329	0.0007903155383410453	107	0.0008244352196388954	50
9150	0.0010715737636570587	343	0.0011252480001465442	107	0.0010661753571232979	36	0.000736324263896049	343	0.0009626123673216685	107	0.0006144248218399622	36	0.0005008903732235843	343	0.0006882562152668891	107	0.0004403532251322055	36	0.0010427020833290702	343	0.0012043212991036175	107	0.0012332072669224087	36
9160	0.0008844832107853133	330	0.000886176703626607	107	0.0008873315037217174	49	0.0007060951202817869	330	0.0008645592030138123	107	0.0005815155256941863	49	0.00046351607813779373	330	0.0006131640245954757	107	0.0004567816433652944	49	0.000956121518240021	330	0.0008813671149845429	107	0.0010436982551212495	49
9170	0.0009457018157694438	333	0.0010583476327205223	107	0.0009674308047830781	46	0.0007149821866602111	333	0.0011098719354550894	107	0.0009755839510421413	46	0.0006078851656385459	333	0.0006291080972296191	107	0.0006977988370523144	46	0.0010687409461107781	333	0.0010775364553860798	107	0.0010452087200889543	46
9180	0.0008551856345422743	333	0.0009302203055397884	106	0.0007642765386241571	47	0.0006824253949714056	333	0.0009403552452499127	106	0.0006487366896885689	47	0.0005709750063982375	333	0.0007180074714184883	106	0.0007517130314958455	47	0.0009025700741784256	333	0.0008421468528604755	106	0.0007898962711841984	47
9190	0.0010470057945562688	337	0.0009649307073887318	107	0.0010285240518555403	42	0.0006688027641553605	337	0.0011253476411183082	107	0.0007357744155679668	42	0.000482523122637754	337	0.0006970612505851792	107	0.0004153441497104547	42	0.00103512200406578	337	0.0009496979891731008	107	0.000967829288108828	42
9200	0.000572147217609815	328	0.000806556783502173	107	0.000623811558121645	51	0.0007768143937966385	328	0.0010675959855487261	107	0.0006813502783327746	51	0.0005128688206646668	328	0.001004863097163241	107	0.0004918532210985157	51	0.0010157689642604005	328	0.0010838233331912641	107	0.0008849755964204702	51
9210	0.0007517875248413241	332	0.0008394636235332902	107	0.0007765897935730818	47	0.0007324472967818818	332	0.0008025973908837572	107	0.0006930854266924623	47	0.0005297422129609452	332	0.0009009741012971351	107	0.000488547285070182	47	0.0010984383991852545	332	0.0011746739739518014	107	0.0013223035701385416	47
9220	0.0008648969840491769	333	0.0009540458701057533	107	0.0008773714926090741	46	0.0007091156208780386	333	0.0009514693883034499	107	0.000637038514609453	46	0.000551237001443418	333	0.0005752231626530153	107	0.0004646955747088693	46	0.0008986788820250641	333	0.0011758489228864675	107	0.0008434054032462328	46
9230	0.0010804945827285846	333	0.00102107984164449	107	0.0009620060114468207	46	0.000683989462403175	333	0.0008960471187821458	107	0.0007788415870748378	46	0.00044678961994776387	333	0.000647955640634662	107	0.000517224445231241	46	0.0008921865864555523	333	0.001072385623720005	107	0.0007008794332358194	46
9240	0.000980149058150646	332	0.0009662823486718823	107	0.0009813127995012881	47	0.0008159477775454172	332	0.001046985518197273	107	0.0008990717251124735	47	0.0006131473649058051	332	0.0007085920835391159	107	0.000565249890390385	47	0.0012724840707851418	332	0.0012288588162962684	107	0.0004748528615288512	47
9250	0.0008993418454919026	328	0.0009096851675151845	107	0.0007518100627700214	51	0.0006565934274464668	328	0.0009295125918147035	107	0.0007454570535200449	51	0.0004865039930280295	328	0.0006088458099586281	107	0.00047033522757028	51	0.0010790228004839563	328	0.0013491369819215076	107	0.001230102088055023	51
9260	0.0007724644269394458	337	0.0008155144712867006	107	0.0008539346547767121	42	0.000697153630035731	337	0.000959623016203164	107	0.0008366460833311014	42	0.0005007839146296377	337	0.0006255914702217928	107	0.0004096016189090794	42	0.0009180224418519638	337	0.0009134532535791232	107	0.0008210224182973669	42
9270	0.0006435612555556276	335	0.0006334291136797834	107	0.0006400203505717559	44	0.0006493983615173556	335	0.0008519095003808888	107	0.000600596172454992	44	0.0004587846207020824	335	0.0006525051722508404	107	0.00043728297574601853	44	0.001144462758356725	335	0.0010264371597134695	107	0.0016122464013696941	44
9280	0.000977512944735437	334	0.0010768966842740263	107	0.0011001584557413162	45	0.0007364986600871006	334	0.0009728131366069774	107	0.0006963170385123388	45	0.00047299925224157874	334	0.000497261982048661	107	0.00041724762852184805	45	0.0011369424210756602	334	0.0010541289481815549	107	0.0010358130202862306	45
9290	0.0008862275873882603	330	0.000979191589712332	107	0.0009116374654730284	49	0.000742777352204587	330	0.001002688260122384	107	0.0007217494234779719	49	0.0004822039773848054	330	0.0006248329860974135	107	0.000702801253790814	49	0.0010966762757019465	330	0.0007780245751569904	107	0.0008517647303191735	49
9300	0.0008817789401278759	331	0.0009400527900105982	107	0.0008151262016899793	48	0.0008026731461228124	331	0.0009486076908116282	107	0.0008553095337487314	48	0.0005100451573258468	331	0.0006885845444988011	107	0.0004315037808786408	48	0.0008666167888837579	331	0.0008686976949230414	107	0.0009475054400748755	48
9310	0.0009017525076988237	325	0.0008911361924974656	107	0.0008451970505745757	54	0.0008065879271980742	325	0.000972974167928357	107	0.0006794063899056989	54	0.0004638914598066531	325	0.0006264162913968611	107	0.000436006828834424	54	0.0009843387560374852	325	0.0012279369103061113	107	0.0013657350085405308	54
9320	0.0009169977141883877	335	0.0008670801900579343	106	0.0008765298294277679	45	0.0008143836876286212	335	0.0011957432265583142	106	0.00075437773719257	45	0.0005122623889088242	335	0.0006828411344459619	106	0.00046488248130702674	45	0.001411358507439031	335	0.0005257614120403599	106	0.0009228672036357411	45
9330	0.0009924401903457546	333	0.0009767868352177332	107	0.0009734052069903896	46	0.0006879881186462869	333	0.0009637476490466539	107	0.0007090947146398869	46	0.00043528517124931686	333	0.0006544218181201836	107	0.0005210667582163599	46	0.0009300232921287605	333	0.001022216256297885	107	0.0010176312081960786	46
9340	0.0006586856066060413	330	0.0008874562378024748	107	0.0007662466585181097	49	0.0007169129119785206	330	0.0009101639088539155	107	0.0006778715824564468	49	0.0004945089591923778	330	0.0006241041547558194	107	0.00044695152551787803	49	0.0009195741714036833	330	0.0009160889368391255	107	0.0010469554137828535	49
9350	0.0009328758175541774	338	0.0010733256549569968	107	0.0008941361870080075	41	0.0006958431696295523	338	0.0009187223588028427	107	0.0007024983913582598	41	0.0005385989215320669	338	0.000685490668259662	107	0.0004542164038678378	41	0.0011600501160910928	338	0.0012453127331008707	107	0.0011475876976024717	41
9360	0.0007724064080299268	329	0.0008417170279841809	107	0.0008083944161247572	50	0.0005920114467581913	329	0.0008701325594240234	107	0.0006881654082908194	50	0.00042208763212633524	329	0.0005340944253262992	107	0.00045992577950143505	50	0.000869864687121623	329	0.0006307760817240703	107	0.0008284124098681258	50
9370	0.001023769175294956	333	0.0010261650035559297	107	0.000957361950900229	46	0.0007135735943354086	333	0.0009946776472254252	107	0.0007964389917798102	46	0.0005067085627900807	333	0.0006521330134559221	107	0.0004591122495516153	46	0.000732451406870588	333	0.0006594290103315821	107	0.0011622418861770675	46
9380	0.000876515981960574	335	0.0009163169737771312	107	0.0009559661035689549	44	0.0007250406053786325	335	0.0010699971752677717	107	0.0005850231347717544	44	0.0004452149212239889	335	0.0005851823393887721	107	0.00041585925405716574	44	0.000842517608644002	335	0.0011322615040514487	107	0.0012086688094554204	44
9390	0.0009226261675526793	332	0.0009379644828321163	107	0.0009370295869859188	47	0.000681194673760535	332	0.000902601081069754	107	0.0007600430830255071	47	0.0005366081912240717	332	0.0007240349528703167	107	0.0005654235834180634	47	0.0009097573019649724	332	0.0007170854254409745	107	0.0007116622598599341	47
9400	0.0007272431204941532	330	0.0008472592521739172	107	0.0007809791768938183	49	0.000874551075256457	330	0.0010935860618287122	107	0.0008224866471383665	49	0.0004478315312810142	330	0.0006255260397486057	107	0.0004923427129247169	49	0.0013098350141968204	330	0.0010047593044913764	107	0.0016479588118383404	49
9410	0.0008936718776454086	336	0.0009091890607600337	107	0.0009989090596920786	43	0.0008304068000731555	336	0.0008727568279139105	107	0.0007101823515513592	43	0.0005325545836417739	336	0.0006708420098196631	107	0.0007710795999622736	43	0.0009948289118429442	336	0.0009232558878523052	107	0.0011834931053827016	43
9420	0.0009547926763991934	332	0.00097828433690815	107	0.0012224969234665552	47	0.0006076834941047215	332	0.00082448269613487	107	0.0004632162846118941	47	0.00039831702821405737	332	0.0006366518655394159	107	0.00044251086607086093	47	0.0009404247281163784	332	0.0010355416649812752	107	0.0008067931733275517	47
9430	0.0007527396542584061	332	0.0008636618869270506	107	0.0007639309426420973	47	0.0006415413615784146	332	0.0008202455297040778	107	0.0006388399966346625	47	0.0005524555115581625	332	0.0007351751420292845	107	0.0005616666165208167	47	0.0014157388701103	332	0.0009481582264298701	107	0.001084480797841375	47
9440	0.0008585751950707734	341	0.0009795195986997236	107	0.0007694018845244229	38	0.0007858120887601847	341	0.0012005474796220063	107	0.000848194254027595	38	0.00046392993328128176	341	0.0007171640356708029	107	0.0005218000281285373	38	0.0010039524394618148	341	0.001001330005676513	107	0.0009762179707658348	38
9450	0.000843747224704621	337	0.0009425829714793658	107	0.0007799377530059569	42	0.0006921286105127501	337	0.00086933424017236	107	0.000706451928906725	42	0.00046827753867232876	337	0.0006057149116216122	107	0.0005922718536949432	42	0.0010957378996351253	337	0.0010194388285452234	107	0.0010182281303825185	42
9460	0.0008491350205942333	332	0.0007994687426736653	107	0.000764860016664543	47	0.0007505549497148465	332	0.0009550729182238369	107	0.0007633123793666559	47	0.0005336875772921228	332	0.0006203561231091489	107	0.0005580356589511697	47	0.000728154769051518	332	0.0007327520230825043	107	0.0006812867105208732	47
9470	0.0006793844982598149	335	0.0007895654093199866	107	0.000573065816516243	44	0.0006646504508333656	335	0.0008110510675713288	107	0.0006745153548621784	44	0.0004793125361405468	335	0.0005614084801547341	107	0.00035889773627795967	44	0.0006432442596416559	335	0.0007085275705751615	107	0.0006692606181283845	44
9480	0.0008230735761720207	337	0.0009761287978567058	107	0.0009357490129866902	42	0.0007637846793960233	337	0.001104381437007849	107	0.0008158624192788741	42	0.0004716135037057396	337	0.0005722512736205307	107	0.0004898222853432662	42	0.0012117418932132517	337	0.0013637151215492296	107	0.0010164432388602308	42
9490	0.000849758649952699	330	0.0008476111989234174	107	0.0007523289065769835	49	0.0007462636713508754	330	0.0011030323952185954	107	0.0006261875246841676	49	0.0004680146370865087	330	0.000531547896433284	107	0.00043938767318098	49	0.0007393566671028119	330	0.0008174302906643879	107	0.0007925451249349325	49
9500	0.0010548983095385201	331	0.001077792323363542	107	0.0009413205869464391	48	0.0006223340992934219	331	0.0008762370149303019	107	0.0005889578525786227	48	0.00045512501794968104	331	0.0004861783832144142	107	0.0006069910023627447	48	0.001048862182737481	331	0.0009911805377021692	107	0.0011733218904305708	48
9510	0.0006674501069341565	328	0.0008077958819116534	107	0.0006241287649784728	51	0.0007136451365311858	328	0.0011028833875803717	107	0.0005635306613703488	51	0.00045311048571666877	328	0.0005370492509821567	107	0.0005450569287587252	51	0.0012403487487830682	328	0.0012973818379248868	107	0.001504459373789513	51
9520	0.0006767225886494244	331	0.0008945542693389074	107	0.0007303791036971214	48	0.000567839018742595	331	0.0008963933878019335	107	0.0004948305125611699	48	0.0004081336634590045	331	0.0004914614152557949	107	0.0004142119629852328	48	0.0007106571540853691	331	0.0006544850187503734	107	0.0008065841700779655	48
9530	0.0006667555072086379	334	0.0008273484117356372	107	0.0007404587361469755	45	0.0005909203571890234	334	0.0008054243188999666	107	0.0006379694884527284	45	0.0004097781110963617	334	0.0005519951287542296	107	0.00033918383871201396	45	0.0006065408979697803	334	0.0009505622454580033	107	0.00035030384128361796	45
9540	0.000915407353287059	336	0.0010368326789992326	107	0.0009213695136230595	43	0.0005986019690582647	336	0.0009385585493429715	107	0.0005827184132955102	43	0.0004007007526341627	336	0.0005917946164501054	107	0.00047431104982621015	43	0.0009651013376381237	336	0.0010241041191774774	107	0.0008929862712929135	43
9550	0.0008001107855582924	335	0.0009475909329143188	107	0.0007487924484182562	44	0.0007518471006932116	335	0.0009826495776828997	107	0.0008058242074854414	44	0.0004504503364068461	335	0.0005554594812298308	107	0.00046161763262975733	44	0.0009556059007308216	335	0.0008606523296569028	107	0.0012595361208860264	44
9560	0.00089640071227463	325	0.0011337959451541146	107	0.0008563927203027034	54	0.000678595972862849	325	0.000926537795885429	107	0.0007424834412394815	54	0.00046477722116419995	325	0.0005012289300781129	107	0.000506410634091007	54	0.0009020650958756025	325	0.0010022619936426937	107	0.0007804190621502424	54
9570	0.0007018384487105667	335	0.0007432255768874439	107	0.0006889167146756817	44	0.0007325841972509915	335	0.0009736951871129725	107	0.0007296469822239484	44	0.00036213607582030093	335	0.0004914853594960382	107	0.00034366683397045103	44	0.0009993025934518988	335	0.00115181930245869	107	0.0010133862635574753	44
9580	0.0008759485066918788	337	0.0008441839695581704	107	0.0008602913103376285	42	0.0006854891119547341	337	0.0008596556994671944	107	0.0007332804795171093	42	0.00047828253841897457	337	0.0006977169641391486	107	0.0005171015098395059	42	0.0012480941088685619	337	0.001173495644369011	107	0.0009543197662352121	42
9590	0.0008608932684353952	325	0.0009114916172205583	107	0.0006978158204052968	54	0.000739445943950999	325	0.000942779722736168	107	0.000766525995443629	54	0.00047775282371197793	325	0.0006721970348514113	107	0.00047271252961598136	54	0.0014343560273414836	325	0.0016717050088074844	107	0.0012246259062763988	54
9600	0.0010215468133774823	327	0.0011326242004741187	107	0.0011156522200751297	52	0.0007252054987494494	327	0.0009252516752558113	107	0.0006487830926005865	52	0.0005177872572283296	327	0.0006142931228360554	107	0.0005162998430999778	52	0.0011210667859679266	327	0.0009247921489643566	107	0.001267710338256917	52
9610	0.000962396253378357	330	0.0010067092774645688	107	0.0009909230778857485	49	0.0006151623989000943	330	0.00090440622323226	107	0.0006145826506101398	49	0.0004573946425277952	330	0.0006091883654545401	107	0.00040414167391854044	49	0.001003299333856653	330	0.0009713031662136381	107	0.0011305187458591588	49
9620	0.0008834292240758676	334	0.0008865948090062328	107	0.0008441354738319884	45	0.0007494674502492255	334	0.0009729947099774653	107	0.0006482827077213701	45	0.0003814994321930922	334	0.0004910099820934676	107	0.0003077891201764639	45	0.0011622437180623287	334	0.001179345486046408	107	0.001436662516341518	45
9630	0.0008284932863978896	330	0.0009637557239326805	107	0.000847831688279531	49	0.0007452230843804543	330	0.0010476580110769123	107	0.0007175391684552391	49	0.00040896402556418146	330	0.0006661866805939039	107	0.0003949476369276188	49	0.0008459995380329066	330	0.0010643023596681913	107	0.0012425917008305515	49
9640	0.0008003602680742468	330	0.0009526980376363931	107	0.0009007381826625259	49	0.0007403100129007026	330	0.0009843074002814144	107	0.0005940973017402036	49	0.00045908927267296367	330	0.000667765770146572	107	0.0004767750063129368	49	0.0009456679260930195	330	0.0010709267303865373	107	0.001163299549025571	49
9650	0.0010211513056448812	331	0.0010933275853963764	107	0.0009439277428910453	48	0.0006383605678590384	331	0.0009638522395556561	107	0.0006169203923062671	48	0.0004000625824234598	331	0.0005910700455992505	107	0.0004797168483890242	48	0.0012367079325802013	331	0.0012310603943522043	107	0.0009569583546900894	48
9660	0.0007515950278319684	329	0.0008998831796610084	107	0.000855933609743533	50	0.0007708648504471716	329	0.0010550122355256865	107	0.000823874424428023	50	0.00039616258837064065	329	0.000619181206758637	107	0.000383440447646196	50	0.0008728525283582225	329	0.0008290884434621725	107	0.00095156485207579	50
9670	0.0008707700347356079	329	0.0008634057580997302	107	0.0009323443417766529	50	0.0007131166136914779	329	0.0010675651217261738	107	0.0007134219110626007	50	0.00045193567635439663	329	0.0005483433658113391	107	0.0004840286636977585	50	0.0011503547265365374	329	0.000989656825119469	107	0.0016973893187875178	50
9680	0.00105268169398889	335	0.0010881189100937307	107	0.0010331025362455269	44	0.0005675509146443234	335	0.001006501664288338	107	0.0007327849382564959	44	0.0005426230379260512	335	0.0006226895531034357	107	0.0004752132875332024	44	0.0008714585384891202	335	0.0007627945368475138	107	0.0007603197468340786	44
9690	0.0009091144268572436	327	0.000919733454546998	107	0.0008916377539287519	52	0.0006923779239497385	327	0.0009300694788282992	107	0.0007305963377114087	52	0.0004287755663209001	327	0.0007428280406046733	107	0.0006534612590818208	52	0.001102139174042898	327	0.001188741744030432	107	0.0010145153160917386	52
9700	0.0009358906393725578	328	0.001010967084242713	107	0.0008480629612619439	51	0.0006124681150651097	328	0.0008982973927467784	107	0.0006462835328264881	51	0.00047759940044642455	328	0.000644686384556175	107	0.000494951116028859	51	0.000674790985929614	328	0.0007560806132145317	107	0.0007389669017532844	51
9710	0.0007372281635303081	333	0.0008414799358204346	107	0.000596253404272465	46	0.0007819895839121458	333	0.0009318861487349834	107	0.0006274268298313351	46	0.0005106019452689241	333	0.0006456589455805713	107	0.00045520675856161906	46	0.0007168783409882401	333	0.0007734111227662942	107	0.0005926200868331748	46
9720	0.0007106707313788587	338	0.0008535861089260427	107	0.0007271160735705136	41	0.0007097172058437621	338	0.000938437328717769	107	0.0007119852985661813	41	0.0004306673874781616	338	0.0004154942705169755	107	0.0005178187516989083	41	0.0008722631494604519	338	0.0011363964112074897	107	0.0008195325592656123	41
9730	0.0007886825809014015	334	0.000848485136424263	107	0.0010291894128671973	45	0.0006087138115796129	334	0.001004626782535865	107	0.0006856968123394494	45	0.00042872244754101535	334	0.0006241500278244814	107	0.0005204100721013739	45	0.00136210114089556	334	0.0012156118418801287	107	0.0012638144905621081	45
9740	0.0008213161073356674	333	0.0008369473781445104	107	0.0008428438161870979	46	0.0007582997458640022	333	0.0009617348932546268	107	0.0007794045353340628	46	0.00047286269512220405	333	0.0007164099472187627	107	0.00047404045515884487	46	0.0008932800391894621	333	0.0009249835648785266	107	0.0010026986473112183	46
9750	0.0008649486816228198	333	0.0009901316952193916	107	0.0008936548246190131	46	0.0007456506895364148	333	0.0010491111716666166	107	0.0008866627867938306	46	0.0004205311589270828	333	0.000589907525571295	107	0.00037961669402975884	46	0.0007551012586145172	333	0.0006684405087808991	107	0.0012447608042996004	46
9760	0.0009054883591928031	326	0.001084647840276319	107	0.0008597709013638927	53	0.0007975734226200473	326	0.0010324772003507021	107	0.0007175211290043679	53	0.0005243954184217917	326	0.0008308699147841405	107	0.0006185415841270351	53	0.000903139971891337	326	0.0009221947488421562	107	0.0008922648902742736	53
9770	0.0010075322544377623	335	0.0010053500792520688	107	0.000886934385514825	44	0.0007927269041370586	335	0.0011684773491997958	107	0.0007668076140638218	44	0.0004599323558341774	335	0.0006236740681143183	107	0.0005710281955115912	44	0.001080374327593011	335	0.0009751160480562087	107	0.0008882580847107403	44
9780	0.0007895944813651421	329	0.0008267560435439255	107	0.000849696805077326	50	0.0005754859503830229	329	0.001013769106693278	107	0.0004861899999956384	50	0.0004448425497053783	329	0.0005645213099754384	107	0.000487006301679434	50	0.0006193616675292041	329	0.0006131875210254935	107	0.0005987007102531168	50
9790	0.0007878753170000404	332	0.0010154066244570075	107	0.0007508182925278783	47	0.0007404645899984718	332	0.0009359736222908134	107	0.0005913238716945463	47	0.00037099754082245184	332	0.0005405498517592112	107	0.00033498384387805615	47	0.000994515755713705	332	0.000748610115955138	107	0.0009552947996131992	47
9800	0.000847466574731408	329	0.0008628110126669095	107	0.0008854331267948693	50	0.0006987337347802858	329	0.000975870880039136	107	0.0007294209162638475	50	0.00048611085023804386	329	0.000650199744097108	107	0.00037204079226467695	50	0.001060620218856135	329	0.001085086001442327	107	0.0010985025917349361	50
9810	0.0009975220926752872	334	0.0009302482421583293	107	0.0008206056602387269	45	0.0006808168596581491	334	0.0009428000617019023	107	0.0005941274363494351	45	0.00041612236262850855	334	0.0005692099300479011	107	0.00037748719815802815	45	0.0009553446280622235	334	0.0011470138702150965	107	0.0008078804475358559	45
9820	0.0007863717990311622	325	0.000790380016416236	107	0.0009643508275072444	54	0.0007371957130125889	325	0.000978765274322977	107	0.0006173440193749186	54	0.000383366029809294	325	0.0005775024647341372	107	0.00037963648467180804	54	0.000692263355714424	325	0.0008184373581808696	107	0.0007270797441030168	54
9830	0.0007983250520843912	328	0.0008801099835984063	107	0.0008580194365691618	51	0.0007215027927508464	328	0.0009785884136995287	107	0.0007248165383696025	51	0.0006108614835188961	328	0.0007189215700130666	107	0.0005447790643214481	51	0.0008546758092390128	328	0.0010404157477362504	107	0.0007700065441471435	51
9840	0.0008015202513425755	336	0.0010738453130414542	107	0.0007563473629765739	43	0.0007891235110594714	336	0.001055361962611586	107	0.0008864657748788575	43	0.0005868709559580403	336	0.0006549485979602224	107	0.0004020502475604508	43	0.0012527209570939158	336	0.0013146644387566242	107	0.0011637575062513096	43
9850	0.0008667940177413773	333	0.001143098545465953	107	0.0009037328277222628	46	0.0008076653836748701	333	0.0010304538696315313	107	0.0007051670260985405	46	0.0004243919177625896	333	0.000650426310036709	107	0.000623501031140073	46	0.0010259913722003822	333	0.0012014759757556243	107	0.0011402026707482984	46
9860	0.0007806864767192607	333	0.0008627014336858944	107	0.0008467296257358789	46	0.0007762990134343679	333	0.0010111354713485804	107	0.0007628790617068798	46	0.0004959938049427646	333	0.0006741057753764558	107	0.0004644722980791962	46	0.000755588350004953	333	0.0007328654426665211	107	0.0008149736621076111	46
9870	0.0010128170465184404	329	0.001108108068817726	107	0.0008753398352319891	50	0.0008190617979000049	329	0.0011356408424121297	107	0.0008402506546381182	50	0.00048691799747918645	329	0.0007152678979141163	107	0.0005174398986974769	50	0.001091106502956742	329	0.0010408433328938447	107	0.001586590759316934	50
9880	0.0008639187387065267	332	0.0009683725595485713	107	0.000810942121007929	47	0.0007545570229509801	332	0.001057272831996181	107	0.0008117487117531116	47	0.0005245800049486458	332	0.0006739358745090422	107	0.0005829539966861728	47	0.0006138463237078787	332	0.0007282859294552627	107	0.00081775789677602	47
9890	0.001070340075986018	336	0.0010715181975473548	106	0.0010979099834043662	44	0.0007529898899143789	336	0.0010221106113169252	106	0.0008128539841938092	44	0.0004967865559401932	336	0.0006748820104728973	106	0.00063040572503809	44	0.0007716070013006381	336	0.0009759879089338817	106	0.0011091511841141283	44
9900	0.001021613638407884	335	0.001044981440664666	107	0.0011657111636351812	44	0.0006583879717350638	335	0.000981474552917203	107	0.0005636501158773712	44	0.0004175637496469098	335	0.0004891869774938058	107	0.0005445626958803519	44	0.0007950848076403148	335	0.0007265285167192401	107	0.0009106766748752131	44
9910	0.0010310987211489635	329	0.0010929983941313558	107	0.0011514452547428634	50	0.0007215007360294923	329	0.0010827401132641485	107	0.0006993653911968378	50	0.00042166269403157483	329	0.0005897936124419513	107	0.0005852907595884141	50	0.0008416356292033792	329	0.0006901164433401667	107	0.000666476185408517	50
9920	0.0007804229927792835	330	0.0007321506228594631	107	0.0009159333696544545	49	0.0005648899671243598	330	0.000824893868223757	107	0.0005790557363774219	49	0.0004279307599700212	330	0.0005676206410236538	107	0.0003482282252889259	49	0.001019582986324669	330	0.000954309551355557	107	0.0010334817577128562	49
9930	0.0006274225759009094	336	0.0007852458005215846	107	0.0007109391385071519	43	0.0006606029878935135	336	0.0008452325322730693	107	0.0009557462820101944	43	0.00041551551749227395	336	0.0005380385761775744	107	0.0004928838265999791	43	0.0008591341632727384	336	0.0007527674583905972	107	0.001335100897872752	43
9940	0.0008452622207473589	324	0.0010998079968873261	107	0.001121720457960206	55	0.0006605799586976068	324	0.001006615171403746	107	0.0006602212311178305	55	0.00047051523794265106	324	0.0006918452591695343	107	0.0004918124936469045	55	0.0011456481215801743	324	0.0015345806111782942	107	0.0017418089323668095	55
9950	0.000760764780135847	330	0.0008284195016087203	107	0.0008134627170373343	49	0.0006509576801480968	330	0.0009513610055285645	107	0.0007405261494103783	49	0.00043103615698190874	330	0.0006154204748218214	107	0.000519964517430384	49	0.0007971075180525885	330	0.0009536551279629966	107	0.0009732871623974297	49
9960	0.0007214469933644175	335	0.0009665110553217619	107	0.0009559886179500557	44	0.0007510596072624846	335	0.000930783328495006	107	0.0008400416613803711	44	0.0005181954272015229	335	0.000651372464365714	107	0.0006157851755754021	44	0.0009084650165155352	335	0.0009211580574205167	107	0.001207015342459823	44
9970	0.0008677069679881669	337	0.0008783503126801629	107	0.0007901243310374384	42	0.0006665932551319002	337	0.0009012164487323252	107	0.0007480374885308496	42	0.0004633898009769432	337	0.0006768254567357892	107	0.0004888667724895427	42	0.0009787756931392715	337	0.0009292296908282324	107	0.0011635828876901276	42
9980	0.0007238742448726609	337	0.0007740813993577917	107	0.0006554513617722296	42	0.0006787983494339411	337	0.0010823255572929534	107	0.0006565694676834321	42	0.0004754358279246519	337	0.000634427282663738	107	0.0005115545466044371	42	0.0011450970443264792	337	0.0010028980138343463	107	0.0009954117239525048	42
9990	0.0009227063857608951	332	0.0009046527869398347	107	0.0008918006412901339	47	0.0006994269487915846	332	0.0008672841029126999	107	0.0006068863598315471	47	0.0004664692524135385	332	0.0006025180424488682	107	0.00045297468734635695	47	0.000931011556466058	332	0.000995610982919284	107	0.0012149509940197715	47
10000	0.0008010795376125646	333	0.0007954998942451383	107	0.0007803851242965958	46	0.0006830086309732659	333	0.0010537683661923439	107	0.0006929249245266919	46	0.00044997941621729477	333	0.000550115667477455	107	0.0004268487740000679	46	0.0008498639271624455	333	0.0007430470701975579	107	0.0013163934055554192	46
