FROM,TO,BAYES_FACTOR,POSTERIOR PROBABILITY
Crawford,Delaware,30.209480184879517,0.9639196733605532
Crawford,Human,3.945415741613272,0.777240785490098
